experiment,experiment_version,condition_id,measurement_role,pauli_string,circuit_index,circuit_name,qpy_relpath,qpy_sha256,source_qpy_path,source_export_notebook,source_export_cell,source_export_cell_hash,executed_job_count,expected_shots_aggregate,actual_shots_aggregate
SC8,sc8_2026_03_27_apr16_campaign,0000_000,shared_post_recovery,XXX,0,00_Data_zeromagic_theta_0000_mu_000_bound_XXX_rx000_ry000_rz000_xx000.qpy,data/executed_circuits/SC8/0000_000/00_Data_zeromagic_theta_0000_mu_000_bound_XXX_rx000_ry000_rz000_xx000.qpy,02ab3d3672f99ef9461e86b7d9ad3ceee498faec15032c4fec4f5df561db2b8c,holography-on-ionq/Testing flow/Circuits/Data_batch/Data_0000_000/00_Data_zeromagic_theta_0000_mu_000_bound_XXX_rx000_ry000_rz000_xx000.qpy,happy_ions/reduced_circuit_entropy.ipynb,SC8-C-C078,0403fbb0aaad5c68,11,2100,2100
SC8,sc8_2026_03_27_apr16_campaign,0000_000,shared_post_recovery,XXY,1,01_Data_zeromagic_theta_0000_mu_000_bound_XXY_rx000_ry000_rz000_xx000.qpy,data/executed_circuits/SC8/0000_000/01_Data_zeromagic_theta_0000_mu_000_bound_XXY_rx000_ry000_rz000_xx000.qpy,d0e5f542b2438cd3542408b313b84733c62b904f8b3b6e0be1cbd2c9fa25052f,holography-on-ionq/Testing flow/Circuits/Data_batch/Data_0000_000/01_Data_zeromagic_theta_0000_mu_000_bound_XXY_rx000_ry000_rz000_xx000.qpy,happy_ions/reduced_circuit_entropy.ipynb,SC8-C-C078,0403fbb0aaad5c68,11,2100,2100
SC8,sc8_2026_03_27_apr16_campaign,0000_000,shared_post_recovery,XXZ,2,02_Data_zeromagic_theta_0000_mu_000_bound_XXZ_rx000_ry000_rz000_xx000.qpy,data/executed_circuits/SC8/0000_000/02_Data_zeromagic_theta_0000_mu_000_bound_XXZ_rx000_ry000_rz000_xx000.qpy,3cb78258f2ab33d802aa2d91652709d58c15647af12ebdf7e952bc1c94458306,holography-on-ionq/Testing flow/Circuits/Data_batch/Data_0000_000/02_Data_zeromagic_theta_0000_mu_000_bound_XXZ_rx000_ry000_rz000_xx000.qpy,happy_ions/reduced_circuit_entropy.ipynb,SC8-C-C078,0403fbb0aaad5c68,11,2100,2100
SC8,sc8_2026_03_27_apr16_campaign,0000_000,shared_post_recovery,XYX,3,03_Data_zeromagic_theta_0000_mu_000_bound_XYX_rx000_ry000_rz000_xx000.qpy,data/executed_circuits/SC8/0000_000/03_Data_zeromagic_theta_0000_mu_000_bound_XYX_rx000_ry000_rz000_xx000.qpy,165c15bcc42b7eb0d8a514a53b5827217d84f822e95687d366d194b603a2cb3b,holography-on-ionq/Testing flow/Circuits/Data_batch/Data_0000_000/03_Data_zeromagic_theta_0000_mu_000_bound_XYX_rx000_ry000_rz000_xx000.qpy,happy_ions/reduced_circuit_entropy.ipynb,SC8-C-C078,0403fbb0aaad5c68,11,2100,2100
SC8,sc8_2026_03_27_apr16_campaign,0000_000,shared_post_recovery,XYY,4,04_Data_zeromagic_theta_0000_mu_000_bound_XYY_rx000_ry000_rz000_xx000.qpy,data/executed_circuits/SC8/0000_000/04_Data_zeromagic_theta_0000_mu_000_bound_XYY_rx000_ry000_rz000_xx000.qpy,952e8403d5e44a62bfcebd7c8278351fd17da9fc964d49573b090c8cf6195ed7,holography-on-ionq/Testing flow/Circuits/Data_batch/Data_0000_000/04_Data_zeromagic_theta_0000_mu_000_bound_XYY_rx000_ry000_rz000_xx000.qpy,happy_ions/reduced_circuit_entropy.ipynb,SC8-C-C078,0403fbb0aaad5c68,11,2100,2100
SC8,sc8_2026_03_27_apr16_campaign,0000_000,shared_post_recovery,XYZ,5,05_Data_zeromagic_theta_0000_mu_000_bound_XYZ_rx000_ry000_rz000_xx000.qpy,data/executed_circuits/SC8/0000_000/05_Data_zeromagic_theta_0000_mu_000_bound_XYZ_rx000_ry000_rz000_xx000.qpy,7a6b0a426a49da24a04cd784811342a8e895c64a23cb08b2bf62974adbbce25b,holography-on-ionq/Testing flow/Circuits/Data_batch/Data_0000_000/05_Data_zeromagic_theta_0000_mu_000_bound_XYZ_rx000_ry000_rz000_xx000.qpy,happy_ions/reduced_circuit_entropy.ipynb,SC8-C-C078,0403fbb0aaad5c68,11,2100,2100
SC8,sc8_2026_03_27_apr16_campaign,0000_000,shared_post_recovery,XZX,6,06_Data_zeromagic_theta_0000_mu_000_bound_XZX_rx000_ry000_rz000_xx000.qpy,data/executed_circuits/SC8/0000_000/06_Data_zeromagic_theta_0000_mu_000_bound_XZX_rx000_ry000_rz000_xx000.qpy,f4ca3f66900bec7d5389e21c97c433a7f0f0e3be24678f08d70d14c92cd8086d,holography-on-ionq/Testing flow/Circuits/Data_batch/Data_0000_000/06_Data_zeromagic_theta_0000_mu_000_bound_XZX_rx000_ry000_rz000_xx000.qpy,happy_ions/reduced_circuit_entropy.ipynb,SC8-C-C078,0403fbb0aaad5c68,11,2100,2100
SC8,sc8_2026_03_27_apr16_campaign,0000_000,shared_post_recovery,XZY,7,07_Data_zeromagic_theta_0000_mu_000_bound_XZY_rx000_ry000_rz000_xx000.qpy,data/executed_circuits/SC8/0000_000/07_Data_zeromagic_theta_0000_mu_000_bound_XZY_rx000_ry000_rz000_xx000.qpy,5dce8721cadc488cb903264127796a1783e5f407de419820d4250e6f11340028,holography-on-ionq/Testing flow/Circuits/Data_batch/Data_0000_000/07_Data_zeromagic_theta_0000_mu_000_bound_XZY_rx000_ry000_rz000_xx000.qpy,happy_ions/reduced_circuit_entropy.ipynb,SC8-C-C078,0403fbb0aaad5c68,11,2100,2100
SC8,sc8_2026_03_27_apr16_campaign,0000_000,shared_post_recovery,XZZ,8,08_Data_zeromagic_theta_0000_mu_000_bound_XZZ_rx000_ry000_rz000_xx000.qpy,data/executed_circuits/SC8/0000_000/08_Data_zeromagic_theta_0000_mu_000_bound_XZZ_rx000_ry000_rz000_xx000.qpy,526deeeed574f3957afb73bd53038615b60b8260ba62aa8cd8fda4deaea64ad9,holography-on-ionq/Testing flow/Circuits/Data_batch/Data_0000_000/08_Data_zeromagic_theta_0000_mu_000_bound_XZZ_rx000_ry000_rz000_xx000.qpy,happy_ions/reduced_circuit_entropy.ipynb,SC8-C-C078,0403fbb0aaad5c68,11,2100,2100
SC8,sc8_2026_03_27_apr16_campaign,0000_000,shared_post_recovery,YXX,9,09_Data_zeromagic_theta_0000_mu_000_bound_YXX_rx000_ry000_rz000_xx000.qpy,data/executed_circuits/SC8/0000_000/09_Data_zeromagic_theta_0000_mu_000_bound_YXX_rx000_ry000_rz000_xx000.qpy,11f218137d3d0a0f87644bc34a4ec78ef2ad1cddcf65dad9f8c14031ccbf4720,holography-on-ionq/Testing flow/Circuits/Data_batch/Data_0000_000/09_Data_zeromagic_theta_0000_mu_000_bound_YXX_rx000_ry000_rz000_xx000.qpy,happy_ions/reduced_circuit_entropy.ipynb,SC8-C-C078,0403fbb0aaad5c68,11,2100,2100
SC8,sc8_2026_03_27_apr16_campaign,0000_000,shared_post_recovery,YXY,10,10_Data_zeromagic_theta_0000_mu_000_bound_YXY_rx000_ry000_rz000_xx000.qpy,data/executed_circuits/SC8/0000_000/10_Data_zeromagic_theta_0000_mu_000_bound_YXY_rx000_ry000_rz000_xx000.qpy,c36ecf1a0c57071df18845749f41e7520748b02d87d3662988fe9a5b7a0835c4,holography-on-ionq/Testing flow/Circuits/Data_batch/Data_0000_000/10_Data_zeromagic_theta_0000_mu_000_bound_YXY_rx000_ry000_rz000_xx000.qpy,happy_ions/reduced_circuit_entropy.ipynb,SC8-C-C078,0403fbb0aaad5c68,11,2100,2100
SC8,sc8_2026_03_27_apr16_campaign,0000_000,shared_post_recovery,YXZ,11,11_Data_zeromagic_theta_0000_mu_000_bound_YXZ_rx000_ry000_rz000_xx000.qpy,data/executed_circuits/SC8/0000_000/11_Data_zeromagic_theta_0000_mu_000_bound_YXZ_rx000_ry000_rz000_xx000.qpy,6fd3834e19ed2a0d97528d3c3e1bd4b43ad5e8f34ccf63a080886534d9e460bb,holography-on-ionq/Testing flow/Circuits/Data_batch/Data_0000_000/11_Data_zeromagic_theta_0000_mu_000_bound_YXZ_rx000_ry000_rz000_xx000.qpy,happy_ions/reduced_circuit_entropy.ipynb,SC8-C-C078,0403fbb0aaad5c68,11,2100,2100
SC8,sc8_2026_03_27_apr16_campaign,0000_000,shared_post_recovery,YYX,12,12_Data_zeromagic_theta_0000_mu_000_bound_YYX_rx000_ry000_rz000_xx000.qpy,data/executed_circuits/SC8/0000_000/12_Data_zeromagic_theta_0000_mu_000_bound_YYX_rx000_ry000_rz000_xx000.qpy,df358614cecd8a166e32d8fd3de5c48340c27b545baaf92235e3b3a39b7ae906,holography-on-ionq/Testing flow/Circuits/Data_batch/Data_0000_000/12_Data_zeromagic_theta_0000_mu_000_bound_YYX_rx000_ry000_rz000_xx000.qpy,happy_ions/reduced_circuit_entropy.ipynb,SC8-C-C078,0403fbb0aaad5c68,11,2100,2100
SC8,sc8_2026_03_27_apr16_campaign,0000_000,shared_post_recovery,YYY,13,13_Data_zeromagic_theta_0000_mu_000_bound_YYY_rx000_ry000_rz000_xx000.qpy,data/executed_circuits/SC8/0000_000/13_Data_zeromagic_theta_0000_mu_000_bound_YYY_rx000_ry000_rz000_xx000.qpy,49ee7be1fd13cd8a6040f2adf04e3bb5cacaaa66915cdcfa1ba692498eac01e0,holography-on-ionq/Testing flow/Circuits/Data_batch/Data_0000_000/13_Data_zeromagic_theta_0000_mu_000_bound_YYY_rx000_ry000_rz000_xx000.qpy,happy_ions/reduced_circuit_entropy.ipynb,SC8-C-C078,0403fbb0aaad5c68,11,2100,2100
SC8,sc8_2026_03_27_apr16_campaign,0000_000,shared_post_recovery,YYZ,14,14_Data_zeromagic_theta_0000_mu_000_bound_YYZ_rx000_ry000_rz000_xx000.qpy,data/executed_circuits/SC8/0000_000/14_Data_zeromagic_theta_0000_mu_000_bound_YYZ_rx000_ry000_rz000_xx000.qpy,c3d9235de7730dc7c5d58232b5ca99b5a7ccc4501890fb6e80d725fb7abd90c5,holography-on-ionq/Testing flow/Circuits/Data_batch/Data_0000_000/14_Data_zeromagic_theta_0000_mu_000_bound_YYZ_rx000_ry000_rz000_xx000.qpy,happy_ions/reduced_circuit_entropy.ipynb,SC8-C-C078,0403fbb0aaad5c68,11,2100,2100
SC8,sc8_2026_03_27_apr16_campaign,0000_000,shared_post_recovery,YZX,15,15_Data_zeromagic_theta_0000_mu_000_bound_YZX_rx000_ry000_rz000_xx000.qpy,data/executed_circuits/SC8/0000_000/15_Data_zeromagic_theta_0000_mu_000_bound_YZX_rx000_ry000_rz000_xx000.qpy,eed02aea87d7580b2d9eba22b84ed13afac4653ed0927142cd4bb2bfe741265c,holography-on-ionq/Testing flow/Circuits/Data_batch/Data_0000_000/15_Data_zeromagic_theta_0000_mu_000_bound_YZX_rx000_ry000_rz000_xx000.qpy,happy_ions/reduced_circuit_entropy.ipynb,SC8-C-C078,0403fbb0aaad5c68,11,2100,2100
SC8,sc8_2026_03_27_apr16_campaign,0000_000,shared_post_recovery,YZY,16,16_Data_zeromagic_theta_0000_mu_000_bound_YZY_rx000_ry000_rz000_xx000.qpy,data/executed_circuits/SC8/0000_000/16_Data_zeromagic_theta_0000_mu_000_bound_YZY_rx000_ry000_rz000_xx000.qpy,c0613cd0d72def29d3553022403ac893de844b0ded64f8f0bb0976008e90e64d,holography-on-ionq/Testing flow/Circuits/Data_batch/Data_0000_000/16_Data_zeromagic_theta_0000_mu_000_bound_YZY_rx000_ry000_rz000_xx000.qpy,happy_ions/reduced_circuit_entropy.ipynb,SC8-C-C078,0403fbb0aaad5c68,11,2100,2100
SC8,sc8_2026_03_27_apr16_campaign,0000_000,shared_post_recovery,YZZ,17,17_Data_zeromagic_theta_0000_mu_000_bound_YZZ_rx000_ry000_rz000_xx000.qpy,data/executed_circuits/SC8/0000_000/17_Data_zeromagic_theta_0000_mu_000_bound_YZZ_rx000_ry000_rz000_xx000.qpy,9d1af9471162d7658cad21a1742ca331e6d4b089330ac91c165307a48c921e06,holography-on-ionq/Testing flow/Circuits/Data_batch/Data_0000_000/17_Data_zeromagic_theta_0000_mu_000_bound_YZZ_rx000_ry000_rz000_xx000.qpy,happy_ions/reduced_circuit_entropy.ipynb,SC8-C-C078,0403fbb0aaad5c68,11,2100,2100
SC8,sc8_2026_03_27_apr16_campaign,0000_000,shared_post_recovery,ZXX,18,18_Data_zeromagic_theta_0000_mu_000_bound_ZXX_rx000_ry000_rz000_xx000.qpy,data/executed_circuits/SC8/0000_000/18_Data_zeromagic_theta_0000_mu_000_bound_ZXX_rx000_ry000_rz000_xx000.qpy,8e8eb958b109653ea7c412ede0595dd37156d7dafdd09247151d42ad1dde1168,holography-on-ionq/Testing flow/Circuits/Data_batch/Data_0000_000/18_Data_zeromagic_theta_0000_mu_000_bound_ZXX_rx000_ry000_rz000_xx000.qpy,happy_ions/reduced_circuit_entropy.ipynb,SC8-C-C078,0403fbb0aaad5c68,11,2100,2100
SC8,sc8_2026_03_27_apr16_campaign,0000_000,shared_post_recovery,ZXY,19,19_Data_zeromagic_theta_0000_mu_000_bound_ZXY_rx000_ry000_rz000_xx000.qpy,data/executed_circuits/SC8/0000_000/19_Data_zeromagic_theta_0000_mu_000_bound_ZXY_rx000_ry000_rz000_xx000.qpy,d4494a238b09334c6c76e111caeac2048f828061e1304c148d7c297a134d0760,holography-on-ionq/Testing flow/Circuits/Data_batch/Data_0000_000/19_Data_zeromagic_theta_0000_mu_000_bound_ZXY_rx000_ry000_rz000_xx000.qpy,happy_ions/reduced_circuit_entropy.ipynb,SC8-C-C078,0403fbb0aaad5c68,11,2100,2100
SC8,sc8_2026_03_27_apr16_campaign,0000_000,shared_post_recovery,ZXZ,20,20_Data_zeromagic_theta_0000_mu_000_bound_ZXZ_rx000_ry000_rz000_xx000.qpy,data/executed_circuits/SC8/0000_000/20_Data_zeromagic_theta_0000_mu_000_bound_ZXZ_rx000_ry000_rz000_xx000.qpy,ffa6029220f6a73b3e8df93081adf99c02e32d32eb5144777dda9c96d6c9a27e,holography-on-ionq/Testing flow/Circuits/Data_batch/Data_0000_000/20_Data_zeromagic_theta_0000_mu_000_bound_ZXZ_rx000_ry000_rz000_xx000.qpy,happy_ions/reduced_circuit_entropy.ipynb,SC8-C-C078,0403fbb0aaad5c68,11,2100,2100
SC8,sc8_2026_03_27_apr16_campaign,0000_000,shared_post_recovery,ZYX,21,21_Data_zeromagic_theta_0000_mu_000_bound_ZYX_rx000_ry000_rz000_xx000.qpy,data/executed_circuits/SC8/0000_000/21_Data_zeromagic_theta_0000_mu_000_bound_ZYX_rx000_ry000_rz000_xx000.qpy,064544fd213e18d574d4ebe4e80ccc316375f2aa7e099e576f9ca2fabf1cc80b,holography-on-ionq/Testing flow/Circuits/Data_batch/Data_0000_000/21_Data_zeromagic_theta_0000_mu_000_bound_ZYX_rx000_ry000_rz000_xx000.qpy,happy_ions/reduced_circuit_entropy.ipynb,SC8-C-C078,0403fbb0aaad5c68,11,2100,2100
SC8,sc8_2026_03_27_apr16_campaign,0000_000,shared_post_recovery,ZYY,22,22_Data_zeromagic_theta_0000_mu_000_bound_ZYY_rx000_ry000_rz000_xx000.qpy,data/executed_circuits/SC8/0000_000/22_Data_zeromagic_theta_0000_mu_000_bound_ZYY_rx000_ry000_rz000_xx000.qpy,9266a5586c857b40a778905e6de19365b9ec748c3cac1697a37133c29b178f7e,holography-on-ionq/Testing flow/Circuits/Data_batch/Data_0000_000/22_Data_zeromagic_theta_0000_mu_000_bound_ZYY_rx000_ry000_rz000_xx000.qpy,happy_ions/reduced_circuit_entropy.ipynb,SC8-C-C078,0403fbb0aaad5c68,11,2100,2100
SC8,sc8_2026_03_27_apr16_campaign,0000_000,shared_post_recovery,ZYZ,23,23_Data_zeromagic_theta_0000_mu_000_bound_ZYZ_rx000_ry000_rz000_xx000.qpy,data/executed_circuits/SC8/0000_000/23_Data_zeromagic_theta_0000_mu_000_bound_ZYZ_rx000_ry000_rz000_xx000.qpy,aec66043bf88cc927401000db9884fc5edeb0248cc44a05ab8658da5a0c83e52,holography-on-ionq/Testing flow/Circuits/Data_batch/Data_0000_000/23_Data_zeromagic_theta_0000_mu_000_bound_ZYZ_rx000_ry000_rz000_xx000.qpy,happy_ions/reduced_circuit_entropy.ipynb,SC8-C-C078,0403fbb0aaad5c68,11,2100,2100
SC8,sc8_2026_03_27_apr16_campaign,0000_000,shared_post_recovery,ZZX,24,24_Data_zeromagic_theta_0000_mu_000_bound_ZZX_rx000_ry000_rz000_xx000.qpy,data/executed_circuits/SC8/0000_000/24_Data_zeromagic_theta_0000_mu_000_bound_ZZX_rx000_ry000_rz000_xx000.qpy,dcfa84045ba8b92308c08a03c16de6231f71e8d47164c5238836b865c68cc615,holography-on-ionq/Testing flow/Circuits/Data_batch/Data_0000_000/24_Data_zeromagic_theta_0000_mu_000_bound_ZZX_rx000_ry000_rz000_xx000.qpy,happy_ions/reduced_circuit_entropy.ipynb,SC8-C-C078,0403fbb0aaad5c68,11,2100,2100
SC8,sc8_2026_03_27_apr16_campaign,0000_000,shared_post_recovery,ZZY,25,25_Data_zeromagic_theta_0000_mu_000_bound_ZZY_rx000_ry000_rz000_xx000.qpy,data/executed_circuits/SC8/0000_000/25_Data_zeromagic_theta_0000_mu_000_bound_ZZY_rx000_ry000_rz000_xx000.qpy,cc599cb5c7724c2f12939eb90d5741651113fb322e9d8ae6448a769ec5591a69,holography-on-ionq/Testing flow/Circuits/Data_batch/Data_0000_000/25_Data_zeromagic_theta_0000_mu_000_bound_ZZY_rx000_ry000_rz000_xx000.qpy,happy_ions/reduced_circuit_entropy.ipynb,SC8-C-C078,0403fbb0aaad5c68,11,2100,2100
SC8,sc8_2026_03_27_apr16_campaign,0000_000,shared_post_recovery,ZZZ,26,26_Data_zeromagic_theta_0000_mu_000_bound_ZZZ_rx000_ry000_rz000_xx000.qpy,data/executed_circuits/SC8/0000_000/26_Data_zeromagic_theta_0000_mu_000_bound_ZZZ_rx000_ry000_rz000_xx000.qpy,7f2bd335c9e5fb1b5e01a53856564a50365fbfeed7b7ee7a169f70e2ac230c21,holography-on-ionq/Testing flow/Circuits/Data_batch/Data_0000_000/26_Data_zeromagic_theta_0000_mu_000_bound_ZZZ_rx000_ry000_rz000_xx000.qpy,happy_ions/reduced_circuit_entropy.ipynb,SC8-C-C078,0403fbb0aaad5c68,11,2100,2100
SC8,sc8_2026_03_27_apr16_campaign,0000_010,shared_post_recovery,XXX,0,00_Data_halfMagic_theta_0000_mu_010_bound_XXX_rx007_ry012_rz007_xx010.qpy,data/executed_circuits/SC8/0000_010/00_Data_halfMagic_theta_0000_mu_010_bound_XXX_rx007_ry012_rz007_xx010.qpy,37f453371d82d3554262a502ff83be3fb0607b80faea505ff9ddba949579f814,holography-on-ionq/Testing flow/Circuits/Data_batch/Data_0000_010/00_Data_halfMagic_theta_0000_mu_010_bound_XXX_rx007_ry012_rz007_xx010.qpy,happy_ions/reduced_circuit_entropy.ipynb,SC8-C-C078,0403fbb0aaad5c68,9,1500,1500
SC8,sc8_2026_03_27_apr16_campaign,0000_010,shared_post_recovery,XXY,1,01_Data_halfMagic_theta_0000_mu_010_bound_XXY_rx007_ry012_rz007_xx010.qpy,data/executed_circuits/SC8/0000_010/01_Data_halfMagic_theta_0000_mu_010_bound_XXY_rx007_ry012_rz007_xx010.qpy,ee3839741f9d2fff537989eec3c569bc17f12250f3f85af0ad6ef37efd99fb54,holography-on-ionq/Testing flow/Circuits/Data_batch/Data_0000_010/01_Data_halfMagic_theta_0000_mu_010_bound_XXY_rx007_ry012_rz007_xx010.qpy,happy_ions/reduced_circuit_entropy.ipynb,SC8-C-C078,0403fbb0aaad5c68,9,1500,1500
SC8,sc8_2026_03_27_apr16_campaign,0000_010,shared_post_recovery,XXZ,2,02_Data_halfMagic_theta_0000_mu_010_bound_XXZ_rx007_ry012_rz007_xx010.qpy,data/executed_circuits/SC8/0000_010/02_Data_halfMagic_theta_0000_mu_010_bound_XXZ_rx007_ry012_rz007_xx010.qpy,c2aa16fa0fc83a1220fda527a2b607dab7444627abfcc88ce0648b6c745ef270,holography-on-ionq/Testing flow/Circuits/Data_batch/Data_0000_010/02_Data_halfMagic_theta_0000_mu_010_bound_XXZ_rx007_ry012_rz007_xx010.qpy,happy_ions/reduced_circuit_entropy.ipynb,SC8-C-C078,0403fbb0aaad5c68,9,1500,1500
SC8,sc8_2026_03_27_apr16_campaign,0000_010,shared_post_recovery,XYX,3,03_Data_halfMagic_theta_0000_mu_010_bound_XYX_rx007_ry012_rz007_xx010.qpy,data/executed_circuits/SC8/0000_010/03_Data_halfMagic_theta_0000_mu_010_bound_XYX_rx007_ry012_rz007_xx010.qpy,c59fa12b96f5465dccba44443c30b77191eba8d0a232a799fc792cb19936a8bb,holography-on-ionq/Testing flow/Circuits/Data_batch/Data_0000_010/03_Data_halfMagic_theta_0000_mu_010_bound_XYX_rx007_ry012_rz007_xx010.qpy,happy_ions/reduced_circuit_entropy.ipynb,SC8-C-C078,0403fbb0aaad5c68,9,1500,1500
SC8,sc8_2026_03_27_apr16_campaign,0000_010,shared_post_recovery,XYY,4,04_Data_halfMagic_theta_0000_mu_010_bound_XYY_rx007_ry012_rz007_xx010.qpy,data/executed_circuits/SC8/0000_010/04_Data_halfMagic_theta_0000_mu_010_bound_XYY_rx007_ry012_rz007_xx010.qpy,735bd3c2e89a194256c7c599186219be12920cd8a7c63c3723aff0ce419fdd3b,holography-on-ionq/Testing flow/Circuits/Data_batch/Data_0000_010/04_Data_halfMagic_theta_0000_mu_010_bound_XYY_rx007_ry012_rz007_xx010.qpy,happy_ions/reduced_circuit_entropy.ipynb,SC8-C-C078,0403fbb0aaad5c68,9,1500,1500
SC8,sc8_2026_03_27_apr16_campaign,0000_010,shared_post_recovery,XYZ,5,05_Data_halfMagic_theta_0000_mu_010_bound_XYZ_rx007_ry012_rz007_xx010.qpy,data/executed_circuits/SC8/0000_010/05_Data_halfMagic_theta_0000_mu_010_bound_XYZ_rx007_ry012_rz007_xx010.qpy,c32e0ef541e982c3c1ce9c96a9613bf62d5c3216dfa3444bd6f5764a53aab2ed,holography-on-ionq/Testing flow/Circuits/Data_batch/Data_0000_010/05_Data_halfMagic_theta_0000_mu_010_bound_XYZ_rx007_ry012_rz007_xx010.qpy,happy_ions/reduced_circuit_entropy.ipynb,SC8-C-C078,0403fbb0aaad5c68,9,1500,1500
SC8,sc8_2026_03_27_apr16_campaign,0000_010,shared_post_recovery,XZX,6,06_Data_halfMagic_theta_0000_mu_010_bound_XZX_rx007_ry012_rz007_xx010.qpy,data/executed_circuits/SC8/0000_010/06_Data_halfMagic_theta_0000_mu_010_bound_XZX_rx007_ry012_rz007_xx010.qpy,63ac5f8ac2636bd47aba86551035b6d6383a66428ba0e3e020077d871008410d,holography-on-ionq/Testing flow/Circuits/Data_batch/Data_0000_010/06_Data_halfMagic_theta_0000_mu_010_bound_XZX_rx007_ry012_rz007_xx010.qpy,happy_ions/reduced_circuit_entropy.ipynb,SC8-C-C078,0403fbb0aaad5c68,9,1500,1500
SC8,sc8_2026_03_27_apr16_campaign,0000_010,shared_post_recovery,XZY,7,07_Data_halfMagic_theta_0000_mu_010_bound_XZY_rx007_ry012_rz007_xx010.qpy,data/executed_circuits/SC8/0000_010/07_Data_halfMagic_theta_0000_mu_010_bound_XZY_rx007_ry012_rz007_xx010.qpy,bbdd5dacdc181a57a4839594d453b744f1425a3a5432abc05c6fe283e349a8e1,holography-on-ionq/Testing flow/Circuits/Data_batch/Data_0000_010/07_Data_halfMagic_theta_0000_mu_010_bound_XZY_rx007_ry012_rz007_xx010.qpy,happy_ions/reduced_circuit_entropy.ipynb,SC8-C-C078,0403fbb0aaad5c68,9,1500,1500
SC8,sc8_2026_03_27_apr16_campaign,0000_010,shared_post_recovery,XZZ,8,08_Data_halfMagic_theta_0000_mu_010_bound_XZZ_rx007_ry012_rz007_xx010.qpy,data/executed_circuits/SC8/0000_010/08_Data_halfMagic_theta_0000_mu_010_bound_XZZ_rx007_ry012_rz007_xx010.qpy,fe16bcb35df5ad298939801f9262d2d41a53eb0bad710dd4085356e9c725d799,holography-on-ionq/Testing flow/Circuits/Data_batch/Data_0000_010/08_Data_halfMagic_theta_0000_mu_010_bound_XZZ_rx007_ry012_rz007_xx010.qpy,happy_ions/reduced_circuit_entropy.ipynb,SC8-C-C078,0403fbb0aaad5c68,9,1500,1500
SC8,sc8_2026_03_27_apr16_campaign,0000_010,shared_post_recovery,YXX,9,09_Data_halfMagic_theta_0000_mu_010_bound_YXX_rx007_ry012_rz007_xx010.qpy,data/executed_circuits/SC8/0000_010/09_Data_halfMagic_theta_0000_mu_010_bound_YXX_rx007_ry012_rz007_xx010.qpy,b2d550c342b53d560bfd534a31c88e14c7e32c1b5fc12a3b2caaf8920bb8a97e,holography-on-ionq/Testing flow/Circuits/Data_batch/Data_0000_010/09_Data_halfMagic_theta_0000_mu_010_bound_YXX_rx007_ry012_rz007_xx010.qpy,happy_ions/reduced_circuit_entropy.ipynb,SC8-C-C078,0403fbb0aaad5c68,9,1500,1500
SC8,sc8_2026_03_27_apr16_campaign,0000_010,shared_post_recovery,YXY,10,10_Data_halfMagic_theta_0000_mu_010_bound_YXY_rx007_ry012_rz007_xx010.qpy,data/executed_circuits/SC8/0000_010/10_Data_halfMagic_theta_0000_mu_010_bound_YXY_rx007_ry012_rz007_xx010.qpy,bea8143ab55718fc3adfef2f53b3c88550d8b4263c1eeee0e68e2a0a2074a180,holography-on-ionq/Testing flow/Circuits/Data_batch/Data_0000_010/10_Data_halfMagic_theta_0000_mu_010_bound_YXY_rx007_ry012_rz007_xx010.qpy,happy_ions/reduced_circuit_entropy.ipynb,SC8-C-C078,0403fbb0aaad5c68,9,1500,1500
SC8,sc8_2026_03_27_apr16_campaign,0000_010,shared_post_recovery,YXZ,11,11_Data_halfMagic_theta_0000_mu_010_bound_YXZ_rx007_ry012_rz007_xx010.qpy,data/executed_circuits/SC8/0000_010/11_Data_halfMagic_theta_0000_mu_010_bound_YXZ_rx007_ry012_rz007_xx010.qpy,4ed197939b1e966f77f2675b3c48fd8bac473bf6e2a34291303d84569aa4b2a0,holography-on-ionq/Testing flow/Circuits/Data_batch/Data_0000_010/11_Data_halfMagic_theta_0000_mu_010_bound_YXZ_rx007_ry012_rz007_xx010.qpy,happy_ions/reduced_circuit_entropy.ipynb,SC8-C-C078,0403fbb0aaad5c68,9,1500,1500
SC8,sc8_2026_03_27_apr16_campaign,0000_010,shared_post_recovery,YYX,12,12_Data_halfMagic_theta_0000_mu_010_bound_YYX_rx007_ry012_rz007_xx010.qpy,data/executed_circuits/SC8/0000_010/12_Data_halfMagic_theta_0000_mu_010_bound_YYX_rx007_ry012_rz007_xx010.qpy,2df9a009efa7e92ce944dfee4ce939a3de898832ddcf7e6dd0d2213887c760cb,holography-on-ionq/Testing flow/Circuits/Data_batch/Data_0000_010/12_Data_halfMagic_theta_0000_mu_010_bound_YYX_rx007_ry012_rz007_xx010.qpy,happy_ions/reduced_circuit_entropy.ipynb,SC8-C-C078,0403fbb0aaad5c68,9,1500,1500
SC8,sc8_2026_03_27_apr16_campaign,0000_010,shared_post_recovery,YYY,13,13_Data_halfMagic_theta_0000_mu_010_bound_YYY_rx007_ry012_rz007_xx010.qpy,data/executed_circuits/SC8/0000_010/13_Data_halfMagic_theta_0000_mu_010_bound_YYY_rx007_ry012_rz007_xx010.qpy,542a4d1432bf42eb05797fbb750e9c22bf4f37a050e2b896718ce9ddc9953cb1,holography-on-ionq/Testing flow/Circuits/Data_batch/Data_0000_010/13_Data_halfMagic_theta_0000_mu_010_bound_YYY_rx007_ry012_rz007_xx010.qpy,happy_ions/reduced_circuit_entropy.ipynb,SC8-C-C078,0403fbb0aaad5c68,9,1500,1500
SC8,sc8_2026_03_27_apr16_campaign,0000_010,shared_post_recovery,YYZ,14,14_Data_halfMagic_theta_0000_mu_010_bound_YYZ_rx007_ry012_rz007_xx010.qpy,data/executed_circuits/SC8/0000_010/14_Data_halfMagic_theta_0000_mu_010_bound_YYZ_rx007_ry012_rz007_xx010.qpy,c59a3c0c095ecdae232cf6e2cb681fd70b868f5683fc4827eed0b15bfe612e72,holography-on-ionq/Testing flow/Circuits/Data_batch/Data_0000_010/14_Data_halfMagic_theta_0000_mu_010_bound_YYZ_rx007_ry012_rz007_xx010.qpy,happy_ions/reduced_circuit_entropy.ipynb,SC8-C-C078,0403fbb0aaad5c68,9,1500,1500
SC8,sc8_2026_03_27_apr16_campaign,0000_010,shared_post_recovery,YZX,15,15_Data_halfMagic_theta_0000_mu_010_bound_YZX_rx007_ry012_rz007_xx010.qpy,data/executed_circuits/SC8/0000_010/15_Data_halfMagic_theta_0000_mu_010_bound_YZX_rx007_ry012_rz007_xx010.qpy,c1baa518a3aa8355bda3718d705836f1f80dc24f76d5dd84738b4891380e8f0c,holography-on-ionq/Testing flow/Circuits/Data_batch/Data_0000_010/15_Data_halfMagic_theta_0000_mu_010_bound_YZX_rx007_ry012_rz007_xx010.qpy,happy_ions/reduced_circuit_entropy.ipynb,SC8-C-C078,0403fbb0aaad5c68,9,1500,1500
SC8,sc8_2026_03_27_apr16_campaign,0000_010,shared_post_recovery,YZY,16,16_Data_halfMagic_theta_0000_mu_010_bound_YZY_rx007_ry012_rz007_xx010.qpy,data/executed_circuits/SC8/0000_010/16_Data_halfMagic_theta_0000_mu_010_bound_YZY_rx007_ry012_rz007_xx010.qpy,8d4ee64c30071a5d6009aca6dcf956c01e4b228477a1e4447c8b60e9d615aa3e,holography-on-ionq/Testing flow/Circuits/Data_batch/Data_0000_010/16_Data_halfMagic_theta_0000_mu_010_bound_YZY_rx007_ry012_rz007_xx010.qpy,happy_ions/reduced_circuit_entropy.ipynb,SC8-C-C078,0403fbb0aaad5c68,9,1500,1500
SC8,sc8_2026_03_27_apr16_campaign,0000_010,shared_post_recovery,YZZ,17,17_Data_halfMagic_theta_0000_mu_010_bound_YZZ_rx007_ry012_rz007_xx010.qpy,data/executed_circuits/SC8/0000_010/17_Data_halfMagic_theta_0000_mu_010_bound_YZZ_rx007_ry012_rz007_xx010.qpy,c7d08ffd923f03d31a81c9b6f460382de624b47038650f5e85e9148bd1845c36,holography-on-ionq/Testing flow/Circuits/Data_batch/Data_0000_010/17_Data_halfMagic_theta_0000_mu_010_bound_YZZ_rx007_ry012_rz007_xx010.qpy,happy_ions/reduced_circuit_entropy.ipynb,SC8-C-C078,0403fbb0aaad5c68,9,1500,1500
SC8,sc8_2026_03_27_apr16_campaign,0000_010,shared_post_recovery,ZXX,18,18_Data_halfMagic_theta_0000_mu_010_bound_ZXX_rx007_ry012_rz007_xx010.qpy,data/executed_circuits/SC8/0000_010/18_Data_halfMagic_theta_0000_mu_010_bound_ZXX_rx007_ry012_rz007_xx010.qpy,b2695c7c21124da0f844edd8aadfd6c2be42668a7b55663accb942b61bfce0b8,holography-on-ionq/Testing flow/Circuits/Data_batch/Data_0000_010/18_Data_halfMagic_theta_0000_mu_010_bound_ZXX_rx007_ry012_rz007_xx010.qpy,happy_ions/reduced_circuit_entropy.ipynb,SC8-C-C078,0403fbb0aaad5c68,9,1500,1500
SC8,sc8_2026_03_27_apr16_campaign,0000_010,shared_post_recovery,ZXY,19,19_Data_halfMagic_theta_0000_mu_010_bound_ZXY_rx007_ry012_rz007_xx010.qpy,data/executed_circuits/SC8/0000_010/19_Data_halfMagic_theta_0000_mu_010_bound_ZXY_rx007_ry012_rz007_xx010.qpy,33565442f2bde454944949ab0975458e8296cb42f682da87a0abcf770997846f,holography-on-ionq/Testing flow/Circuits/Data_batch/Data_0000_010/19_Data_halfMagic_theta_0000_mu_010_bound_ZXY_rx007_ry012_rz007_xx010.qpy,happy_ions/reduced_circuit_entropy.ipynb,SC8-C-C078,0403fbb0aaad5c68,9,1500,1500
SC8,sc8_2026_03_27_apr16_campaign,0000_010,shared_post_recovery,ZXZ,20,20_Data_halfMagic_theta_0000_mu_010_bound_ZXZ_rx007_ry012_rz007_xx010.qpy,data/executed_circuits/SC8/0000_010/20_Data_halfMagic_theta_0000_mu_010_bound_ZXZ_rx007_ry012_rz007_xx010.qpy,1ca2dfd2abc7dab108f853b09d06175180f6dca605528f6aad8e5c6b2c322e3c,holography-on-ionq/Testing flow/Circuits/Data_batch/Data_0000_010/20_Data_halfMagic_theta_0000_mu_010_bound_ZXZ_rx007_ry012_rz007_xx010.qpy,happy_ions/reduced_circuit_entropy.ipynb,SC8-C-C078,0403fbb0aaad5c68,9,1500,1500
SC8,sc8_2026_03_27_apr16_campaign,0000_010,shared_post_recovery,ZYX,21,21_Data_halfMagic_theta_0000_mu_010_bound_ZYX_rx007_ry012_rz007_xx010.qpy,data/executed_circuits/SC8/0000_010/21_Data_halfMagic_theta_0000_mu_010_bound_ZYX_rx007_ry012_rz007_xx010.qpy,69aff4ad247a3d4f3cfa633997829f2aa872e03d8fb6ef639ccbfe22fbbeada9,holography-on-ionq/Testing flow/Circuits/Data_batch/Data_0000_010/21_Data_halfMagic_theta_0000_mu_010_bound_ZYX_rx007_ry012_rz007_xx010.qpy,happy_ions/reduced_circuit_entropy.ipynb,SC8-C-C078,0403fbb0aaad5c68,9,1500,1500
SC8,sc8_2026_03_27_apr16_campaign,0000_010,shared_post_recovery,ZYY,22,22_Data_halfMagic_theta_0000_mu_010_bound_ZYY_rx007_ry012_rz007_xx010.qpy,data/executed_circuits/SC8/0000_010/22_Data_halfMagic_theta_0000_mu_010_bound_ZYY_rx007_ry012_rz007_xx010.qpy,4e8f2dd9dba475bace5d3643f7df5c3a1ae16b65c302ae9bd7d6e4d8c392e8cd,holography-on-ionq/Testing flow/Circuits/Data_batch/Data_0000_010/22_Data_halfMagic_theta_0000_mu_010_bound_ZYY_rx007_ry012_rz007_xx010.qpy,happy_ions/reduced_circuit_entropy.ipynb,SC8-C-C078,0403fbb0aaad5c68,9,1500,1500
SC8,sc8_2026_03_27_apr16_campaign,0000_010,shared_post_recovery,ZYZ,23,23_Data_halfMagic_theta_0000_mu_010_bound_ZYZ_rx007_ry012_rz007_xx010.qpy,data/executed_circuits/SC8/0000_010/23_Data_halfMagic_theta_0000_mu_010_bound_ZYZ_rx007_ry012_rz007_xx010.qpy,f17e634a1368dd3871e635377da55133f1ef18602079801324513d53f27cee13,holography-on-ionq/Testing flow/Circuits/Data_batch/Data_0000_010/23_Data_halfMagic_theta_0000_mu_010_bound_ZYZ_rx007_ry012_rz007_xx010.qpy,happy_ions/reduced_circuit_entropy.ipynb,SC8-C-C078,0403fbb0aaad5c68,9,1500,1500
SC8,sc8_2026_03_27_apr16_campaign,0000_010,shared_post_recovery,ZZX,24,24_Data_halfMagic_theta_0000_mu_010_bound_ZZX_rx007_ry012_rz007_xx010.qpy,data/executed_circuits/SC8/0000_010/24_Data_halfMagic_theta_0000_mu_010_bound_ZZX_rx007_ry012_rz007_xx010.qpy,01152e671bbc444dfdbdf975144e5dfb681369d9dc350b1ecf9ff222ee08e5ae,holography-on-ionq/Testing flow/Circuits/Data_batch/Data_0000_010/24_Data_halfMagic_theta_0000_mu_010_bound_ZZX_rx007_ry012_rz007_xx010.qpy,happy_ions/reduced_circuit_entropy.ipynb,SC8-C-C078,0403fbb0aaad5c68,9,1500,1500
SC8,sc8_2026_03_27_apr16_campaign,0000_010,shared_post_recovery,ZZY,25,25_Data_halfMagic_theta_0000_mu_010_bound_ZZY_rx007_ry012_rz007_xx010.qpy,data/executed_circuits/SC8/0000_010/25_Data_halfMagic_theta_0000_mu_010_bound_ZZY_rx007_ry012_rz007_xx010.qpy,24a08db5f9921af81212f17c63797de90169ca90c8aa7691ca4e8b9fe50d931c,holography-on-ionq/Testing flow/Circuits/Data_batch/Data_0000_010/25_Data_halfMagic_theta_0000_mu_010_bound_ZZY_rx007_ry012_rz007_xx010.qpy,happy_ions/reduced_circuit_entropy.ipynb,SC8-C-C078,0403fbb0aaad5c68,9,1500,1500
SC8,sc8_2026_03_27_apr16_campaign,0000_010,shared_post_recovery,ZZZ,26,26_Data_halfMagic_theta_0000_mu_010_bound_ZZZ_rx007_ry012_rz007_xx010.qpy,data/executed_circuits/SC8/0000_010/26_Data_halfMagic_theta_0000_mu_010_bound_ZZZ_rx007_ry012_rz007_xx010.qpy,e6bae1b29a2d8d0dfa2dfc26c836bcad6b757b1d5fd61b396ace834b29d87352,holography-on-ionq/Testing flow/Circuits/Data_batch/Data_0000_010/26_Data_halfMagic_theta_0000_mu_010_bound_ZZZ_rx007_ry012_rz007_xx010.qpy,happy_ions/reduced_circuit_entropy.ipynb,SC8-C-C078,0403fbb0aaad5c68,9,1500,1500
SC8,sc8_2026_03_27_apr16_campaign,0000_020,shared_post_recovery,XXX,0,00_Data_withMagic_theta_0000_mu_020_bound_XXX_rx015_ry025_rz015_xx020.qpy,data/executed_circuits/SC8/0000_020/00_Data_withMagic_theta_0000_mu_020_bound_XXX_rx015_ry025_rz015_xx020.qpy,74840ae82a26d2de2bc429eea4e0822037996efffd2850b5937ae91bb7eabec5,holography-on-ionq/Testing flow/Circuits/Data_batch/Data_0000_020/00_Data_withMagic_theta_0000_mu_020_bound_XXX_rx015_ry025_rz015_xx020.qpy,happy_ions/reduced_circuit_entropy.ipynb,SC8-C-C078,0403fbb0aaad5c68,5,1500,1500
SC8,sc8_2026_03_27_apr16_campaign,0000_020,shared_post_recovery,XXY,1,01_Data_withMagic_theta_0000_mu_020_bound_XXY_rx015_ry025_rz015_xx020.qpy,data/executed_circuits/SC8/0000_020/01_Data_withMagic_theta_0000_mu_020_bound_XXY_rx015_ry025_rz015_xx020.qpy,ab099f29941dedda6947a720e02c0c1b0b168edc0298fde4a9449f2eb287b8a5,holography-on-ionq/Testing flow/Circuits/Data_batch/Data_0000_020/01_Data_withMagic_theta_0000_mu_020_bound_XXY_rx015_ry025_rz015_xx020.qpy,happy_ions/reduced_circuit_entropy.ipynb,SC8-C-C078,0403fbb0aaad5c68,5,1500,1500
SC8,sc8_2026_03_27_apr16_campaign,0000_020,shared_post_recovery,XXZ,2,02_Data_withMagic_theta_0000_mu_020_bound_XXZ_rx015_ry025_rz015_xx020.qpy,data/executed_circuits/SC8/0000_020/02_Data_withMagic_theta_0000_mu_020_bound_XXZ_rx015_ry025_rz015_xx020.qpy,e8387302cb9b5c9f546c145f20f7c2278ca9fd4b5b2a8443daacde00124cbd4f,holography-on-ionq/Testing flow/Circuits/Data_batch/Data_0000_020/02_Data_withMagic_theta_0000_mu_020_bound_XXZ_rx015_ry025_rz015_xx020.qpy,happy_ions/reduced_circuit_entropy.ipynb,SC8-C-C078,0403fbb0aaad5c68,5,1500,1500
SC8,sc8_2026_03_27_apr16_campaign,0000_020,shared_post_recovery,XYX,3,03_Data_withMagic_theta_0000_mu_020_bound_XYX_rx015_ry025_rz015_xx020.qpy,data/executed_circuits/SC8/0000_020/03_Data_withMagic_theta_0000_mu_020_bound_XYX_rx015_ry025_rz015_xx020.qpy,dcbf20c8d23c935c128a3c489edc09390ea16296e6e520fbbaac5277f10b9acc,holography-on-ionq/Testing flow/Circuits/Data_batch/Data_0000_020/03_Data_withMagic_theta_0000_mu_020_bound_XYX_rx015_ry025_rz015_xx020.qpy,happy_ions/reduced_circuit_entropy.ipynb,SC8-C-C078,0403fbb0aaad5c68,5,1500,1500
SC8,sc8_2026_03_27_apr16_campaign,0000_020,shared_post_recovery,XYY,4,04_Data_withMagic_theta_0000_mu_020_bound_XYY_rx015_ry025_rz015_xx020.qpy,data/executed_circuits/SC8/0000_020/04_Data_withMagic_theta_0000_mu_020_bound_XYY_rx015_ry025_rz015_xx020.qpy,fe331c86f346d22ea09946cd9c038ccb8f09caf43764a919f234f2b6b4d76ba4,holography-on-ionq/Testing flow/Circuits/Data_batch/Data_0000_020/04_Data_withMagic_theta_0000_mu_020_bound_XYY_rx015_ry025_rz015_xx020.qpy,happy_ions/reduced_circuit_entropy.ipynb,SC8-C-C078,0403fbb0aaad5c68,5,1500,1500
SC8,sc8_2026_03_27_apr16_campaign,0000_020,shared_post_recovery,XYZ,5,05_Data_withMagic_theta_0000_mu_020_bound_XYZ_rx015_ry025_rz015_xx020.qpy,data/executed_circuits/SC8/0000_020/05_Data_withMagic_theta_0000_mu_020_bound_XYZ_rx015_ry025_rz015_xx020.qpy,c0482d3303c6d4954cb0d89e4ef88374b10f1593a602a74ddfe3ce897d3bd7cd,holography-on-ionq/Testing flow/Circuits/Data_batch/Data_0000_020/05_Data_withMagic_theta_0000_mu_020_bound_XYZ_rx015_ry025_rz015_xx020.qpy,happy_ions/reduced_circuit_entropy.ipynb,SC8-C-C078,0403fbb0aaad5c68,5,1500,1500
SC8,sc8_2026_03_27_apr16_campaign,0000_020,shared_post_recovery,XZX,6,06_Data_withMagic_theta_0000_mu_020_bound_XZX_rx015_ry025_rz015_xx020.qpy,data/executed_circuits/SC8/0000_020/06_Data_withMagic_theta_0000_mu_020_bound_XZX_rx015_ry025_rz015_xx020.qpy,8ec49d0a9bb1731235a00891f643c58ae530c1492a0b9fa38243fb248346b701,holography-on-ionq/Testing flow/Circuits/Data_batch/Data_0000_020/06_Data_withMagic_theta_0000_mu_020_bound_XZX_rx015_ry025_rz015_xx020.qpy,happy_ions/reduced_circuit_entropy.ipynb,SC8-C-C078,0403fbb0aaad5c68,5,1500,1500
SC8,sc8_2026_03_27_apr16_campaign,0000_020,shared_post_recovery,XZY,7,07_Data_withMagic_theta_0000_mu_020_bound_XZY_rx015_ry025_rz015_xx020.qpy,data/executed_circuits/SC8/0000_020/07_Data_withMagic_theta_0000_mu_020_bound_XZY_rx015_ry025_rz015_xx020.qpy,ea8780ee6eccf8ca427273cb07a7817303ab6ea2c9261b7a559143ed10a388ff,holography-on-ionq/Testing flow/Circuits/Data_batch/Data_0000_020/07_Data_withMagic_theta_0000_mu_020_bound_XZY_rx015_ry025_rz015_xx020.qpy,happy_ions/reduced_circuit_entropy.ipynb,SC8-C-C078,0403fbb0aaad5c68,5,1500,1500
SC8,sc8_2026_03_27_apr16_campaign,0000_020,shared_post_recovery,XZZ,8,08_Data_withMagic_theta_0000_mu_020_bound_XZZ_rx015_ry025_rz015_xx020.qpy,data/executed_circuits/SC8/0000_020/08_Data_withMagic_theta_0000_mu_020_bound_XZZ_rx015_ry025_rz015_xx020.qpy,668274a5a3466c28e64ef33e9ee71417e3fbd428a6b9840559ed565f5b0ac590,holography-on-ionq/Testing flow/Circuits/Data_batch/Data_0000_020/08_Data_withMagic_theta_0000_mu_020_bound_XZZ_rx015_ry025_rz015_xx020.qpy,happy_ions/reduced_circuit_entropy.ipynb,SC8-C-C078,0403fbb0aaad5c68,5,1500,1500
SC8,sc8_2026_03_27_apr16_campaign,0000_020,shared_post_recovery,YXX,9,09_Data_withMagic_theta_0000_mu_020_bound_YXX_rx015_ry025_rz015_xx020.qpy,data/executed_circuits/SC8/0000_020/09_Data_withMagic_theta_0000_mu_020_bound_YXX_rx015_ry025_rz015_xx020.qpy,b688935f79f6612cd7ab2a08936d0a6c0de8afff22e5c00a2a639cbd82241ed7,holography-on-ionq/Testing flow/Circuits/Data_batch/Data_0000_020/09_Data_withMagic_theta_0000_mu_020_bound_YXX_rx015_ry025_rz015_xx020.qpy,happy_ions/reduced_circuit_entropy.ipynb,SC8-C-C078,0403fbb0aaad5c68,5,1500,1500
SC8,sc8_2026_03_27_apr16_campaign,0000_020,shared_post_recovery,YXY,10,10_Data_withMagic_theta_0000_mu_020_bound_YXY_rx015_ry025_rz015_xx020.qpy,data/executed_circuits/SC8/0000_020/10_Data_withMagic_theta_0000_mu_020_bound_YXY_rx015_ry025_rz015_xx020.qpy,37119048120f2055343b0a483a3c784b9baaad72b0a22af34a66edb5223db0cc,holography-on-ionq/Testing flow/Circuits/Data_batch/Data_0000_020/10_Data_withMagic_theta_0000_mu_020_bound_YXY_rx015_ry025_rz015_xx020.qpy,happy_ions/reduced_circuit_entropy.ipynb,SC8-C-C078,0403fbb0aaad5c68,5,1500,1500
SC8,sc8_2026_03_27_apr16_campaign,0000_020,shared_post_recovery,YXZ,11,11_Data_withMagic_theta_0000_mu_020_bound_YXZ_rx015_ry025_rz015_xx020.qpy,data/executed_circuits/SC8/0000_020/11_Data_withMagic_theta_0000_mu_020_bound_YXZ_rx015_ry025_rz015_xx020.qpy,9706c4fe14f5a46b82c2b10f6c41fbff7bf72dfee9db80cee77ff573f8001035,holography-on-ionq/Testing flow/Circuits/Data_batch/Data_0000_020/11_Data_withMagic_theta_0000_mu_020_bound_YXZ_rx015_ry025_rz015_xx020.qpy,happy_ions/reduced_circuit_entropy.ipynb,SC8-C-C078,0403fbb0aaad5c68,5,1500,1500
SC8,sc8_2026_03_27_apr16_campaign,0000_020,shared_post_recovery,YYX,12,12_Data_withMagic_theta_0000_mu_020_bound_YYX_rx015_ry025_rz015_xx020.qpy,data/executed_circuits/SC8/0000_020/12_Data_withMagic_theta_0000_mu_020_bound_YYX_rx015_ry025_rz015_xx020.qpy,a3326caabfc90c3b604470af407747fb34a0a0b0b77330d24fa8d6ac10b8a799,holography-on-ionq/Testing flow/Circuits/Data_batch/Data_0000_020/12_Data_withMagic_theta_0000_mu_020_bound_YYX_rx015_ry025_rz015_xx020.qpy,happy_ions/reduced_circuit_entropy.ipynb,SC8-C-C078,0403fbb0aaad5c68,5,1500,1500
SC8,sc8_2026_03_27_apr16_campaign,0000_020,shared_post_recovery,YYY,13,13_Data_withMagic_theta_0000_mu_020_bound_YYY_rx015_ry025_rz015_xx020.qpy,data/executed_circuits/SC8/0000_020/13_Data_withMagic_theta_0000_mu_020_bound_YYY_rx015_ry025_rz015_xx020.qpy,b7699e8dc70196cbdca81c72be85334d1eee23e6b8feb5c6428432ba9d99a862,holography-on-ionq/Testing flow/Circuits/Data_batch/Data_0000_020/13_Data_withMagic_theta_0000_mu_020_bound_YYY_rx015_ry025_rz015_xx020.qpy,happy_ions/reduced_circuit_entropy.ipynb,SC8-C-C078,0403fbb0aaad5c68,5,1500,1500
SC8,sc8_2026_03_27_apr16_campaign,0000_020,shared_post_recovery,YYZ,14,14_Data_withMagic_theta_0000_mu_020_bound_YYZ_rx015_ry025_rz015_xx020.qpy,data/executed_circuits/SC8/0000_020/14_Data_withMagic_theta_0000_mu_020_bound_YYZ_rx015_ry025_rz015_xx020.qpy,5ee0c969b82e23e66c762de23b1856eb7b80184a59f0f0a63eee9c0188d646ac,holography-on-ionq/Testing flow/Circuits/Data_batch/Data_0000_020/14_Data_withMagic_theta_0000_mu_020_bound_YYZ_rx015_ry025_rz015_xx020.qpy,happy_ions/reduced_circuit_entropy.ipynb,SC8-C-C078,0403fbb0aaad5c68,5,1500,1500
SC8,sc8_2026_03_27_apr16_campaign,0000_020,shared_post_recovery,YZX,15,15_Data_withMagic_theta_0000_mu_020_bound_YZX_rx015_ry025_rz015_xx020.qpy,data/executed_circuits/SC8/0000_020/15_Data_withMagic_theta_0000_mu_020_bound_YZX_rx015_ry025_rz015_xx020.qpy,047c0c3344079adfdeb021294b3a7be756a33314917ae38dadd1fdc766215552,holography-on-ionq/Testing flow/Circuits/Data_batch/Data_0000_020/15_Data_withMagic_theta_0000_mu_020_bound_YZX_rx015_ry025_rz015_xx020.qpy,happy_ions/reduced_circuit_entropy.ipynb,SC8-C-C078,0403fbb0aaad5c68,5,1500,1500
SC8,sc8_2026_03_27_apr16_campaign,0000_020,shared_post_recovery,YZY,16,16_Data_withMagic_theta_0000_mu_020_bound_YZY_rx015_ry025_rz015_xx020.qpy,data/executed_circuits/SC8/0000_020/16_Data_withMagic_theta_0000_mu_020_bound_YZY_rx015_ry025_rz015_xx020.qpy,56624e0fe4c80abdd2b595957a5f0250de61584effead979da328ec3ba30d948,holography-on-ionq/Testing flow/Circuits/Data_batch/Data_0000_020/16_Data_withMagic_theta_0000_mu_020_bound_YZY_rx015_ry025_rz015_xx020.qpy,happy_ions/reduced_circuit_entropy.ipynb,SC8-C-C078,0403fbb0aaad5c68,5,1500,1500
SC8,sc8_2026_03_27_apr16_campaign,0000_020,shared_post_recovery,YZZ,17,17_Data_withMagic_theta_0000_mu_020_bound_YZZ_rx015_ry025_rz015_xx020.qpy,data/executed_circuits/SC8/0000_020/17_Data_withMagic_theta_0000_mu_020_bound_YZZ_rx015_ry025_rz015_xx020.qpy,854c2586ca83b435e9c4c3ea2f3abb47a2c00d76e8490e83f3766e8c44f16bc3,holography-on-ionq/Testing flow/Circuits/Data_batch/Data_0000_020/17_Data_withMagic_theta_0000_mu_020_bound_YZZ_rx015_ry025_rz015_xx020.qpy,happy_ions/reduced_circuit_entropy.ipynb,SC8-C-C078,0403fbb0aaad5c68,5,1500,1500
SC8,sc8_2026_03_27_apr16_campaign,0000_020,shared_post_recovery,ZXX,18,18_Data_withMagic_theta_0000_mu_020_bound_ZXX_rx015_ry025_rz015_xx020.qpy,data/executed_circuits/SC8/0000_020/18_Data_withMagic_theta_0000_mu_020_bound_ZXX_rx015_ry025_rz015_xx020.qpy,3709229e71448e01d30e3465f7c90a8d073d7e13408af0f2ea1c2f4afd4e4d94,holography-on-ionq/Testing flow/Circuits/Data_batch/Data_0000_020/18_Data_withMagic_theta_0000_mu_020_bound_ZXX_rx015_ry025_rz015_xx020.qpy,happy_ions/reduced_circuit_entropy.ipynb,SC8-C-C078,0403fbb0aaad5c68,5,1500,1500
SC8,sc8_2026_03_27_apr16_campaign,0000_020,shared_post_recovery,ZXY,19,19_Data_withMagic_theta_0000_mu_020_bound_ZXY_rx015_ry025_rz015_xx020.qpy,data/executed_circuits/SC8/0000_020/19_Data_withMagic_theta_0000_mu_020_bound_ZXY_rx015_ry025_rz015_xx020.qpy,2e37723e2b3e3adae445f33d0376e6b163cde265d18ae312f4e1d3adbdbde0a1,holography-on-ionq/Testing flow/Circuits/Data_batch/Data_0000_020/19_Data_withMagic_theta_0000_mu_020_bound_ZXY_rx015_ry025_rz015_xx020.qpy,happy_ions/reduced_circuit_entropy.ipynb,SC8-C-C078,0403fbb0aaad5c68,5,1500,1500
SC8,sc8_2026_03_27_apr16_campaign,0000_020,shared_post_recovery,ZXZ,20,20_Data_withMagic_theta_0000_mu_020_bound_ZXZ_rx015_ry025_rz015_xx020.qpy,data/executed_circuits/SC8/0000_020/20_Data_withMagic_theta_0000_mu_020_bound_ZXZ_rx015_ry025_rz015_xx020.qpy,65958c5af1260616706fa907a47113d2cc1db99dac86704b8b5c8f4fcdc4cd26,holography-on-ionq/Testing flow/Circuits/Data_batch/Data_0000_020/20_Data_withMagic_theta_0000_mu_020_bound_ZXZ_rx015_ry025_rz015_xx020.qpy,happy_ions/reduced_circuit_entropy.ipynb,SC8-C-C078,0403fbb0aaad5c68,5,1500,1500
SC8,sc8_2026_03_27_apr16_campaign,0000_020,shared_post_recovery,ZYX,21,21_Data_withMagic_theta_0000_mu_020_bound_ZYX_rx015_ry025_rz015_xx020.qpy,data/executed_circuits/SC8/0000_020/21_Data_withMagic_theta_0000_mu_020_bound_ZYX_rx015_ry025_rz015_xx020.qpy,4df1734ae179a8d072df33e337d91be25ea9c38fb454c2f4d19d510e9693f5c0,holography-on-ionq/Testing flow/Circuits/Data_batch/Data_0000_020/21_Data_withMagic_theta_0000_mu_020_bound_ZYX_rx015_ry025_rz015_xx020.qpy,happy_ions/reduced_circuit_entropy.ipynb,SC8-C-C078,0403fbb0aaad5c68,5,1500,1500
SC8,sc8_2026_03_27_apr16_campaign,0000_020,shared_post_recovery,ZYY,22,22_Data_withMagic_theta_0000_mu_020_bound_ZYY_rx015_ry025_rz015_xx020.qpy,data/executed_circuits/SC8/0000_020/22_Data_withMagic_theta_0000_mu_020_bound_ZYY_rx015_ry025_rz015_xx020.qpy,f22780ced3628661b12b942400289a1ff73d1171294bf2e94359b79f4513a516,holography-on-ionq/Testing flow/Circuits/Data_batch/Data_0000_020/22_Data_withMagic_theta_0000_mu_020_bound_ZYY_rx015_ry025_rz015_xx020.qpy,happy_ions/reduced_circuit_entropy.ipynb,SC8-C-C078,0403fbb0aaad5c68,5,1500,1500
SC8,sc8_2026_03_27_apr16_campaign,0000_020,shared_post_recovery,ZYZ,23,23_Data_withMagic_theta_0000_mu_020_bound_ZYZ_rx015_ry025_rz015_xx020.qpy,data/executed_circuits/SC8/0000_020/23_Data_withMagic_theta_0000_mu_020_bound_ZYZ_rx015_ry025_rz015_xx020.qpy,43c52c041cc6ba6c747a59b38468194fe3487c1c501a1e6a67506351f4155bcf,holography-on-ionq/Testing flow/Circuits/Data_batch/Data_0000_020/23_Data_withMagic_theta_0000_mu_020_bound_ZYZ_rx015_ry025_rz015_xx020.qpy,happy_ions/reduced_circuit_entropy.ipynb,SC8-C-C078,0403fbb0aaad5c68,5,1500,1500
SC8,sc8_2026_03_27_apr16_campaign,0000_020,shared_post_recovery,ZZX,24,24_Data_withMagic_theta_0000_mu_020_bound_ZZX_rx015_ry025_rz015_xx020.qpy,data/executed_circuits/SC8/0000_020/24_Data_withMagic_theta_0000_mu_020_bound_ZZX_rx015_ry025_rz015_xx020.qpy,158aa61c5f1c316f82ca5dca88e962f70d9ada99ecce0bf1484193de95277382,holography-on-ionq/Testing flow/Circuits/Data_batch/Data_0000_020/24_Data_withMagic_theta_0000_mu_020_bound_ZZX_rx015_ry025_rz015_xx020.qpy,happy_ions/reduced_circuit_entropy.ipynb,SC8-C-C078,0403fbb0aaad5c68,5,1500,1500
SC8,sc8_2026_03_27_apr16_campaign,0000_020,shared_post_recovery,ZZY,25,25_Data_withMagic_theta_0000_mu_020_bound_ZZY_rx015_ry025_rz015_xx020.qpy,data/executed_circuits/SC8/0000_020/25_Data_withMagic_theta_0000_mu_020_bound_ZZY_rx015_ry025_rz015_xx020.qpy,1c4644f2e55a1494c45b197f75898fabf682170e160c95697cabe835a454a225,holography-on-ionq/Testing flow/Circuits/Data_batch/Data_0000_020/25_Data_withMagic_theta_0000_mu_020_bound_ZZY_rx015_ry025_rz015_xx020.qpy,happy_ions/reduced_circuit_entropy.ipynb,SC8-C-C078,0403fbb0aaad5c68,5,1500,1500
SC8,sc8_2026_03_27_apr16_campaign,0000_020,shared_post_recovery,ZZZ,26,26_Data_withMagic_theta_0000_mu_020_bound_ZZZ_rx015_ry025_rz015_xx020.qpy,data/executed_circuits/SC8/0000_020/26_Data_withMagic_theta_0000_mu_020_bound_ZZZ_rx015_ry025_rz015_xx020.qpy,107d1d6a953d516dcee6ed7e2fb629443514a0db0e44e5ce36caf775b79a58db,holography-on-ionq/Testing flow/Circuits/Data_batch/Data_0000_020/26_Data_withMagic_theta_0000_mu_020_bound_ZZZ_rx015_ry025_rz015_xx020.qpy,happy_ions/reduced_circuit_entropy.ipynb,SC8-C-C078,0403fbb0aaad5c68,5,1500,1500
SC8,sc8_2026_03_27_apr16_campaign,0196_000,shared_post_recovery,XXX,0,00_Data_zeromagic_theta_0196_mu_000_bound_XXX_rx000_ry000_rz000_xx000.qpy,data/executed_circuits/SC8/0196_000/00_Data_zeromagic_theta_0196_mu_000_bound_XXX_rx000_ry000_rz000_xx000.qpy,6926716365b26387f011cacc3a875f3ae3988ec4fe66645769af208d86fac963,holography-on-ionq/Testing flow/Circuits/Data_batch/Data_0196_000/00_Data_zeromagic_theta_0196_mu_000_bound_XXX_rx000_ry000_rz000_xx000.qpy,happy_ions/reduced_circuit_entropy.ipynb,SC8-C-C078,0403fbb0aaad5c68,11,2100,2100
SC8,sc8_2026_03_27_apr16_campaign,0196_000,shared_post_recovery,XXY,1,01_Data_zeromagic_theta_0196_mu_000_bound_XXY_rx000_ry000_rz000_xx000.qpy,data/executed_circuits/SC8/0196_000/01_Data_zeromagic_theta_0196_mu_000_bound_XXY_rx000_ry000_rz000_xx000.qpy,59f74a0914a2b9f37324b37602f6b11e02553032940f566a55dca0dbeb4fe13c,holography-on-ionq/Testing flow/Circuits/Data_batch/Data_0196_000/01_Data_zeromagic_theta_0196_mu_000_bound_XXY_rx000_ry000_rz000_xx000.qpy,happy_ions/reduced_circuit_entropy.ipynb,SC8-C-C078,0403fbb0aaad5c68,11,2100,2100
SC8,sc8_2026_03_27_apr16_campaign,0196_000,shared_post_recovery,XXZ,2,02_Data_zeromagic_theta_0196_mu_000_bound_XXZ_rx000_ry000_rz000_xx000.qpy,data/executed_circuits/SC8/0196_000/02_Data_zeromagic_theta_0196_mu_000_bound_XXZ_rx000_ry000_rz000_xx000.qpy,88c389e0bd2aaa3347e90bf1862b288b3165d89eec4a0492f9bffa8b1ff830f0,holography-on-ionq/Testing flow/Circuits/Data_batch/Data_0196_000/02_Data_zeromagic_theta_0196_mu_000_bound_XXZ_rx000_ry000_rz000_xx000.qpy,happy_ions/reduced_circuit_entropy.ipynb,SC8-C-C078,0403fbb0aaad5c68,11,2100,2100
SC8,sc8_2026_03_27_apr16_campaign,0196_000,shared_post_recovery,XYX,3,03_Data_zeromagic_theta_0196_mu_000_bound_XYX_rx000_ry000_rz000_xx000.qpy,data/executed_circuits/SC8/0196_000/03_Data_zeromagic_theta_0196_mu_000_bound_XYX_rx000_ry000_rz000_xx000.qpy,93ffbf402c55a4e770a377f3ebf3de30a8ebf82b2b06f585bc0d91536221750a,holography-on-ionq/Testing flow/Circuits/Data_batch/Data_0196_000/03_Data_zeromagic_theta_0196_mu_000_bound_XYX_rx000_ry000_rz000_xx000.qpy,happy_ions/reduced_circuit_entropy.ipynb,SC8-C-C078,0403fbb0aaad5c68,11,2100,2100
SC8,sc8_2026_03_27_apr16_campaign,0196_000,shared_post_recovery,XYY,4,04_Data_zeromagic_theta_0196_mu_000_bound_XYY_rx000_ry000_rz000_xx000.qpy,data/executed_circuits/SC8/0196_000/04_Data_zeromagic_theta_0196_mu_000_bound_XYY_rx000_ry000_rz000_xx000.qpy,127cfe1715ad7e1e714ea6f68cb32fb5dc5b7bd6a8f9845b64fdef6b3a175992,holography-on-ionq/Testing flow/Circuits/Data_batch/Data_0196_000/04_Data_zeromagic_theta_0196_mu_000_bound_XYY_rx000_ry000_rz000_xx000.qpy,happy_ions/reduced_circuit_entropy.ipynb,SC8-C-C078,0403fbb0aaad5c68,11,2100,2100
SC8,sc8_2026_03_27_apr16_campaign,0196_000,shared_post_recovery,XYZ,5,05_Data_zeromagic_theta_0196_mu_000_bound_XYZ_rx000_ry000_rz000_xx000.qpy,data/executed_circuits/SC8/0196_000/05_Data_zeromagic_theta_0196_mu_000_bound_XYZ_rx000_ry000_rz000_xx000.qpy,0e29a881cd7574bdb159a306ab7899f625a269665d11e74dd7e4daafa1c87a29,holography-on-ionq/Testing flow/Circuits/Data_batch/Data_0196_000/05_Data_zeromagic_theta_0196_mu_000_bound_XYZ_rx000_ry000_rz000_xx000.qpy,happy_ions/reduced_circuit_entropy.ipynb,SC8-C-C078,0403fbb0aaad5c68,11,2100,2100
SC8,sc8_2026_03_27_apr16_campaign,0196_000,shared_post_recovery,XZX,6,06_Data_zeromagic_theta_0196_mu_000_bound_XZX_rx000_ry000_rz000_xx000.qpy,data/executed_circuits/SC8/0196_000/06_Data_zeromagic_theta_0196_mu_000_bound_XZX_rx000_ry000_rz000_xx000.qpy,bd20a5b6fd274e58c97c9d9af1b47661bab01f24048c2f37dbd3c66641ad5a4c,holography-on-ionq/Testing flow/Circuits/Data_batch/Data_0196_000/06_Data_zeromagic_theta_0196_mu_000_bound_XZX_rx000_ry000_rz000_xx000.qpy,happy_ions/reduced_circuit_entropy.ipynb,SC8-C-C078,0403fbb0aaad5c68,11,2100,2100
SC8,sc8_2026_03_27_apr16_campaign,0196_000,shared_post_recovery,XZY,7,07_Data_zeromagic_theta_0196_mu_000_bound_XZY_rx000_ry000_rz000_xx000.qpy,data/executed_circuits/SC8/0196_000/07_Data_zeromagic_theta_0196_mu_000_bound_XZY_rx000_ry000_rz000_xx000.qpy,25236ee004daa94c740db6bef17a74512a9363d5ab9c68d16740e78748bab07f,holography-on-ionq/Testing flow/Circuits/Data_batch/Data_0196_000/07_Data_zeromagic_theta_0196_mu_000_bound_XZY_rx000_ry000_rz000_xx000.qpy,happy_ions/reduced_circuit_entropy.ipynb,SC8-C-C078,0403fbb0aaad5c68,11,2100,2100
SC8,sc8_2026_03_27_apr16_campaign,0196_000,shared_post_recovery,XZZ,8,08_Data_zeromagic_theta_0196_mu_000_bound_XZZ_rx000_ry000_rz000_xx000.qpy,data/executed_circuits/SC8/0196_000/08_Data_zeromagic_theta_0196_mu_000_bound_XZZ_rx000_ry000_rz000_xx000.qpy,420d83bb5ba617b1786c8422b1f1cdd613006603d173cf850e9839a7e1e3f5cd,holography-on-ionq/Testing flow/Circuits/Data_batch/Data_0196_000/08_Data_zeromagic_theta_0196_mu_000_bound_XZZ_rx000_ry000_rz000_xx000.qpy,happy_ions/reduced_circuit_entropy.ipynb,SC8-C-C078,0403fbb0aaad5c68,11,2100,2100
SC8,sc8_2026_03_27_apr16_campaign,0196_000,shared_post_recovery,YXX,9,09_Data_zeromagic_theta_0196_mu_000_bound_YXX_rx000_ry000_rz000_xx000.qpy,data/executed_circuits/SC8/0196_000/09_Data_zeromagic_theta_0196_mu_000_bound_YXX_rx000_ry000_rz000_xx000.qpy,a2f0a3a30b4cf4231f72705186ea3f7770d11d60f9567596085aa89ce5c664a1,holography-on-ionq/Testing flow/Circuits/Data_batch/Data_0196_000/09_Data_zeromagic_theta_0196_mu_000_bound_YXX_rx000_ry000_rz000_xx000.qpy,happy_ions/reduced_circuit_entropy.ipynb,SC8-C-C078,0403fbb0aaad5c68,11,2100,2100
SC8,sc8_2026_03_27_apr16_campaign,0196_000,shared_post_recovery,YXY,10,10_Data_zeromagic_theta_0196_mu_000_bound_YXY_rx000_ry000_rz000_xx000.qpy,data/executed_circuits/SC8/0196_000/10_Data_zeromagic_theta_0196_mu_000_bound_YXY_rx000_ry000_rz000_xx000.qpy,1862d2f93bcddd44aa25c5146ab3202584430a9f5adb2ab06a972fe261be481d,holography-on-ionq/Testing flow/Circuits/Data_batch/Data_0196_000/10_Data_zeromagic_theta_0196_mu_000_bound_YXY_rx000_ry000_rz000_xx000.qpy,happy_ions/reduced_circuit_entropy.ipynb,SC8-C-C078,0403fbb0aaad5c68,11,2100,2100
SC8,sc8_2026_03_27_apr16_campaign,0196_000,shared_post_recovery,YXZ,11,11_Data_zeromagic_theta_0196_mu_000_bound_YXZ_rx000_ry000_rz000_xx000.qpy,data/executed_circuits/SC8/0196_000/11_Data_zeromagic_theta_0196_mu_000_bound_YXZ_rx000_ry000_rz000_xx000.qpy,41042f67ccdff5bf68aba67bfa823d99dbcc9211c18a1ce4f5ed169aa63163ea,holography-on-ionq/Testing flow/Circuits/Data_batch/Data_0196_000/11_Data_zeromagic_theta_0196_mu_000_bound_YXZ_rx000_ry000_rz000_xx000.qpy,happy_ions/reduced_circuit_entropy.ipynb,SC8-C-C078,0403fbb0aaad5c68,11,2100,2100
SC8,sc8_2026_03_27_apr16_campaign,0196_000,shared_post_recovery,YYX,12,12_Data_zeromagic_theta_0196_mu_000_bound_YYX_rx000_ry000_rz000_xx000.qpy,data/executed_circuits/SC8/0196_000/12_Data_zeromagic_theta_0196_mu_000_bound_YYX_rx000_ry000_rz000_xx000.qpy,6aea60c6a9829710a1cbddd57a2187160b85761e8722d4e284b1ed5a8fb02722,holography-on-ionq/Testing flow/Circuits/Data_batch/Data_0196_000/12_Data_zeromagic_theta_0196_mu_000_bound_YYX_rx000_ry000_rz000_xx000.qpy,happy_ions/reduced_circuit_entropy.ipynb,SC8-C-C078,0403fbb0aaad5c68,11,2100,2100
SC8,sc8_2026_03_27_apr16_campaign,0196_000,shared_post_recovery,YYY,13,13_Data_zeromagic_theta_0196_mu_000_bound_YYY_rx000_ry000_rz000_xx000.qpy,data/executed_circuits/SC8/0196_000/13_Data_zeromagic_theta_0196_mu_000_bound_YYY_rx000_ry000_rz000_xx000.qpy,322c5d938f876b66125936b16d34b13ed46443e2a036e22c9f622d7d34818fb1,holography-on-ionq/Testing flow/Circuits/Data_batch/Data_0196_000/13_Data_zeromagic_theta_0196_mu_000_bound_YYY_rx000_ry000_rz000_xx000.qpy,happy_ions/reduced_circuit_entropy.ipynb,SC8-C-C078,0403fbb0aaad5c68,11,2100,2100
SC8,sc8_2026_03_27_apr16_campaign,0196_000,shared_post_recovery,YYZ,14,14_Data_zeromagic_theta_0196_mu_000_bound_YYZ_rx000_ry000_rz000_xx000.qpy,data/executed_circuits/SC8/0196_000/14_Data_zeromagic_theta_0196_mu_000_bound_YYZ_rx000_ry000_rz000_xx000.qpy,dbd0a475f85509f19e3a28fd3d63ee890c5b3964df8e430ada261fce0566a18b,holography-on-ionq/Testing flow/Circuits/Data_batch/Data_0196_000/14_Data_zeromagic_theta_0196_mu_000_bound_YYZ_rx000_ry000_rz000_xx000.qpy,happy_ions/reduced_circuit_entropy.ipynb,SC8-C-C078,0403fbb0aaad5c68,11,2100,2100
SC8,sc8_2026_03_27_apr16_campaign,0196_000,shared_post_recovery,YZX,15,15_Data_zeromagic_theta_0196_mu_000_bound_YZX_rx000_ry000_rz000_xx000.qpy,data/executed_circuits/SC8/0196_000/15_Data_zeromagic_theta_0196_mu_000_bound_YZX_rx000_ry000_rz000_xx000.qpy,8de756257d93b2bb41026ec7277c69496b8ebe460a9a1b16b93b33b586860d8f,holography-on-ionq/Testing flow/Circuits/Data_batch/Data_0196_000/15_Data_zeromagic_theta_0196_mu_000_bound_YZX_rx000_ry000_rz000_xx000.qpy,happy_ions/reduced_circuit_entropy.ipynb,SC8-C-C078,0403fbb0aaad5c68,11,2100,2100
SC8,sc8_2026_03_27_apr16_campaign,0196_000,shared_post_recovery,YZY,16,16_Data_zeromagic_theta_0196_mu_000_bound_YZY_rx000_ry000_rz000_xx000.qpy,data/executed_circuits/SC8/0196_000/16_Data_zeromagic_theta_0196_mu_000_bound_YZY_rx000_ry000_rz000_xx000.qpy,30e56913b6facdce61e75cdc1179807db54754ef0e18330b7d31af833f8ba83d,holography-on-ionq/Testing flow/Circuits/Data_batch/Data_0196_000/16_Data_zeromagic_theta_0196_mu_000_bound_YZY_rx000_ry000_rz000_xx000.qpy,happy_ions/reduced_circuit_entropy.ipynb,SC8-C-C078,0403fbb0aaad5c68,11,2100,2100
SC8,sc8_2026_03_27_apr16_campaign,0196_000,shared_post_recovery,YZZ,17,17_Data_zeromagic_theta_0196_mu_000_bound_YZZ_rx000_ry000_rz000_xx000.qpy,data/executed_circuits/SC8/0196_000/17_Data_zeromagic_theta_0196_mu_000_bound_YZZ_rx000_ry000_rz000_xx000.qpy,132c328a445214c42079307c6caa4625ec46e4531caf3a7ed0f35b92405ddc35,holography-on-ionq/Testing flow/Circuits/Data_batch/Data_0196_000/17_Data_zeromagic_theta_0196_mu_000_bound_YZZ_rx000_ry000_rz000_xx000.qpy,happy_ions/reduced_circuit_entropy.ipynb,SC8-C-C078,0403fbb0aaad5c68,11,2100,2100
SC8,sc8_2026_03_27_apr16_campaign,0196_000,shared_post_recovery,ZXX,18,18_Data_zeromagic_theta_0196_mu_000_bound_ZXX_rx000_ry000_rz000_xx000.qpy,data/executed_circuits/SC8/0196_000/18_Data_zeromagic_theta_0196_mu_000_bound_ZXX_rx000_ry000_rz000_xx000.qpy,72659668eaad89a52bb31e6ead494b7442622a298aee7002734b8b05a5c67aa4,holography-on-ionq/Testing flow/Circuits/Data_batch/Data_0196_000/18_Data_zeromagic_theta_0196_mu_000_bound_ZXX_rx000_ry000_rz000_xx000.qpy,happy_ions/reduced_circuit_entropy.ipynb,SC8-C-C078,0403fbb0aaad5c68,11,2100,2100
SC8,sc8_2026_03_27_apr16_campaign,0196_000,shared_post_recovery,ZXY,19,19_Data_zeromagic_theta_0196_mu_000_bound_ZXY_rx000_ry000_rz000_xx000.qpy,data/executed_circuits/SC8/0196_000/19_Data_zeromagic_theta_0196_mu_000_bound_ZXY_rx000_ry000_rz000_xx000.qpy,6da88be19efc1b10f416db642808c241ae205669687ce4854c372d1daecfc126,holography-on-ionq/Testing flow/Circuits/Data_batch/Data_0196_000/19_Data_zeromagic_theta_0196_mu_000_bound_ZXY_rx000_ry000_rz000_xx000.qpy,happy_ions/reduced_circuit_entropy.ipynb,SC8-C-C078,0403fbb0aaad5c68,11,2100,2100
SC8,sc8_2026_03_27_apr16_campaign,0196_000,shared_post_recovery,ZXZ,20,20_Data_zeromagic_theta_0196_mu_000_bound_ZXZ_rx000_ry000_rz000_xx000.qpy,data/executed_circuits/SC8/0196_000/20_Data_zeromagic_theta_0196_mu_000_bound_ZXZ_rx000_ry000_rz000_xx000.qpy,0c85b1c36c4fc182d2048a26df7278f406e2b9e4090060dd1ffadd0a913aadef,holography-on-ionq/Testing flow/Circuits/Data_batch/Data_0196_000/20_Data_zeromagic_theta_0196_mu_000_bound_ZXZ_rx000_ry000_rz000_xx000.qpy,happy_ions/reduced_circuit_entropy.ipynb,SC8-C-C078,0403fbb0aaad5c68,11,2100,2100
SC8,sc8_2026_03_27_apr16_campaign,0196_000,shared_post_recovery,ZYX,21,21_Data_zeromagic_theta_0196_mu_000_bound_ZYX_rx000_ry000_rz000_xx000.qpy,data/executed_circuits/SC8/0196_000/21_Data_zeromagic_theta_0196_mu_000_bound_ZYX_rx000_ry000_rz000_xx000.qpy,ec1d5e26642dc18d09dd352876ec92b96f54ddff59d594b4b5d5abaa953d7874,holography-on-ionq/Testing flow/Circuits/Data_batch/Data_0196_000/21_Data_zeromagic_theta_0196_mu_000_bound_ZYX_rx000_ry000_rz000_xx000.qpy,happy_ions/reduced_circuit_entropy.ipynb,SC8-C-C078,0403fbb0aaad5c68,11,2100,2100
SC8,sc8_2026_03_27_apr16_campaign,0196_000,shared_post_recovery,ZYY,22,22_Data_zeromagic_theta_0196_mu_000_bound_ZYY_rx000_ry000_rz000_xx000.qpy,data/executed_circuits/SC8/0196_000/22_Data_zeromagic_theta_0196_mu_000_bound_ZYY_rx000_ry000_rz000_xx000.qpy,150c54c649c421bf6cb903c7c83240efa3c4bc6602b503cc15ed101cda7ac6e6,holography-on-ionq/Testing flow/Circuits/Data_batch/Data_0196_000/22_Data_zeromagic_theta_0196_mu_000_bound_ZYY_rx000_ry000_rz000_xx000.qpy,happy_ions/reduced_circuit_entropy.ipynb,SC8-C-C078,0403fbb0aaad5c68,11,2100,2100
SC8,sc8_2026_03_27_apr16_campaign,0196_000,shared_post_recovery,ZYZ,23,23_Data_zeromagic_theta_0196_mu_000_bound_ZYZ_rx000_ry000_rz000_xx000.qpy,data/executed_circuits/SC8/0196_000/23_Data_zeromagic_theta_0196_mu_000_bound_ZYZ_rx000_ry000_rz000_xx000.qpy,f62389c7c2d254014c4f434775ea29e3e235c33468528ca139550ffdc549eda9,holography-on-ionq/Testing flow/Circuits/Data_batch/Data_0196_000/23_Data_zeromagic_theta_0196_mu_000_bound_ZYZ_rx000_ry000_rz000_xx000.qpy,happy_ions/reduced_circuit_entropy.ipynb,SC8-C-C078,0403fbb0aaad5c68,11,2100,2100
SC8,sc8_2026_03_27_apr16_campaign,0196_000,shared_post_recovery,ZZX,24,24_Data_zeromagic_theta_0196_mu_000_bound_ZZX_rx000_ry000_rz000_xx000.qpy,data/executed_circuits/SC8/0196_000/24_Data_zeromagic_theta_0196_mu_000_bound_ZZX_rx000_ry000_rz000_xx000.qpy,49447bffb9a8a13c61aa82e6c22f4e39007d2c0859133efd457236daaa5b1ff9,holography-on-ionq/Testing flow/Circuits/Data_batch/Data_0196_000/24_Data_zeromagic_theta_0196_mu_000_bound_ZZX_rx000_ry000_rz000_xx000.qpy,happy_ions/reduced_circuit_entropy.ipynb,SC8-C-C078,0403fbb0aaad5c68,11,2100,2100
SC8,sc8_2026_03_27_apr16_campaign,0196_000,shared_post_recovery,ZZY,25,25_Data_zeromagic_theta_0196_mu_000_bound_ZZY_rx000_ry000_rz000_xx000.qpy,data/executed_circuits/SC8/0196_000/25_Data_zeromagic_theta_0196_mu_000_bound_ZZY_rx000_ry000_rz000_xx000.qpy,e92e615d03452f9929a2e1de3931cf4710008c12a1f94cf780a086d65761b1c0,holography-on-ionq/Testing flow/Circuits/Data_batch/Data_0196_000/25_Data_zeromagic_theta_0196_mu_000_bound_ZZY_rx000_ry000_rz000_xx000.qpy,happy_ions/reduced_circuit_entropy.ipynb,SC8-C-C078,0403fbb0aaad5c68,11,2100,2100
SC8,sc8_2026_03_27_apr16_campaign,0196_000,shared_post_recovery,ZZZ,26,26_Data_zeromagic_theta_0196_mu_000_bound_ZZZ_rx000_ry000_rz000_xx000.qpy,data/executed_circuits/SC8/0196_000/26_Data_zeromagic_theta_0196_mu_000_bound_ZZZ_rx000_ry000_rz000_xx000.qpy,2ba756f6f6b718f85a1f539350e1c21d3f8939e1183ea7321743e305cfe3254d,holography-on-ionq/Testing flow/Circuits/Data_batch/Data_0196_000/26_Data_zeromagic_theta_0196_mu_000_bound_ZZZ_rx000_ry000_rz000_xx000.qpy,happy_ions/reduced_circuit_entropy.ipynb,SC8-C-C078,0403fbb0aaad5c68,11,2100,2100
SC8,sc8_2026_03_27_apr16_campaign,0196_010,shared_post_recovery,XXX,0,00_Data_halfMagic_theta_0196_mu_010_bound_XXX_rx007_ry012_rz007_xx010.qpy,data/executed_circuits/SC8/0196_010/00_Data_halfMagic_theta_0196_mu_010_bound_XXX_rx007_ry012_rz007_xx010.qpy,4709f944382fca469fe75c1e59f5eda7b78a12d178411d80b6692541e1737a33,holography-on-ionq/Testing flow/Circuits/Data_batch/Data_0196_010/00_Data_halfMagic_theta_0196_mu_010_bound_XXX_rx007_ry012_rz007_xx010.qpy,happy_ions/reduced_circuit_entropy.ipynb,SC8-C-C078,0403fbb0aaad5c68,7,1500,1500
SC8,sc8_2026_03_27_apr16_campaign,0196_010,shared_post_recovery,XXY,1,01_Data_halfMagic_theta_0196_mu_010_bound_XXY_rx007_ry012_rz007_xx010.qpy,data/executed_circuits/SC8/0196_010/01_Data_halfMagic_theta_0196_mu_010_bound_XXY_rx007_ry012_rz007_xx010.qpy,a16382ff2bfc845e7757c61ecd537e01a1fdddbf6ebc9aaf33b033530c9b20e4,holography-on-ionq/Testing flow/Circuits/Data_batch/Data_0196_010/01_Data_halfMagic_theta_0196_mu_010_bound_XXY_rx007_ry012_rz007_xx010.qpy,happy_ions/reduced_circuit_entropy.ipynb,SC8-C-C078,0403fbb0aaad5c68,7,1500,1500
SC8,sc8_2026_03_27_apr16_campaign,0196_010,shared_post_recovery,XXZ,2,02_Data_halfMagic_theta_0196_mu_010_bound_XXZ_rx007_ry012_rz007_xx010.qpy,data/executed_circuits/SC8/0196_010/02_Data_halfMagic_theta_0196_mu_010_bound_XXZ_rx007_ry012_rz007_xx010.qpy,8f4adee79d198fc3680d1353c67053d90ee88d6962818bb71a3bb3f2611ed636,holography-on-ionq/Testing flow/Circuits/Data_batch/Data_0196_010/02_Data_halfMagic_theta_0196_mu_010_bound_XXZ_rx007_ry012_rz007_xx010.qpy,happy_ions/reduced_circuit_entropy.ipynb,SC8-C-C078,0403fbb0aaad5c68,7,1500,1500
SC8,sc8_2026_03_27_apr16_campaign,0196_010,shared_post_recovery,XYX,3,03_Data_halfMagic_theta_0196_mu_010_bound_XYX_rx007_ry012_rz007_xx010.qpy,data/executed_circuits/SC8/0196_010/03_Data_halfMagic_theta_0196_mu_010_bound_XYX_rx007_ry012_rz007_xx010.qpy,ffbc49a2d38fc12c1c2890796a0dd18208556c00593ca629d2b7120a4b620112,holography-on-ionq/Testing flow/Circuits/Data_batch/Data_0196_010/03_Data_halfMagic_theta_0196_mu_010_bound_XYX_rx007_ry012_rz007_xx010.qpy,happy_ions/reduced_circuit_entropy.ipynb,SC8-C-C078,0403fbb0aaad5c68,7,1500,1500
SC8,sc8_2026_03_27_apr16_campaign,0196_010,shared_post_recovery,XYY,4,04_Data_halfMagic_theta_0196_mu_010_bound_XYY_rx007_ry012_rz007_xx010.qpy,data/executed_circuits/SC8/0196_010/04_Data_halfMagic_theta_0196_mu_010_bound_XYY_rx007_ry012_rz007_xx010.qpy,f54de493bcf8ee0959dde72e9cb5f674a8f94751a8d76ee96a40681ab7124fd1,holography-on-ionq/Testing flow/Circuits/Data_batch/Data_0196_010/04_Data_halfMagic_theta_0196_mu_010_bound_XYY_rx007_ry012_rz007_xx010.qpy,happy_ions/reduced_circuit_entropy.ipynb,SC8-C-C078,0403fbb0aaad5c68,7,1500,1500
SC8,sc8_2026_03_27_apr16_campaign,0196_010,shared_post_recovery,XYZ,5,05_Data_halfMagic_theta_0196_mu_010_bound_XYZ_rx007_ry012_rz007_xx010.qpy,data/executed_circuits/SC8/0196_010/05_Data_halfMagic_theta_0196_mu_010_bound_XYZ_rx007_ry012_rz007_xx010.qpy,71cc4decdc5f76f99b1dcb4016c3ceb9a63d77aa86b1e380cbcf4af114fcda88,holography-on-ionq/Testing flow/Circuits/Data_batch/Data_0196_010/05_Data_halfMagic_theta_0196_mu_010_bound_XYZ_rx007_ry012_rz007_xx010.qpy,happy_ions/reduced_circuit_entropy.ipynb,SC8-C-C078,0403fbb0aaad5c68,7,1500,1500
SC8,sc8_2026_03_27_apr16_campaign,0196_010,shared_post_recovery,XZX,6,06_Data_halfMagic_theta_0196_mu_010_bound_XZX_rx007_ry012_rz007_xx010.qpy,data/executed_circuits/SC8/0196_010/06_Data_halfMagic_theta_0196_mu_010_bound_XZX_rx007_ry012_rz007_xx010.qpy,1a6fc9a8369b4654fe205928c6dcd7c7410cb89724b35ca35a0056112f7f8675,holography-on-ionq/Testing flow/Circuits/Data_batch/Data_0196_010/06_Data_halfMagic_theta_0196_mu_010_bound_XZX_rx007_ry012_rz007_xx010.qpy,happy_ions/reduced_circuit_entropy.ipynb,SC8-C-C078,0403fbb0aaad5c68,7,1500,1500
SC8,sc8_2026_03_27_apr16_campaign,0196_010,shared_post_recovery,XZY,7,07_Data_halfMagic_theta_0196_mu_010_bound_XZY_rx007_ry012_rz007_xx010.qpy,data/executed_circuits/SC8/0196_010/07_Data_halfMagic_theta_0196_mu_010_bound_XZY_rx007_ry012_rz007_xx010.qpy,2abde0972928ed35bd74f2d9746479bcf421897651c46a25980b7e5464e11bb1,holography-on-ionq/Testing flow/Circuits/Data_batch/Data_0196_010/07_Data_halfMagic_theta_0196_mu_010_bound_XZY_rx007_ry012_rz007_xx010.qpy,happy_ions/reduced_circuit_entropy.ipynb,SC8-C-C078,0403fbb0aaad5c68,7,1500,1500
SC8,sc8_2026_03_27_apr16_campaign,0196_010,shared_post_recovery,XZZ,8,08_Data_halfMagic_theta_0196_mu_010_bound_XZZ_rx007_ry012_rz007_xx010.qpy,data/executed_circuits/SC8/0196_010/08_Data_halfMagic_theta_0196_mu_010_bound_XZZ_rx007_ry012_rz007_xx010.qpy,bc318938fa270fe7d9b572ba378846d14ae2e85067f7ee3939e1ca30921c3258,holography-on-ionq/Testing flow/Circuits/Data_batch/Data_0196_010/08_Data_halfMagic_theta_0196_mu_010_bound_XZZ_rx007_ry012_rz007_xx010.qpy,happy_ions/reduced_circuit_entropy.ipynb,SC8-C-C078,0403fbb0aaad5c68,7,1500,1500
SC8,sc8_2026_03_27_apr16_campaign,0196_010,shared_post_recovery,YXX,9,09_Data_halfMagic_theta_0196_mu_010_bound_YXX_rx007_ry012_rz007_xx010.qpy,data/executed_circuits/SC8/0196_010/09_Data_halfMagic_theta_0196_mu_010_bound_YXX_rx007_ry012_rz007_xx010.qpy,3db723ee2e018593fd3f95eb62debbd2a53fc673277378da0e9fa1fccf9eba3a,holography-on-ionq/Testing flow/Circuits/Data_batch/Data_0196_010/09_Data_halfMagic_theta_0196_mu_010_bound_YXX_rx007_ry012_rz007_xx010.qpy,happy_ions/reduced_circuit_entropy.ipynb,SC8-C-C078,0403fbb0aaad5c68,7,1500,1500
SC8,sc8_2026_03_27_apr16_campaign,0196_010,shared_post_recovery,YXY,10,10_Data_halfMagic_theta_0196_mu_010_bound_YXY_rx007_ry012_rz007_xx010.qpy,data/executed_circuits/SC8/0196_010/10_Data_halfMagic_theta_0196_mu_010_bound_YXY_rx007_ry012_rz007_xx010.qpy,1133dc334486d7d645db21f214aadaa9047dd6aafd8f46fd764ed5c49eba2934,holography-on-ionq/Testing flow/Circuits/Data_batch/Data_0196_010/10_Data_halfMagic_theta_0196_mu_010_bound_YXY_rx007_ry012_rz007_xx010.qpy,happy_ions/reduced_circuit_entropy.ipynb,SC8-C-C078,0403fbb0aaad5c68,7,1500,1500
SC8,sc8_2026_03_27_apr16_campaign,0196_010,shared_post_recovery,YXZ,11,11_Data_halfMagic_theta_0196_mu_010_bound_YXZ_rx007_ry012_rz007_xx010.qpy,data/executed_circuits/SC8/0196_010/11_Data_halfMagic_theta_0196_mu_010_bound_YXZ_rx007_ry012_rz007_xx010.qpy,1f2a25fa8a8785916da210a97d1c79773e9cd1341badc8b3e9acb0883136c082,holography-on-ionq/Testing flow/Circuits/Data_batch/Data_0196_010/11_Data_halfMagic_theta_0196_mu_010_bound_YXZ_rx007_ry012_rz007_xx010.qpy,happy_ions/reduced_circuit_entropy.ipynb,SC8-C-C078,0403fbb0aaad5c68,7,1500,1500
SC8,sc8_2026_03_27_apr16_campaign,0196_010,shared_post_recovery,YYX,12,12_Data_halfMagic_theta_0196_mu_010_bound_YYX_rx007_ry012_rz007_xx010.qpy,data/executed_circuits/SC8/0196_010/12_Data_halfMagic_theta_0196_mu_010_bound_YYX_rx007_ry012_rz007_xx010.qpy,fe8e4d06978a07d3d0d5037b5b6a08450a957eef76b831d2d103e4c28df8c513,holography-on-ionq/Testing flow/Circuits/Data_batch/Data_0196_010/12_Data_halfMagic_theta_0196_mu_010_bound_YYX_rx007_ry012_rz007_xx010.qpy,happy_ions/reduced_circuit_entropy.ipynb,SC8-C-C078,0403fbb0aaad5c68,7,1500,1500
SC8,sc8_2026_03_27_apr16_campaign,0196_010,shared_post_recovery,YYY,13,13_Data_halfMagic_theta_0196_mu_010_bound_YYY_rx007_ry012_rz007_xx010.qpy,data/executed_circuits/SC8/0196_010/13_Data_halfMagic_theta_0196_mu_010_bound_YYY_rx007_ry012_rz007_xx010.qpy,4f53bedfc26bb55c86f2e43d7f0c39a9356b2195664c4575936a34bf3cf2f9aa,holography-on-ionq/Testing flow/Circuits/Data_batch/Data_0196_010/13_Data_halfMagic_theta_0196_mu_010_bound_YYY_rx007_ry012_rz007_xx010.qpy,happy_ions/reduced_circuit_entropy.ipynb,SC8-C-C078,0403fbb0aaad5c68,7,1500,1500
SC8,sc8_2026_03_27_apr16_campaign,0196_010,shared_post_recovery,YYZ,14,14_Data_halfMagic_theta_0196_mu_010_bound_YYZ_rx007_ry012_rz007_xx010.qpy,data/executed_circuits/SC8/0196_010/14_Data_halfMagic_theta_0196_mu_010_bound_YYZ_rx007_ry012_rz007_xx010.qpy,bfce1cd260806dff76bf292acff9ad433d90c9b2484093295fb3f9e9ec0c186b,holography-on-ionq/Testing flow/Circuits/Data_batch/Data_0196_010/14_Data_halfMagic_theta_0196_mu_010_bound_YYZ_rx007_ry012_rz007_xx010.qpy,happy_ions/reduced_circuit_entropy.ipynb,SC8-C-C078,0403fbb0aaad5c68,7,1500,1500
SC8,sc8_2026_03_27_apr16_campaign,0196_010,shared_post_recovery,YZX,15,15_Data_halfMagic_theta_0196_mu_010_bound_YZX_rx007_ry012_rz007_xx010.qpy,data/executed_circuits/SC8/0196_010/15_Data_halfMagic_theta_0196_mu_010_bound_YZX_rx007_ry012_rz007_xx010.qpy,3d9020c654fa118233b26d5b0c9bddcf08e36e24007803e6dc75de5691323e58,holography-on-ionq/Testing flow/Circuits/Data_batch/Data_0196_010/15_Data_halfMagic_theta_0196_mu_010_bound_YZX_rx007_ry012_rz007_xx010.qpy,happy_ions/reduced_circuit_entropy.ipynb,SC8-C-C078,0403fbb0aaad5c68,7,1500,1500
SC8,sc8_2026_03_27_apr16_campaign,0196_010,shared_post_recovery,YZY,16,16_Data_halfMagic_theta_0196_mu_010_bound_YZY_rx007_ry012_rz007_xx010.qpy,data/executed_circuits/SC8/0196_010/16_Data_halfMagic_theta_0196_mu_010_bound_YZY_rx007_ry012_rz007_xx010.qpy,42c2343d446799127c953030d1fd1022bdc02e61c6f646841a8b681c1505b450,holography-on-ionq/Testing flow/Circuits/Data_batch/Data_0196_010/16_Data_halfMagic_theta_0196_mu_010_bound_YZY_rx007_ry012_rz007_xx010.qpy,happy_ions/reduced_circuit_entropy.ipynb,SC8-C-C078,0403fbb0aaad5c68,7,1500,1500
SC8,sc8_2026_03_27_apr16_campaign,0196_010,shared_post_recovery,YZZ,17,17_Data_halfMagic_theta_0196_mu_010_bound_YZZ_rx007_ry012_rz007_xx010.qpy,data/executed_circuits/SC8/0196_010/17_Data_halfMagic_theta_0196_mu_010_bound_YZZ_rx007_ry012_rz007_xx010.qpy,58a6374a76f0dfd180ff33d2700e5ebad6a086c9000b9a9a2f8fcfcce561755e,holography-on-ionq/Testing flow/Circuits/Data_batch/Data_0196_010/17_Data_halfMagic_theta_0196_mu_010_bound_YZZ_rx007_ry012_rz007_xx010.qpy,happy_ions/reduced_circuit_entropy.ipynb,SC8-C-C078,0403fbb0aaad5c68,7,1500,1500
SC8,sc8_2026_03_27_apr16_campaign,0196_010,shared_post_recovery,ZXX,18,18_Data_halfMagic_theta_0196_mu_010_bound_ZXX_rx007_ry012_rz007_xx010.qpy,data/executed_circuits/SC8/0196_010/18_Data_halfMagic_theta_0196_mu_010_bound_ZXX_rx007_ry012_rz007_xx010.qpy,5edbe5f3d6513366eedbc83c5fc2b6096dd2a66e211296ebf4fbf2b295cd0f51,holography-on-ionq/Testing flow/Circuits/Data_batch/Data_0196_010/18_Data_halfMagic_theta_0196_mu_010_bound_ZXX_rx007_ry012_rz007_xx010.qpy,happy_ions/reduced_circuit_entropy.ipynb,SC8-C-C078,0403fbb0aaad5c68,7,1500,1500
SC8,sc8_2026_03_27_apr16_campaign,0196_010,shared_post_recovery,ZXY,19,19_Data_halfMagic_theta_0196_mu_010_bound_ZXY_rx007_ry012_rz007_xx010.qpy,data/executed_circuits/SC8/0196_010/19_Data_halfMagic_theta_0196_mu_010_bound_ZXY_rx007_ry012_rz007_xx010.qpy,f00cb5dd96d3b9da05f6b3866eefb702af2de0366f15b9a8112753751ec6071b,holography-on-ionq/Testing flow/Circuits/Data_batch/Data_0196_010/19_Data_halfMagic_theta_0196_mu_010_bound_ZXY_rx007_ry012_rz007_xx010.qpy,happy_ions/reduced_circuit_entropy.ipynb,SC8-C-C078,0403fbb0aaad5c68,7,1500,1500
SC8,sc8_2026_03_27_apr16_campaign,0196_010,shared_post_recovery,ZXZ,20,20_Data_halfMagic_theta_0196_mu_010_bound_ZXZ_rx007_ry012_rz007_xx010.qpy,data/executed_circuits/SC8/0196_010/20_Data_halfMagic_theta_0196_mu_010_bound_ZXZ_rx007_ry012_rz007_xx010.qpy,dcf58be450e37ab5846428aea5f1ff88a40e9bce98b172a0929ed621be93308b,holography-on-ionq/Testing flow/Circuits/Data_batch/Data_0196_010/20_Data_halfMagic_theta_0196_mu_010_bound_ZXZ_rx007_ry012_rz007_xx010.qpy,happy_ions/reduced_circuit_entropy.ipynb,SC8-C-C078,0403fbb0aaad5c68,7,1500,1500
SC8,sc8_2026_03_27_apr16_campaign,0196_010,shared_post_recovery,ZYX,21,21_Data_halfMagic_theta_0196_mu_010_bound_ZYX_rx007_ry012_rz007_xx010.qpy,data/executed_circuits/SC8/0196_010/21_Data_halfMagic_theta_0196_mu_010_bound_ZYX_rx007_ry012_rz007_xx010.qpy,e69a1dd8f4bcd80a9151e5eb347f57d5a70fd877a1ec5fa505d8f611d00a1917,holography-on-ionq/Testing flow/Circuits/Data_batch/Data_0196_010/21_Data_halfMagic_theta_0196_mu_010_bound_ZYX_rx007_ry012_rz007_xx010.qpy,happy_ions/reduced_circuit_entropy.ipynb,SC8-C-C078,0403fbb0aaad5c68,7,1500,1500
SC8,sc8_2026_03_27_apr16_campaign,0196_010,shared_post_recovery,ZYY,22,22_Data_halfMagic_theta_0196_mu_010_bound_ZYY_rx007_ry012_rz007_xx010.qpy,data/executed_circuits/SC8/0196_010/22_Data_halfMagic_theta_0196_mu_010_bound_ZYY_rx007_ry012_rz007_xx010.qpy,40bbf42a4223143a90fd6ec5c34e73576a0cf9eb9f3f3a2bed622875c10d52db,holography-on-ionq/Testing flow/Circuits/Data_batch/Data_0196_010/22_Data_halfMagic_theta_0196_mu_010_bound_ZYY_rx007_ry012_rz007_xx010.qpy,happy_ions/reduced_circuit_entropy.ipynb,SC8-C-C078,0403fbb0aaad5c68,7,1500,1500
SC8,sc8_2026_03_27_apr16_campaign,0196_010,shared_post_recovery,ZYZ,23,23_Data_halfMagic_theta_0196_mu_010_bound_ZYZ_rx007_ry012_rz007_xx010.qpy,data/executed_circuits/SC8/0196_010/23_Data_halfMagic_theta_0196_mu_010_bound_ZYZ_rx007_ry012_rz007_xx010.qpy,309bfbd040650d59ebba5ee5fc78af230791b1da415c4bab4d93ef706675dda3,holography-on-ionq/Testing flow/Circuits/Data_batch/Data_0196_010/23_Data_halfMagic_theta_0196_mu_010_bound_ZYZ_rx007_ry012_rz007_xx010.qpy,happy_ions/reduced_circuit_entropy.ipynb,SC8-C-C078,0403fbb0aaad5c68,7,1500,1500
SC8,sc8_2026_03_27_apr16_campaign,0196_010,shared_post_recovery,ZZX,24,24_Data_halfMagic_theta_0196_mu_010_bound_ZZX_rx007_ry012_rz007_xx010.qpy,data/executed_circuits/SC8/0196_010/24_Data_halfMagic_theta_0196_mu_010_bound_ZZX_rx007_ry012_rz007_xx010.qpy,0c02accdcdaa177f20a1ccb49e970e20598333e99d7c711c03d8f5359b98c50e,holography-on-ionq/Testing flow/Circuits/Data_batch/Data_0196_010/24_Data_halfMagic_theta_0196_mu_010_bound_ZZX_rx007_ry012_rz007_xx010.qpy,happy_ions/reduced_circuit_entropy.ipynb,SC8-C-C078,0403fbb0aaad5c68,7,1500,1500
SC8,sc8_2026_03_27_apr16_campaign,0196_010,shared_post_recovery,ZZY,25,25_Data_halfMagic_theta_0196_mu_010_bound_ZZY_rx007_ry012_rz007_xx010.qpy,data/executed_circuits/SC8/0196_010/25_Data_halfMagic_theta_0196_mu_010_bound_ZZY_rx007_ry012_rz007_xx010.qpy,fc7218111241046664976c853cb3d6d090be75fdea7f5aebf972de7747afc6b8,holography-on-ionq/Testing flow/Circuits/Data_batch/Data_0196_010/25_Data_halfMagic_theta_0196_mu_010_bound_ZZY_rx007_ry012_rz007_xx010.qpy,happy_ions/reduced_circuit_entropy.ipynb,SC8-C-C078,0403fbb0aaad5c68,7,1500,1500
SC8,sc8_2026_03_27_apr16_campaign,0196_010,shared_post_recovery,ZZZ,26,26_Data_halfMagic_theta_0196_mu_010_bound_ZZZ_rx007_ry012_rz007_xx010.qpy,data/executed_circuits/SC8/0196_010/26_Data_halfMagic_theta_0196_mu_010_bound_ZZZ_rx007_ry012_rz007_xx010.qpy,1edd82f22fdc21286300a94d4482ee1d3e342e08eb6daf77f08862bab3c564f8,holography-on-ionq/Testing flow/Circuits/Data_batch/Data_0196_010/26_Data_halfMagic_theta_0196_mu_010_bound_ZZZ_rx007_ry012_rz007_xx010.qpy,happy_ions/reduced_circuit_entropy.ipynb,SC8-C-C078,0403fbb0aaad5c68,7,1500,1500
SC8,sc8_2026_03_27_apr16_campaign,0196_020,shared_post_recovery,XXX,0,00_Data_withMagic_theta_0196_mu_020_bound_XXX_rx015_ry025_rz015_xx020.qpy,data/executed_circuits/SC8/0196_020/00_Data_withMagic_theta_0196_mu_020_bound_XXX_rx015_ry025_rz015_xx020.qpy,f4fb57134f10bf7a38355a5dc98d43c147e7d8b042f4cb9641ae00db94d4bed2,holography-on-ionq/Testing flow/Circuits/Data_batch/Data_0196_020/00_Data_withMagic_theta_0196_mu_020_bound_XXX_rx015_ry025_rz015_xx020.qpy,happy_ions/reduced_circuit_entropy.ipynb,SC8-C-C078,0403fbb0aaad5c68,9,1500,1500
SC8,sc8_2026_03_27_apr16_campaign,0196_020,shared_post_recovery,XXY,1,01_Data_withMagic_theta_0196_mu_020_bound_XXY_rx015_ry025_rz015_xx020.qpy,data/executed_circuits/SC8/0196_020/01_Data_withMagic_theta_0196_mu_020_bound_XXY_rx015_ry025_rz015_xx020.qpy,25dfa28e43695b00604efb224d0a24e68ae2a13742022e62a27d9c37238b1edc,holography-on-ionq/Testing flow/Circuits/Data_batch/Data_0196_020/01_Data_withMagic_theta_0196_mu_020_bound_XXY_rx015_ry025_rz015_xx020.qpy,happy_ions/reduced_circuit_entropy.ipynb,SC8-C-C078,0403fbb0aaad5c68,9,1500,1500
SC8,sc8_2026_03_27_apr16_campaign,0196_020,shared_post_recovery,XXZ,2,02_Data_withMagic_theta_0196_mu_020_bound_XXZ_rx015_ry025_rz015_xx020.qpy,data/executed_circuits/SC8/0196_020/02_Data_withMagic_theta_0196_mu_020_bound_XXZ_rx015_ry025_rz015_xx020.qpy,a5d89577df4dd66b5bd4d600829aeda7f8aa4d7d387956b133f62a1acec2bb79,holography-on-ionq/Testing flow/Circuits/Data_batch/Data_0196_020/02_Data_withMagic_theta_0196_mu_020_bound_XXZ_rx015_ry025_rz015_xx020.qpy,happy_ions/reduced_circuit_entropy.ipynb,SC8-C-C078,0403fbb0aaad5c68,9,1500,1500
SC8,sc8_2026_03_27_apr16_campaign,0196_020,shared_post_recovery,XYX,3,03_Data_withMagic_theta_0196_mu_020_bound_XYX_rx015_ry025_rz015_xx020.qpy,data/executed_circuits/SC8/0196_020/03_Data_withMagic_theta_0196_mu_020_bound_XYX_rx015_ry025_rz015_xx020.qpy,6390f5053b6fdd830e4260b62e1706c65b5daeebbf0af450ed35f74e88f39da5,holography-on-ionq/Testing flow/Circuits/Data_batch/Data_0196_020/03_Data_withMagic_theta_0196_mu_020_bound_XYX_rx015_ry025_rz015_xx020.qpy,happy_ions/reduced_circuit_entropy.ipynb,SC8-C-C078,0403fbb0aaad5c68,9,1500,1500
SC8,sc8_2026_03_27_apr16_campaign,0196_020,shared_post_recovery,XYY,4,04_Data_withMagic_theta_0196_mu_020_bound_XYY_rx015_ry025_rz015_xx020.qpy,data/executed_circuits/SC8/0196_020/04_Data_withMagic_theta_0196_mu_020_bound_XYY_rx015_ry025_rz015_xx020.qpy,ff15060ea9d9ebb2829dae29aba8e7d6b357b6f866fbfb358d778638ddc2cd65,holography-on-ionq/Testing flow/Circuits/Data_batch/Data_0196_020/04_Data_withMagic_theta_0196_mu_020_bound_XYY_rx015_ry025_rz015_xx020.qpy,happy_ions/reduced_circuit_entropy.ipynb,SC8-C-C078,0403fbb0aaad5c68,9,1500,1500
SC8,sc8_2026_03_27_apr16_campaign,0196_020,shared_post_recovery,XYZ,5,05_Data_withMagic_theta_0196_mu_020_bound_XYZ_rx015_ry025_rz015_xx020.qpy,data/executed_circuits/SC8/0196_020/05_Data_withMagic_theta_0196_mu_020_bound_XYZ_rx015_ry025_rz015_xx020.qpy,be0180c4800641d3c2894b35537e3cb60394b0e7784195ebec63665e43352f8a,holography-on-ionq/Testing flow/Circuits/Data_batch/Data_0196_020/05_Data_withMagic_theta_0196_mu_020_bound_XYZ_rx015_ry025_rz015_xx020.qpy,happy_ions/reduced_circuit_entropy.ipynb,SC8-C-C078,0403fbb0aaad5c68,9,1500,1500
SC8,sc8_2026_03_27_apr16_campaign,0196_020,shared_post_recovery,XZX,6,06_Data_withMagic_theta_0196_mu_020_bound_XZX_rx015_ry025_rz015_xx020.qpy,data/executed_circuits/SC8/0196_020/06_Data_withMagic_theta_0196_mu_020_bound_XZX_rx015_ry025_rz015_xx020.qpy,acea3630e27b045b90ffbe12ae6bd3e041e43ba48af396589fe733a80eb0d1c1,holography-on-ionq/Testing flow/Circuits/Data_batch/Data_0196_020/06_Data_withMagic_theta_0196_mu_020_bound_XZX_rx015_ry025_rz015_xx020.qpy,happy_ions/reduced_circuit_entropy.ipynb,SC8-C-C078,0403fbb0aaad5c68,9,1500,1500
SC8,sc8_2026_03_27_apr16_campaign,0196_020,shared_post_recovery,XZY,7,07_Data_withMagic_theta_0196_mu_020_bound_XZY_rx015_ry025_rz015_xx020.qpy,data/executed_circuits/SC8/0196_020/07_Data_withMagic_theta_0196_mu_020_bound_XZY_rx015_ry025_rz015_xx020.qpy,6a9d1d442b6aea4bdcca9005dc0a714810f1cea16acd18c16430bfe4fb56072a,holography-on-ionq/Testing flow/Circuits/Data_batch/Data_0196_020/07_Data_withMagic_theta_0196_mu_020_bound_XZY_rx015_ry025_rz015_xx020.qpy,happy_ions/reduced_circuit_entropy.ipynb,SC8-C-C078,0403fbb0aaad5c68,9,1500,1500
SC8,sc8_2026_03_27_apr16_campaign,0196_020,shared_post_recovery,XZZ,8,08_Data_withMagic_theta_0196_mu_020_bound_XZZ_rx015_ry025_rz015_xx020.qpy,data/executed_circuits/SC8/0196_020/08_Data_withMagic_theta_0196_mu_020_bound_XZZ_rx015_ry025_rz015_xx020.qpy,61b94674178c9dd3784c92440156cdf3d4f57d975aba2ac150abd09468b50bfd,holography-on-ionq/Testing flow/Circuits/Data_batch/Data_0196_020/08_Data_withMagic_theta_0196_mu_020_bound_XZZ_rx015_ry025_rz015_xx020.qpy,happy_ions/reduced_circuit_entropy.ipynb,SC8-C-C078,0403fbb0aaad5c68,9,1500,1500
SC8,sc8_2026_03_27_apr16_campaign,0196_020,shared_post_recovery,YXX,9,09_Data_withMagic_theta_0196_mu_020_bound_YXX_rx015_ry025_rz015_xx020.qpy,data/executed_circuits/SC8/0196_020/09_Data_withMagic_theta_0196_mu_020_bound_YXX_rx015_ry025_rz015_xx020.qpy,52652b63d487a947608ba1ca8e2844e241312643245c49812249d3e3f1a2b645,holography-on-ionq/Testing flow/Circuits/Data_batch/Data_0196_020/09_Data_withMagic_theta_0196_mu_020_bound_YXX_rx015_ry025_rz015_xx020.qpy,happy_ions/reduced_circuit_entropy.ipynb,SC8-C-C078,0403fbb0aaad5c68,9,1500,1500
SC8,sc8_2026_03_27_apr16_campaign,0196_020,shared_post_recovery,YXY,10,10_Data_withMagic_theta_0196_mu_020_bound_YXY_rx015_ry025_rz015_xx020.qpy,data/executed_circuits/SC8/0196_020/10_Data_withMagic_theta_0196_mu_020_bound_YXY_rx015_ry025_rz015_xx020.qpy,5c9cd5ddd6565ed3f200f86a06cc4ea7fd578dae98ad6d12838cfca3900f13c6,holography-on-ionq/Testing flow/Circuits/Data_batch/Data_0196_020/10_Data_withMagic_theta_0196_mu_020_bound_YXY_rx015_ry025_rz015_xx020.qpy,happy_ions/reduced_circuit_entropy.ipynb,SC8-C-C078,0403fbb0aaad5c68,9,1500,1500
SC8,sc8_2026_03_27_apr16_campaign,0196_020,shared_post_recovery,YXZ,11,11_Data_withMagic_theta_0196_mu_020_bound_YXZ_rx015_ry025_rz015_xx020.qpy,data/executed_circuits/SC8/0196_020/11_Data_withMagic_theta_0196_mu_020_bound_YXZ_rx015_ry025_rz015_xx020.qpy,edf74375632139517db84168fd7cce2ab1a8a9a66cf0e3424fee7ffe898d4bc6,holography-on-ionq/Testing flow/Circuits/Data_batch/Data_0196_020/11_Data_withMagic_theta_0196_mu_020_bound_YXZ_rx015_ry025_rz015_xx020.qpy,happy_ions/reduced_circuit_entropy.ipynb,SC8-C-C078,0403fbb0aaad5c68,9,1500,1500
SC8,sc8_2026_03_27_apr16_campaign,0196_020,shared_post_recovery,YYX,12,12_Data_withMagic_theta_0196_mu_020_bound_YYX_rx015_ry025_rz015_xx020.qpy,data/executed_circuits/SC8/0196_020/12_Data_withMagic_theta_0196_mu_020_bound_YYX_rx015_ry025_rz015_xx020.qpy,8ccfacfc0b9090ace3ccebb52e0bed2b942c21ab3b84afcc0100d589f11b8425,holography-on-ionq/Testing flow/Circuits/Data_batch/Data_0196_020/12_Data_withMagic_theta_0196_mu_020_bound_YYX_rx015_ry025_rz015_xx020.qpy,happy_ions/reduced_circuit_entropy.ipynb,SC8-C-C078,0403fbb0aaad5c68,9,1500,1500
SC8,sc8_2026_03_27_apr16_campaign,0196_020,shared_post_recovery,YYY,13,13_Data_withMagic_theta_0196_mu_020_bound_YYY_rx015_ry025_rz015_xx020.qpy,data/executed_circuits/SC8/0196_020/13_Data_withMagic_theta_0196_mu_020_bound_YYY_rx015_ry025_rz015_xx020.qpy,31db10ab036cbe2517ac5265efdf5ad099a5cebce28c585c38f1e9a76e3cf60e,holography-on-ionq/Testing flow/Circuits/Data_batch/Data_0196_020/13_Data_withMagic_theta_0196_mu_020_bound_YYY_rx015_ry025_rz015_xx020.qpy,happy_ions/reduced_circuit_entropy.ipynb,SC8-C-C078,0403fbb0aaad5c68,9,1500,1500
SC8,sc8_2026_03_27_apr16_campaign,0196_020,shared_post_recovery,YYZ,14,14_Data_withMagic_theta_0196_mu_020_bound_YYZ_rx015_ry025_rz015_xx020.qpy,data/executed_circuits/SC8/0196_020/14_Data_withMagic_theta_0196_mu_020_bound_YYZ_rx015_ry025_rz015_xx020.qpy,f04ca8f1ec8fc86a0295bc8b98bd54024d79c8bbda13943c32f86f5c060ad19d,holography-on-ionq/Testing flow/Circuits/Data_batch/Data_0196_020/14_Data_withMagic_theta_0196_mu_020_bound_YYZ_rx015_ry025_rz015_xx020.qpy,happy_ions/reduced_circuit_entropy.ipynb,SC8-C-C078,0403fbb0aaad5c68,9,1500,1500
SC8,sc8_2026_03_27_apr16_campaign,0196_020,shared_post_recovery,YZX,15,15_Data_withMagic_theta_0196_mu_020_bound_YZX_rx015_ry025_rz015_xx020.qpy,data/executed_circuits/SC8/0196_020/15_Data_withMagic_theta_0196_mu_020_bound_YZX_rx015_ry025_rz015_xx020.qpy,7613e9d46d14648ad447066b23764178471977ebbd04f2f8d639ee50a0df0b31,holography-on-ionq/Testing flow/Circuits/Data_batch/Data_0196_020/15_Data_withMagic_theta_0196_mu_020_bound_YZX_rx015_ry025_rz015_xx020.qpy,happy_ions/reduced_circuit_entropy.ipynb,SC8-C-C078,0403fbb0aaad5c68,9,1500,1500
SC8,sc8_2026_03_27_apr16_campaign,0196_020,shared_post_recovery,YZY,16,16_Data_withMagic_theta_0196_mu_020_bound_YZY_rx015_ry025_rz015_xx020.qpy,data/executed_circuits/SC8/0196_020/16_Data_withMagic_theta_0196_mu_020_bound_YZY_rx015_ry025_rz015_xx020.qpy,38031f9119b20d53732de67955eeebfe214a822a90b94616e3095df5eb482959,holography-on-ionq/Testing flow/Circuits/Data_batch/Data_0196_020/16_Data_withMagic_theta_0196_mu_020_bound_YZY_rx015_ry025_rz015_xx020.qpy,happy_ions/reduced_circuit_entropy.ipynb,SC8-C-C078,0403fbb0aaad5c68,9,1500,1500
SC8,sc8_2026_03_27_apr16_campaign,0196_020,shared_post_recovery,YZZ,17,17_Data_withMagic_theta_0196_mu_020_bound_YZZ_rx015_ry025_rz015_xx020.qpy,data/executed_circuits/SC8/0196_020/17_Data_withMagic_theta_0196_mu_020_bound_YZZ_rx015_ry025_rz015_xx020.qpy,5b39cff8f1235239ec2a7bb82cb68929502b3ec6a73942196ebec5c4a2e2ae29,holography-on-ionq/Testing flow/Circuits/Data_batch/Data_0196_020/17_Data_withMagic_theta_0196_mu_020_bound_YZZ_rx015_ry025_rz015_xx020.qpy,happy_ions/reduced_circuit_entropy.ipynb,SC8-C-C078,0403fbb0aaad5c68,9,1500,1500
SC8,sc8_2026_03_27_apr16_campaign,0196_020,shared_post_recovery,ZXX,18,18_Data_withMagic_theta_0196_mu_020_bound_ZXX_rx015_ry025_rz015_xx020.qpy,data/executed_circuits/SC8/0196_020/18_Data_withMagic_theta_0196_mu_020_bound_ZXX_rx015_ry025_rz015_xx020.qpy,253d48b65c544cb2f0928873ce367d6caadd72bbf05476035a4d46f45badfa78,holography-on-ionq/Testing flow/Circuits/Data_batch/Data_0196_020/18_Data_withMagic_theta_0196_mu_020_bound_ZXX_rx015_ry025_rz015_xx020.qpy,happy_ions/reduced_circuit_entropy.ipynb,SC8-C-C078,0403fbb0aaad5c68,9,1500,1500
SC8,sc8_2026_03_27_apr16_campaign,0196_020,shared_post_recovery,ZXY,19,19_Data_withMagic_theta_0196_mu_020_bound_ZXY_rx015_ry025_rz015_xx020.qpy,data/executed_circuits/SC8/0196_020/19_Data_withMagic_theta_0196_mu_020_bound_ZXY_rx015_ry025_rz015_xx020.qpy,c0773ebc17b5274be71bbebedd5c3bc3a47d0764eac5d004624ba62f939fddb1,holography-on-ionq/Testing flow/Circuits/Data_batch/Data_0196_020/19_Data_withMagic_theta_0196_mu_020_bound_ZXY_rx015_ry025_rz015_xx020.qpy,happy_ions/reduced_circuit_entropy.ipynb,SC8-C-C078,0403fbb0aaad5c68,9,1500,1500
SC8,sc8_2026_03_27_apr16_campaign,0196_020,shared_post_recovery,ZXZ,20,20_Data_withMagic_theta_0196_mu_020_bound_ZXZ_rx015_ry025_rz015_xx020.qpy,data/executed_circuits/SC8/0196_020/20_Data_withMagic_theta_0196_mu_020_bound_ZXZ_rx015_ry025_rz015_xx020.qpy,0213c8f1c0bf7cc9968796c0c4d3fbb1c1768a4372f8c9c4f7be25789b436b28,holography-on-ionq/Testing flow/Circuits/Data_batch/Data_0196_020/20_Data_withMagic_theta_0196_mu_020_bound_ZXZ_rx015_ry025_rz015_xx020.qpy,happy_ions/reduced_circuit_entropy.ipynb,SC8-C-C078,0403fbb0aaad5c68,9,1500,1500
SC8,sc8_2026_03_27_apr16_campaign,0196_020,shared_post_recovery,ZYX,21,21_Data_withMagic_theta_0196_mu_020_bound_ZYX_rx015_ry025_rz015_xx020.qpy,data/executed_circuits/SC8/0196_020/21_Data_withMagic_theta_0196_mu_020_bound_ZYX_rx015_ry025_rz015_xx020.qpy,d3a5385f66cd1a9d64f03b5490359623f97332d708ce42506357896f33c494e3,holography-on-ionq/Testing flow/Circuits/Data_batch/Data_0196_020/21_Data_withMagic_theta_0196_mu_020_bound_ZYX_rx015_ry025_rz015_xx020.qpy,happy_ions/reduced_circuit_entropy.ipynb,SC8-C-C078,0403fbb0aaad5c68,9,1500,1500
SC8,sc8_2026_03_27_apr16_campaign,0196_020,shared_post_recovery,ZYY,22,22_Data_withMagic_theta_0196_mu_020_bound_ZYY_rx015_ry025_rz015_xx020.qpy,data/executed_circuits/SC8/0196_020/22_Data_withMagic_theta_0196_mu_020_bound_ZYY_rx015_ry025_rz015_xx020.qpy,d298df3404edbd6f051035c00171c56c8682cf51c9ea007427a6d00485f1d634,holography-on-ionq/Testing flow/Circuits/Data_batch/Data_0196_020/22_Data_withMagic_theta_0196_mu_020_bound_ZYY_rx015_ry025_rz015_xx020.qpy,happy_ions/reduced_circuit_entropy.ipynb,SC8-C-C078,0403fbb0aaad5c68,9,1500,1500
SC8,sc8_2026_03_27_apr16_campaign,0196_020,shared_post_recovery,ZYZ,23,23_Data_withMagic_theta_0196_mu_020_bound_ZYZ_rx015_ry025_rz015_xx020.qpy,data/executed_circuits/SC8/0196_020/23_Data_withMagic_theta_0196_mu_020_bound_ZYZ_rx015_ry025_rz015_xx020.qpy,148e624e277dcb344d0f3ba006cdb2fdf1ca06a8902c05d9a5838512483a5e70,holography-on-ionq/Testing flow/Circuits/Data_batch/Data_0196_020/23_Data_withMagic_theta_0196_mu_020_bound_ZYZ_rx015_ry025_rz015_xx020.qpy,happy_ions/reduced_circuit_entropy.ipynb,SC8-C-C078,0403fbb0aaad5c68,9,1500,1500
SC8,sc8_2026_03_27_apr16_campaign,0196_020,shared_post_recovery,ZZX,24,24_Data_withMagic_theta_0196_mu_020_bound_ZZX_rx015_ry025_rz015_xx020.qpy,data/executed_circuits/SC8/0196_020/24_Data_withMagic_theta_0196_mu_020_bound_ZZX_rx015_ry025_rz015_xx020.qpy,96c1a913ba8e135320fa4beb98b358eb38ca1d2e521282a2debd6f996dae9f61,holography-on-ionq/Testing flow/Circuits/Data_batch/Data_0196_020/24_Data_withMagic_theta_0196_mu_020_bound_ZZX_rx015_ry025_rz015_xx020.qpy,happy_ions/reduced_circuit_entropy.ipynb,SC8-C-C078,0403fbb0aaad5c68,9,1500,1500
SC8,sc8_2026_03_27_apr16_campaign,0196_020,shared_post_recovery,ZZY,25,25_Data_withMagic_theta_0196_mu_020_bound_ZZY_rx015_ry025_rz015_xx020.qpy,data/executed_circuits/SC8/0196_020/25_Data_withMagic_theta_0196_mu_020_bound_ZZY_rx015_ry025_rz015_xx020.qpy,cca7be07777b923d390b5123a2a4228f075c2b778184c114f2a8a084c45db7f0,holography-on-ionq/Testing flow/Circuits/Data_batch/Data_0196_020/25_Data_withMagic_theta_0196_mu_020_bound_ZZY_rx015_ry025_rz015_xx020.qpy,happy_ions/reduced_circuit_entropy.ipynb,SC8-C-C078,0403fbb0aaad5c68,9,1500,1500
SC8,sc8_2026_03_27_apr16_campaign,0196_020,shared_post_recovery,ZZZ,26,26_Data_withMagic_theta_0196_mu_020_bound_ZZZ_rx015_ry025_rz015_xx020.qpy,data/executed_circuits/SC8/0196_020/26_Data_withMagic_theta_0196_mu_020_bound_ZZZ_rx015_ry025_rz015_xx020.qpy,1b710dbe9065c31d80111e0f7ca8c4c61e2097415238616598d676980ec837fc,holography-on-ionq/Testing flow/Circuits/Data_batch/Data_0196_020/26_Data_withMagic_theta_0196_mu_020_bound_ZZZ_rx015_ry025_rz015_xx020.qpy,happy_ions/reduced_circuit_entropy.ipynb,SC8-C-C078,0403fbb0aaad5c68,9,1500,1500
SC8,sc8_2026_03_27_apr16_campaign,0393_000,shared_post_recovery,XXX,0,00_Data_zeromagic_theta_0393_mu_000_bound_XXX_rx000_ry000_rz000_xx000.qpy,data/executed_circuits/SC8/0393_000/00_Data_zeromagic_theta_0393_mu_000_bound_XXX_rx000_ry000_rz000_xx000.qpy,78456bba2309f39d1358590a129df0112e4d1f2ca823365b01da75412f04ee5a,holography-on-ionq/Testing flow/Circuits/Data_batch/Data_0393_000/00_Data_zeromagic_theta_0393_mu_000_bound_XXX_rx000_ry000_rz000_xx000.qpy,happy_ions/reduced_circuit_entropy.ipynb,SC8-C-C078,0403fbb0aaad5c68,11,2100,2100
SC8,sc8_2026_03_27_apr16_campaign,0393_000,shared_post_recovery,XXY,1,01_Data_zeromagic_theta_0393_mu_000_bound_XXY_rx000_ry000_rz000_xx000.qpy,data/executed_circuits/SC8/0393_000/01_Data_zeromagic_theta_0393_mu_000_bound_XXY_rx000_ry000_rz000_xx000.qpy,106e80102fe43f21e02accf7450391d6ce242c34eebc8541a25dd884eb536646,holography-on-ionq/Testing flow/Circuits/Data_batch/Data_0393_000/01_Data_zeromagic_theta_0393_mu_000_bound_XXY_rx000_ry000_rz000_xx000.qpy,happy_ions/reduced_circuit_entropy.ipynb,SC8-C-C078,0403fbb0aaad5c68,11,2100,2100
SC8,sc8_2026_03_27_apr16_campaign,0393_000,shared_post_recovery,XXZ,2,02_Data_zeromagic_theta_0393_mu_000_bound_XXZ_rx000_ry000_rz000_xx000.qpy,data/executed_circuits/SC8/0393_000/02_Data_zeromagic_theta_0393_mu_000_bound_XXZ_rx000_ry000_rz000_xx000.qpy,7136ddb62c2000a5a794d131647c1044bfd35479fb9a72c906b562fc6854a21c,holography-on-ionq/Testing flow/Circuits/Data_batch/Data_0393_000/02_Data_zeromagic_theta_0393_mu_000_bound_XXZ_rx000_ry000_rz000_xx000.qpy,happy_ions/reduced_circuit_entropy.ipynb,SC8-C-C078,0403fbb0aaad5c68,11,2100,2100
SC8,sc8_2026_03_27_apr16_campaign,0393_000,shared_post_recovery,XYX,3,03_Data_zeromagic_theta_0393_mu_000_bound_XYX_rx000_ry000_rz000_xx000.qpy,data/executed_circuits/SC8/0393_000/03_Data_zeromagic_theta_0393_mu_000_bound_XYX_rx000_ry000_rz000_xx000.qpy,17e07de3242296a380a96edaef5ff9622b88842acb40378610694116291e76b3,holography-on-ionq/Testing flow/Circuits/Data_batch/Data_0393_000/03_Data_zeromagic_theta_0393_mu_000_bound_XYX_rx000_ry000_rz000_xx000.qpy,happy_ions/reduced_circuit_entropy.ipynb,SC8-C-C078,0403fbb0aaad5c68,11,2100,2100
SC8,sc8_2026_03_27_apr16_campaign,0393_000,shared_post_recovery,XYY,4,04_Data_zeromagic_theta_0393_mu_000_bound_XYY_rx000_ry000_rz000_xx000.qpy,data/executed_circuits/SC8/0393_000/04_Data_zeromagic_theta_0393_mu_000_bound_XYY_rx000_ry000_rz000_xx000.qpy,d1e966f3397d5f8e53af0ced9746a2b5e482bf075dfe02aeb55f3eee98bfc98e,holography-on-ionq/Testing flow/Circuits/Data_batch/Data_0393_000/04_Data_zeromagic_theta_0393_mu_000_bound_XYY_rx000_ry000_rz000_xx000.qpy,happy_ions/reduced_circuit_entropy.ipynb,SC8-C-C078,0403fbb0aaad5c68,11,2100,2100
SC8,sc8_2026_03_27_apr16_campaign,0393_000,shared_post_recovery,XYZ,5,05_Data_zeromagic_theta_0393_mu_000_bound_XYZ_rx000_ry000_rz000_xx000.qpy,data/executed_circuits/SC8/0393_000/05_Data_zeromagic_theta_0393_mu_000_bound_XYZ_rx000_ry000_rz000_xx000.qpy,9d9a11efc46806e51869e702495ffecd8e837e60ac7229de03b6f733735ee2f1,holography-on-ionq/Testing flow/Circuits/Data_batch/Data_0393_000/05_Data_zeromagic_theta_0393_mu_000_bound_XYZ_rx000_ry000_rz000_xx000.qpy,happy_ions/reduced_circuit_entropy.ipynb,SC8-C-C078,0403fbb0aaad5c68,11,2100,2100
SC8,sc8_2026_03_27_apr16_campaign,0393_000,shared_post_recovery,XZX,6,06_Data_zeromagic_theta_0393_mu_000_bound_XZX_rx000_ry000_rz000_xx000.qpy,data/executed_circuits/SC8/0393_000/06_Data_zeromagic_theta_0393_mu_000_bound_XZX_rx000_ry000_rz000_xx000.qpy,633294e5215f46a7746be9d69dbd589b027b712bd8ec7e43d3e8cd68878f7444,holography-on-ionq/Testing flow/Circuits/Data_batch/Data_0393_000/06_Data_zeromagic_theta_0393_mu_000_bound_XZX_rx000_ry000_rz000_xx000.qpy,happy_ions/reduced_circuit_entropy.ipynb,SC8-C-C078,0403fbb0aaad5c68,11,2100,2100
SC8,sc8_2026_03_27_apr16_campaign,0393_000,shared_post_recovery,XZY,7,07_Data_zeromagic_theta_0393_mu_000_bound_XZY_rx000_ry000_rz000_xx000.qpy,data/executed_circuits/SC8/0393_000/07_Data_zeromagic_theta_0393_mu_000_bound_XZY_rx000_ry000_rz000_xx000.qpy,fa44519dde9f395e3a71a48f1c108e327d199f53eb2de3e5a6efe3136ece0d79,holography-on-ionq/Testing flow/Circuits/Data_batch/Data_0393_000/07_Data_zeromagic_theta_0393_mu_000_bound_XZY_rx000_ry000_rz000_xx000.qpy,happy_ions/reduced_circuit_entropy.ipynb,SC8-C-C078,0403fbb0aaad5c68,11,2100,2100
SC8,sc8_2026_03_27_apr16_campaign,0393_000,shared_post_recovery,XZZ,8,08_Data_zeromagic_theta_0393_mu_000_bound_XZZ_rx000_ry000_rz000_xx000.qpy,data/executed_circuits/SC8/0393_000/08_Data_zeromagic_theta_0393_mu_000_bound_XZZ_rx000_ry000_rz000_xx000.qpy,3052fc25ef4209c621ca6957c266f6a2f816a21c13e3476888e66b59ae937044,holography-on-ionq/Testing flow/Circuits/Data_batch/Data_0393_000/08_Data_zeromagic_theta_0393_mu_000_bound_XZZ_rx000_ry000_rz000_xx000.qpy,happy_ions/reduced_circuit_entropy.ipynb,SC8-C-C078,0403fbb0aaad5c68,11,2100,2100
SC8,sc8_2026_03_27_apr16_campaign,0393_000,shared_post_recovery,YXX,9,09_Data_zeromagic_theta_0393_mu_000_bound_YXX_rx000_ry000_rz000_xx000.qpy,data/executed_circuits/SC8/0393_000/09_Data_zeromagic_theta_0393_mu_000_bound_YXX_rx000_ry000_rz000_xx000.qpy,7d41d0e1c90783549e1bb9bca5b8b1124e993a174712796c738ff4ddeb9fcc07,holography-on-ionq/Testing flow/Circuits/Data_batch/Data_0393_000/09_Data_zeromagic_theta_0393_mu_000_bound_YXX_rx000_ry000_rz000_xx000.qpy,happy_ions/reduced_circuit_entropy.ipynb,SC8-C-C078,0403fbb0aaad5c68,11,2100,2100
SC8,sc8_2026_03_27_apr16_campaign,0393_000,shared_post_recovery,YXY,10,10_Data_zeromagic_theta_0393_mu_000_bound_YXY_rx000_ry000_rz000_xx000.qpy,data/executed_circuits/SC8/0393_000/10_Data_zeromagic_theta_0393_mu_000_bound_YXY_rx000_ry000_rz000_xx000.qpy,3e0b4459b7db57306b36b3142e0920e1cc710848972e53b44361594bb0c9b1b4,holography-on-ionq/Testing flow/Circuits/Data_batch/Data_0393_000/10_Data_zeromagic_theta_0393_mu_000_bound_YXY_rx000_ry000_rz000_xx000.qpy,happy_ions/reduced_circuit_entropy.ipynb,SC8-C-C078,0403fbb0aaad5c68,11,2100,2100
SC8,sc8_2026_03_27_apr16_campaign,0393_000,shared_post_recovery,YXZ,11,11_Data_zeromagic_theta_0393_mu_000_bound_YXZ_rx000_ry000_rz000_xx000.qpy,data/executed_circuits/SC8/0393_000/11_Data_zeromagic_theta_0393_mu_000_bound_YXZ_rx000_ry000_rz000_xx000.qpy,4d11bd6ab856d70e756c304f4a0efc21014957175edd40692774b426f22ce453,holography-on-ionq/Testing flow/Circuits/Data_batch/Data_0393_000/11_Data_zeromagic_theta_0393_mu_000_bound_YXZ_rx000_ry000_rz000_xx000.qpy,happy_ions/reduced_circuit_entropy.ipynb,SC8-C-C078,0403fbb0aaad5c68,11,2100,2100
SC8,sc8_2026_03_27_apr16_campaign,0393_000,shared_post_recovery,YYX,12,12_Data_zeromagic_theta_0393_mu_000_bound_YYX_rx000_ry000_rz000_xx000.qpy,data/executed_circuits/SC8/0393_000/12_Data_zeromagic_theta_0393_mu_000_bound_YYX_rx000_ry000_rz000_xx000.qpy,8261430050a0c84c4dcddeda4ca5bf2c60b6905d551c9f4ff19c7916ad53b6e2,holography-on-ionq/Testing flow/Circuits/Data_batch/Data_0393_000/12_Data_zeromagic_theta_0393_mu_000_bound_YYX_rx000_ry000_rz000_xx000.qpy,happy_ions/reduced_circuit_entropy.ipynb,SC8-C-C078,0403fbb0aaad5c68,11,2100,2100
SC8,sc8_2026_03_27_apr16_campaign,0393_000,shared_post_recovery,YYY,13,13_Data_zeromagic_theta_0393_mu_000_bound_YYY_rx000_ry000_rz000_xx000.qpy,data/executed_circuits/SC8/0393_000/13_Data_zeromagic_theta_0393_mu_000_bound_YYY_rx000_ry000_rz000_xx000.qpy,4c1ca20487ca88ed53110e4b983c155b004e50acf9b3ab9dce3834132a420c22,holography-on-ionq/Testing flow/Circuits/Data_batch/Data_0393_000/13_Data_zeromagic_theta_0393_mu_000_bound_YYY_rx000_ry000_rz000_xx000.qpy,happy_ions/reduced_circuit_entropy.ipynb,SC8-C-C078,0403fbb0aaad5c68,11,2100,2100
SC8,sc8_2026_03_27_apr16_campaign,0393_000,shared_post_recovery,YYZ,14,14_Data_zeromagic_theta_0393_mu_000_bound_YYZ_rx000_ry000_rz000_xx000.qpy,data/executed_circuits/SC8/0393_000/14_Data_zeromagic_theta_0393_mu_000_bound_YYZ_rx000_ry000_rz000_xx000.qpy,e5c9b8c4df090193ff3be0fffe009f4de64211407e47105113515896673a9b17,holography-on-ionq/Testing flow/Circuits/Data_batch/Data_0393_000/14_Data_zeromagic_theta_0393_mu_000_bound_YYZ_rx000_ry000_rz000_xx000.qpy,happy_ions/reduced_circuit_entropy.ipynb,SC8-C-C078,0403fbb0aaad5c68,11,2100,2100
SC8,sc8_2026_03_27_apr16_campaign,0393_000,shared_post_recovery,YZX,15,15_Data_zeromagic_theta_0393_mu_000_bound_YZX_rx000_ry000_rz000_xx000.qpy,data/executed_circuits/SC8/0393_000/15_Data_zeromagic_theta_0393_mu_000_bound_YZX_rx000_ry000_rz000_xx000.qpy,b4efb8d4998e788780a76de1ed798e6438d832487798eee583650ca08342e5c7,holography-on-ionq/Testing flow/Circuits/Data_batch/Data_0393_000/15_Data_zeromagic_theta_0393_mu_000_bound_YZX_rx000_ry000_rz000_xx000.qpy,happy_ions/reduced_circuit_entropy.ipynb,SC8-C-C078,0403fbb0aaad5c68,11,2100,2100
SC8,sc8_2026_03_27_apr16_campaign,0393_000,shared_post_recovery,YZY,16,16_Data_zeromagic_theta_0393_mu_000_bound_YZY_rx000_ry000_rz000_xx000.qpy,data/executed_circuits/SC8/0393_000/16_Data_zeromagic_theta_0393_mu_000_bound_YZY_rx000_ry000_rz000_xx000.qpy,edaa7c974cc5ea98f3fe60d124f18c38cda0f2865b9780dbeb490fca6cadcead,holography-on-ionq/Testing flow/Circuits/Data_batch/Data_0393_000/16_Data_zeromagic_theta_0393_mu_000_bound_YZY_rx000_ry000_rz000_xx000.qpy,happy_ions/reduced_circuit_entropy.ipynb,SC8-C-C078,0403fbb0aaad5c68,11,2100,2100
SC8,sc8_2026_03_27_apr16_campaign,0393_000,shared_post_recovery,YZZ,17,17_Data_zeromagic_theta_0393_mu_000_bound_YZZ_rx000_ry000_rz000_xx000.qpy,data/executed_circuits/SC8/0393_000/17_Data_zeromagic_theta_0393_mu_000_bound_YZZ_rx000_ry000_rz000_xx000.qpy,11ab9579016dffa0597df0e01711f220786bf89a843fb2551a0d911057ca5c41,holography-on-ionq/Testing flow/Circuits/Data_batch/Data_0393_000/17_Data_zeromagic_theta_0393_mu_000_bound_YZZ_rx000_ry000_rz000_xx000.qpy,happy_ions/reduced_circuit_entropy.ipynb,SC8-C-C078,0403fbb0aaad5c68,11,2100,2100
SC8,sc8_2026_03_27_apr16_campaign,0393_000,shared_post_recovery,ZXX,18,18_Data_zeromagic_theta_0393_mu_000_bound_ZXX_rx000_ry000_rz000_xx000.qpy,data/executed_circuits/SC8/0393_000/18_Data_zeromagic_theta_0393_mu_000_bound_ZXX_rx000_ry000_rz000_xx000.qpy,bb8b3a710c536b8ced48af51be00e9097a099d885711363f0e31d83e9d683b4b,holography-on-ionq/Testing flow/Circuits/Data_batch/Data_0393_000/18_Data_zeromagic_theta_0393_mu_000_bound_ZXX_rx000_ry000_rz000_xx000.qpy,happy_ions/reduced_circuit_entropy.ipynb,SC8-C-C078,0403fbb0aaad5c68,11,2100,2100
SC8,sc8_2026_03_27_apr16_campaign,0393_000,shared_post_recovery,ZXY,19,19_Data_zeromagic_theta_0393_mu_000_bound_ZXY_rx000_ry000_rz000_xx000.qpy,data/executed_circuits/SC8/0393_000/19_Data_zeromagic_theta_0393_mu_000_bound_ZXY_rx000_ry000_rz000_xx000.qpy,8cb6625cd6fb4cbf01d0fcd371870b467e0218cf9cb3079e399e095d70a92aea,holography-on-ionq/Testing flow/Circuits/Data_batch/Data_0393_000/19_Data_zeromagic_theta_0393_mu_000_bound_ZXY_rx000_ry000_rz000_xx000.qpy,happy_ions/reduced_circuit_entropy.ipynb,SC8-C-C078,0403fbb0aaad5c68,11,2100,2100
SC8,sc8_2026_03_27_apr16_campaign,0393_000,shared_post_recovery,ZXZ,20,20_Data_zeromagic_theta_0393_mu_000_bound_ZXZ_rx000_ry000_rz000_xx000.qpy,data/executed_circuits/SC8/0393_000/20_Data_zeromagic_theta_0393_mu_000_bound_ZXZ_rx000_ry000_rz000_xx000.qpy,6515e5d5e591425a41ff0ba2f5448a824e025fd5d37aba5a77ae0930afeb1e95,holography-on-ionq/Testing flow/Circuits/Data_batch/Data_0393_000/20_Data_zeromagic_theta_0393_mu_000_bound_ZXZ_rx000_ry000_rz000_xx000.qpy,happy_ions/reduced_circuit_entropy.ipynb,SC8-C-C078,0403fbb0aaad5c68,11,2100,2100
SC8,sc8_2026_03_27_apr16_campaign,0393_000,shared_post_recovery,ZYX,21,21_Data_zeromagic_theta_0393_mu_000_bound_ZYX_rx000_ry000_rz000_xx000.qpy,data/executed_circuits/SC8/0393_000/21_Data_zeromagic_theta_0393_mu_000_bound_ZYX_rx000_ry000_rz000_xx000.qpy,a2146fbfe4eda11752db257accb084f8e3759aaa5d9d1612b1432ed5abdeb851,holography-on-ionq/Testing flow/Circuits/Data_batch/Data_0393_000/21_Data_zeromagic_theta_0393_mu_000_bound_ZYX_rx000_ry000_rz000_xx000.qpy,happy_ions/reduced_circuit_entropy.ipynb,SC8-C-C078,0403fbb0aaad5c68,11,2100,2100
SC8,sc8_2026_03_27_apr16_campaign,0393_000,shared_post_recovery,ZYY,22,22_Data_zeromagic_theta_0393_mu_000_bound_ZYY_rx000_ry000_rz000_xx000.qpy,data/executed_circuits/SC8/0393_000/22_Data_zeromagic_theta_0393_mu_000_bound_ZYY_rx000_ry000_rz000_xx000.qpy,e8a9cff8418a03aa9e5736ba2db769b28ff7973d5ecd57731e69b025f1197a56,holography-on-ionq/Testing flow/Circuits/Data_batch/Data_0393_000/22_Data_zeromagic_theta_0393_mu_000_bound_ZYY_rx000_ry000_rz000_xx000.qpy,happy_ions/reduced_circuit_entropy.ipynb,SC8-C-C078,0403fbb0aaad5c68,11,2100,2100
SC8,sc8_2026_03_27_apr16_campaign,0393_000,shared_post_recovery,ZYZ,23,23_Data_zeromagic_theta_0393_mu_000_bound_ZYZ_rx000_ry000_rz000_xx000.qpy,data/executed_circuits/SC8/0393_000/23_Data_zeromagic_theta_0393_mu_000_bound_ZYZ_rx000_ry000_rz000_xx000.qpy,26b1e3ff21ffb4010f9dd39d8d739f3e8a2fb9631170e8c858ef9bd211e3cb17,holography-on-ionq/Testing flow/Circuits/Data_batch/Data_0393_000/23_Data_zeromagic_theta_0393_mu_000_bound_ZYZ_rx000_ry000_rz000_xx000.qpy,happy_ions/reduced_circuit_entropy.ipynb,SC8-C-C078,0403fbb0aaad5c68,11,2100,2100
SC8,sc8_2026_03_27_apr16_campaign,0393_000,shared_post_recovery,ZZX,24,24_Data_zeromagic_theta_0393_mu_000_bound_ZZX_rx000_ry000_rz000_xx000.qpy,data/executed_circuits/SC8/0393_000/24_Data_zeromagic_theta_0393_mu_000_bound_ZZX_rx000_ry000_rz000_xx000.qpy,7293faeff2cfcc48fb497c514f74ebcf39df792ab333da73ed5f9049ac9c09e0,holography-on-ionq/Testing flow/Circuits/Data_batch/Data_0393_000/24_Data_zeromagic_theta_0393_mu_000_bound_ZZX_rx000_ry000_rz000_xx000.qpy,happy_ions/reduced_circuit_entropy.ipynb,SC8-C-C078,0403fbb0aaad5c68,11,2100,2100
SC8,sc8_2026_03_27_apr16_campaign,0393_000,shared_post_recovery,ZZY,25,25_Data_zeromagic_theta_0393_mu_000_bound_ZZY_rx000_ry000_rz000_xx000.qpy,data/executed_circuits/SC8/0393_000/25_Data_zeromagic_theta_0393_mu_000_bound_ZZY_rx000_ry000_rz000_xx000.qpy,ba6c6e590beef3a32870b90ab6229bd6cde7eb727a6394f4fa8a6b32437865ca,holography-on-ionq/Testing flow/Circuits/Data_batch/Data_0393_000/25_Data_zeromagic_theta_0393_mu_000_bound_ZZY_rx000_ry000_rz000_xx000.qpy,happy_ions/reduced_circuit_entropy.ipynb,SC8-C-C078,0403fbb0aaad5c68,11,2100,2100
SC8,sc8_2026_03_27_apr16_campaign,0393_000,shared_post_recovery,ZZZ,26,26_Data_zeromagic_theta_0393_mu_000_bound_ZZZ_rx000_ry000_rz000_xx000.qpy,data/executed_circuits/SC8/0393_000/26_Data_zeromagic_theta_0393_mu_000_bound_ZZZ_rx000_ry000_rz000_xx000.qpy,f921b8ca7eb8a08657ced8f5ecd5599f77b623621df1c579908653165edc2b43,holography-on-ionq/Testing flow/Circuits/Data_batch/Data_0393_000/26_Data_zeromagic_theta_0393_mu_000_bound_ZZZ_rx000_ry000_rz000_xx000.qpy,happy_ions/reduced_circuit_entropy.ipynb,SC8-C-C078,0403fbb0aaad5c68,11,2100,2100
SC8,sc8_2026_03_27_apr16_campaign,0393_010,shared_post_recovery,XXX,0,00_Data_halfMagic_theta_0393_mu_010_bound_XXX_rx007_ry012_rz007_xx010.qpy,data/executed_circuits/SC8/0393_010/00_Data_halfMagic_theta_0393_mu_010_bound_XXX_rx007_ry012_rz007_xx010.qpy,7e7c45ddb324004e26e9578ce73d5d7da75601d4c4cabbd40c1d88e8f372d1df,holography-on-ionq/Testing flow/Circuits/Data_batch/Data_0393_010/00_Data_halfMagic_theta_0393_mu_010_bound_XXX_rx007_ry012_rz007_xx010.qpy,happy_ions/reduced_circuit_entropy.ipynb,SC8-C-C078,0403fbb0aaad5c68,7,1500,1500
SC8,sc8_2026_03_27_apr16_campaign,0393_010,shared_post_recovery,XXY,1,01_Data_halfMagic_theta_0393_mu_010_bound_XXY_rx007_ry012_rz007_xx010.qpy,data/executed_circuits/SC8/0393_010/01_Data_halfMagic_theta_0393_mu_010_bound_XXY_rx007_ry012_rz007_xx010.qpy,1f9b7619c6d7ce7c41981fbad019edd8cca1937538b33b985470e761397c1111,holography-on-ionq/Testing flow/Circuits/Data_batch/Data_0393_010/01_Data_halfMagic_theta_0393_mu_010_bound_XXY_rx007_ry012_rz007_xx010.qpy,happy_ions/reduced_circuit_entropy.ipynb,SC8-C-C078,0403fbb0aaad5c68,7,1500,1500
SC8,sc8_2026_03_27_apr16_campaign,0393_010,shared_post_recovery,XXZ,2,02_Data_halfMagic_theta_0393_mu_010_bound_XXZ_rx007_ry012_rz007_xx010.qpy,data/executed_circuits/SC8/0393_010/02_Data_halfMagic_theta_0393_mu_010_bound_XXZ_rx007_ry012_rz007_xx010.qpy,847b050785787017af7d9257c2e7e6241061706668ad085202558a4e20b24d74,holography-on-ionq/Testing flow/Circuits/Data_batch/Data_0393_010/02_Data_halfMagic_theta_0393_mu_010_bound_XXZ_rx007_ry012_rz007_xx010.qpy,happy_ions/reduced_circuit_entropy.ipynb,SC8-C-C078,0403fbb0aaad5c68,7,1500,1500
SC8,sc8_2026_03_27_apr16_campaign,0393_010,shared_post_recovery,XYX,3,03_Data_halfMagic_theta_0393_mu_010_bound_XYX_rx007_ry012_rz007_xx010.qpy,data/executed_circuits/SC8/0393_010/03_Data_halfMagic_theta_0393_mu_010_bound_XYX_rx007_ry012_rz007_xx010.qpy,258103aee3a00904d36af55690e682c4533b39a7d18f4cabe117c1326acf3a73,holography-on-ionq/Testing flow/Circuits/Data_batch/Data_0393_010/03_Data_halfMagic_theta_0393_mu_010_bound_XYX_rx007_ry012_rz007_xx010.qpy,happy_ions/reduced_circuit_entropy.ipynb,SC8-C-C078,0403fbb0aaad5c68,7,1500,1500
SC8,sc8_2026_03_27_apr16_campaign,0393_010,shared_post_recovery,XYY,4,04_Data_halfMagic_theta_0393_mu_010_bound_XYY_rx007_ry012_rz007_xx010.qpy,data/executed_circuits/SC8/0393_010/04_Data_halfMagic_theta_0393_mu_010_bound_XYY_rx007_ry012_rz007_xx010.qpy,3c2a37173503f8c063c7385a371b4afbf025ba78dcfa618121308d58e752d342,holography-on-ionq/Testing flow/Circuits/Data_batch/Data_0393_010/04_Data_halfMagic_theta_0393_mu_010_bound_XYY_rx007_ry012_rz007_xx010.qpy,happy_ions/reduced_circuit_entropy.ipynb,SC8-C-C078,0403fbb0aaad5c68,7,1500,1500
SC8,sc8_2026_03_27_apr16_campaign,0393_010,shared_post_recovery,XYZ,5,05_Data_halfMagic_theta_0393_mu_010_bound_XYZ_rx007_ry012_rz007_xx010.qpy,data/executed_circuits/SC8/0393_010/05_Data_halfMagic_theta_0393_mu_010_bound_XYZ_rx007_ry012_rz007_xx010.qpy,857ee98212fc3542128311a68bcc8ba2ed3d00b2221f265dead97548b8d5a90c,holography-on-ionq/Testing flow/Circuits/Data_batch/Data_0393_010/05_Data_halfMagic_theta_0393_mu_010_bound_XYZ_rx007_ry012_rz007_xx010.qpy,happy_ions/reduced_circuit_entropy.ipynb,SC8-C-C078,0403fbb0aaad5c68,7,1500,1500
SC8,sc8_2026_03_27_apr16_campaign,0393_010,shared_post_recovery,XZX,6,06_Data_halfMagic_theta_0393_mu_010_bound_XZX_rx007_ry012_rz007_xx010.qpy,data/executed_circuits/SC8/0393_010/06_Data_halfMagic_theta_0393_mu_010_bound_XZX_rx007_ry012_rz007_xx010.qpy,26f3a641b6f88582a6b1d386abfa5aa4cc3aae83d2c0818446e08d9f69620efd,holography-on-ionq/Testing flow/Circuits/Data_batch/Data_0393_010/06_Data_halfMagic_theta_0393_mu_010_bound_XZX_rx007_ry012_rz007_xx010.qpy,happy_ions/reduced_circuit_entropy.ipynb,SC8-C-C078,0403fbb0aaad5c68,7,1500,1500
SC8,sc8_2026_03_27_apr16_campaign,0393_010,shared_post_recovery,XZY,7,07_Data_halfMagic_theta_0393_mu_010_bound_XZY_rx007_ry012_rz007_xx010.qpy,data/executed_circuits/SC8/0393_010/07_Data_halfMagic_theta_0393_mu_010_bound_XZY_rx007_ry012_rz007_xx010.qpy,f1dcf65664f802ae01a36fa33be1e084fc8e0833bdea391260d4711f4d0d33d0,holography-on-ionq/Testing flow/Circuits/Data_batch/Data_0393_010/07_Data_halfMagic_theta_0393_mu_010_bound_XZY_rx007_ry012_rz007_xx010.qpy,happy_ions/reduced_circuit_entropy.ipynb,SC8-C-C078,0403fbb0aaad5c68,7,1500,1500
SC8,sc8_2026_03_27_apr16_campaign,0393_010,shared_post_recovery,XZZ,8,08_Data_halfMagic_theta_0393_mu_010_bound_XZZ_rx007_ry012_rz007_xx010.qpy,data/executed_circuits/SC8/0393_010/08_Data_halfMagic_theta_0393_mu_010_bound_XZZ_rx007_ry012_rz007_xx010.qpy,954e51b4e10563bf99c06524a91add7c27f7f146fdf9d5dccb7733454525c75d,holography-on-ionq/Testing flow/Circuits/Data_batch/Data_0393_010/08_Data_halfMagic_theta_0393_mu_010_bound_XZZ_rx007_ry012_rz007_xx010.qpy,happy_ions/reduced_circuit_entropy.ipynb,SC8-C-C078,0403fbb0aaad5c68,7,1500,1500
SC8,sc8_2026_03_27_apr16_campaign,0393_010,shared_post_recovery,YXX,9,09_Data_halfMagic_theta_0393_mu_010_bound_YXX_rx007_ry012_rz007_xx010.qpy,data/executed_circuits/SC8/0393_010/09_Data_halfMagic_theta_0393_mu_010_bound_YXX_rx007_ry012_rz007_xx010.qpy,ea1d0661fcb7a62629381573f1ab66e66f2d7e15c3f4cc27f5b2287de832028c,holography-on-ionq/Testing flow/Circuits/Data_batch/Data_0393_010/09_Data_halfMagic_theta_0393_mu_010_bound_YXX_rx007_ry012_rz007_xx010.qpy,happy_ions/reduced_circuit_entropy.ipynb,SC8-C-C078,0403fbb0aaad5c68,7,1500,1500
SC8,sc8_2026_03_27_apr16_campaign,0393_010,shared_post_recovery,YXY,10,10_Data_halfMagic_theta_0393_mu_010_bound_YXY_rx007_ry012_rz007_xx010.qpy,data/executed_circuits/SC8/0393_010/10_Data_halfMagic_theta_0393_mu_010_bound_YXY_rx007_ry012_rz007_xx010.qpy,c05b251c0ba1a3be09eb5f3fe5b55d93db90fd8361c0c6292607c207b953ec98,holography-on-ionq/Testing flow/Circuits/Data_batch/Data_0393_010/10_Data_halfMagic_theta_0393_mu_010_bound_YXY_rx007_ry012_rz007_xx010.qpy,happy_ions/reduced_circuit_entropy.ipynb,SC8-C-C078,0403fbb0aaad5c68,7,1500,1500
SC8,sc8_2026_03_27_apr16_campaign,0393_010,shared_post_recovery,YXZ,11,11_Data_halfMagic_theta_0393_mu_010_bound_YXZ_rx007_ry012_rz007_xx010.qpy,data/executed_circuits/SC8/0393_010/11_Data_halfMagic_theta_0393_mu_010_bound_YXZ_rx007_ry012_rz007_xx010.qpy,5e8023df8bd1de4beeeb4d52fc8d11a92fb0b5a6904a4080765ada5fcd5fbfc7,holography-on-ionq/Testing flow/Circuits/Data_batch/Data_0393_010/11_Data_halfMagic_theta_0393_mu_010_bound_YXZ_rx007_ry012_rz007_xx010.qpy,happy_ions/reduced_circuit_entropy.ipynb,SC8-C-C078,0403fbb0aaad5c68,7,1500,1500
SC8,sc8_2026_03_27_apr16_campaign,0393_010,shared_post_recovery,YYX,12,12_Data_halfMagic_theta_0393_mu_010_bound_YYX_rx007_ry012_rz007_xx010.qpy,data/executed_circuits/SC8/0393_010/12_Data_halfMagic_theta_0393_mu_010_bound_YYX_rx007_ry012_rz007_xx010.qpy,1fcf0faf63a580ca20ef38e0f299d827dbab2f5d3baa206c7ee366b7dc4584a6,holography-on-ionq/Testing flow/Circuits/Data_batch/Data_0393_010/12_Data_halfMagic_theta_0393_mu_010_bound_YYX_rx007_ry012_rz007_xx010.qpy,happy_ions/reduced_circuit_entropy.ipynb,SC8-C-C078,0403fbb0aaad5c68,7,1500,1500
SC8,sc8_2026_03_27_apr16_campaign,0393_010,shared_post_recovery,YYY,13,13_Data_halfMagic_theta_0393_mu_010_bound_YYY_rx007_ry012_rz007_xx010.qpy,data/executed_circuits/SC8/0393_010/13_Data_halfMagic_theta_0393_mu_010_bound_YYY_rx007_ry012_rz007_xx010.qpy,9d63f58c4a4c01850027870bfc74fc451a99be577444daa313f1998c4b5468fc,holography-on-ionq/Testing flow/Circuits/Data_batch/Data_0393_010/13_Data_halfMagic_theta_0393_mu_010_bound_YYY_rx007_ry012_rz007_xx010.qpy,happy_ions/reduced_circuit_entropy.ipynb,SC8-C-C078,0403fbb0aaad5c68,7,1500,1500
SC8,sc8_2026_03_27_apr16_campaign,0393_010,shared_post_recovery,YYZ,14,14_Data_halfMagic_theta_0393_mu_010_bound_YYZ_rx007_ry012_rz007_xx010.qpy,data/executed_circuits/SC8/0393_010/14_Data_halfMagic_theta_0393_mu_010_bound_YYZ_rx007_ry012_rz007_xx010.qpy,46425c96e51622e221823756a6d29181fbf84bce2f165d9909019a3eae95161c,holography-on-ionq/Testing flow/Circuits/Data_batch/Data_0393_010/14_Data_halfMagic_theta_0393_mu_010_bound_YYZ_rx007_ry012_rz007_xx010.qpy,happy_ions/reduced_circuit_entropy.ipynb,SC8-C-C078,0403fbb0aaad5c68,7,1500,1500
SC8,sc8_2026_03_27_apr16_campaign,0393_010,shared_post_recovery,YZX,15,15_Data_halfMagic_theta_0393_mu_010_bound_YZX_rx007_ry012_rz007_xx010.qpy,data/executed_circuits/SC8/0393_010/15_Data_halfMagic_theta_0393_mu_010_bound_YZX_rx007_ry012_rz007_xx010.qpy,9efd71e83fd8a8989545aeed1f099f4ae5b4376861085df243d7e475fe64389d,holography-on-ionq/Testing flow/Circuits/Data_batch/Data_0393_010/15_Data_halfMagic_theta_0393_mu_010_bound_YZX_rx007_ry012_rz007_xx010.qpy,happy_ions/reduced_circuit_entropy.ipynb,SC8-C-C078,0403fbb0aaad5c68,7,1500,1500
SC8,sc8_2026_03_27_apr16_campaign,0393_010,shared_post_recovery,YZY,16,16_Data_halfMagic_theta_0393_mu_010_bound_YZY_rx007_ry012_rz007_xx010.qpy,data/executed_circuits/SC8/0393_010/16_Data_halfMagic_theta_0393_mu_010_bound_YZY_rx007_ry012_rz007_xx010.qpy,5b7967200f715975b6f59a8703d2598c9d0ebde5c056b724b27c4290a17ba26f,holography-on-ionq/Testing flow/Circuits/Data_batch/Data_0393_010/16_Data_halfMagic_theta_0393_mu_010_bound_YZY_rx007_ry012_rz007_xx010.qpy,happy_ions/reduced_circuit_entropy.ipynb,SC8-C-C078,0403fbb0aaad5c68,7,1500,1500
SC8,sc8_2026_03_27_apr16_campaign,0393_010,shared_post_recovery,YZZ,17,17_Data_halfMagic_theta_0393_mu_010_bound_YZZ_rx007_ry012_rz007_xx010.qpy,data/executed_circuits/SC8/0393_010/17_Data_halfMagic_theta_0393_mu_010_bound_YZZ_rx007_ry012_rz007_xx010.qpy,9d53839c1a141478e291b7d03cc5d04a5ad5222c3c25f92c36ea39be47addc0c,holography-on-ionq/Testing flow/Circuits/Data_batch/Data_0393_010/17_Data_halfMagic_theta_0393_mu_010_bound_YZZ_rx007_ry012_rz007_xx010.qpy,happy_ions/reduced_circuit_entropy.ipynb,SC8-C-C078,0403fbb0aaad5c68,7,1500,1500
SC8,sc8_2026_03_27_apr16_campaign,0393_010,shared_post_recovery,ZXX,18,18_Data_halfMagic_theta_0393_mu_010_bound_ZXX_rx007_ry012_rz007_xx010.qpy,data/executed_circuits/SC8/0393_010/18_Data_halfMagic_theta_0393_mu_010_bound_ZXX_rx007_ry012_rz007_xx010.qpy,5edbcdef746f9b0ad5131a0498095c080bbed6c0146db728cc93468f3681d5f7,holography-on-ionq/Testing flow/Circuits/Data_batch/Data_0393_010/18_Data_halfMagic_theta_0393_mu_010_bound_ZXX_rx007_ry012_rz007_xx010.qpy,happy_ions/reduced_circuit_entropy.ipynb,SC8-C-C078,0403fbb0aaad5c68,7,1500,1500
SC8,sc8_2026_03_27_apr16_campaign,0393_010,shared_post_recovery,ZXY,19,19_Data_halfMagic_theta_0393_mu_010_bound_ZXY_rx007_ry012_rz007_xx010.qpy,data/executed_circuits/SC8/0393_010/19_Data_halfMagic_theta_0393_mu_010_bound_ZXY_rx007_ry012_rz007_xx010.qpy,bcb8e4d537c8cbdc33bcff8fd9b48c82e9a5a685b9411a221c089765d98395e7,holography-on-ionq/Testing flow/Circuits/Data_batch/Data_0393_010/19_Data_halfMagic_theta_0393_mu_010_bound_ZXY_rx007_ry012_rz007_xx010.qpy,happy_ions/reduced_circuit_entropy.ipynb,SC8-C-C078,0403fbb0aaad5c68,7,1500,1500
SC8,sc8_2026_03_27_apr16_campaign,0393_010,shared_post_recovery,ZXZ,20,20_Data_halfMagic_theta_0393_mu_010_bound_ZXZ_rx007_ry012_rz007_xx010.qpy,data/executed_circuits/SC8/0393_010/20_Data_halfMagic_theta_0393_mu_010_bound_ZXZ_rx007_ry012_rz007_xx010.qpy,590093922f10a1d239098737efdea4a9eeee28f0b369c914834d4409aca3ea44,holography-on-ionq/Testing flow/Circuits/Data_batch/Data_0393_010/20_Data_halfMagic_theta_0393_mu_010_bound_ZXZ_rx007_ry012_rz007_xx010.qpy,happy_ions/reduced_circuit_entropy.ipynb,SC8-C-C078,0403fbb0aaad5c68,7,1500,1500
SC8,sc8_2026_03_27_apr16_campaign,0393_010,shared_post_recovery,ZYX,21,21_Data_halfMagic_theta_0393_mu_010_bound_ZYX_rx007_ry012_rz007_xx010.qpy,data/executed_circuits/SC8/0393_010/21_Data_halfMagic_theta_0393_mu_010_bound_ZYX_rx007_ry012_rz007_xx010.qpy,16528abc8fc0965517a94e0dc73cb831640ab0679b641f1d2a987228a4dd4957,holography-on-ionq/Testing flow/Circuits/Data_batch/Data_0393_010/21_Data_halfMagic_theta_0393_mu_010_bound_ZYX_rx007_ry012_rz007_xx010.qpy,happy_ions/reduced_circuit_entropy.ipynb,SC8-C-C078,0403fbb0aaad5c68,7,1500,1500
SC8,sc8_2026_03_27_apr16_campaign,0393_010,shared_post_recovery,ZYY,22,22_Data_halfMagic_theta_0393_mu_010_bound_ZYY_rx007_ry012_rz007_xx010.qpy,data/executed_circuits/SC8/0393_010/22_Data_halfMagic_theta_0393_mu_010_bound_ZYY_rx007_ry012_rz007_xx010.qpy,515f2d652a4cb1bf9a1e2acac9c6607e2789bd70b5d223554fa9bb4b780491cd,holography-on-ionq/Testing flow/Circuits/Data_batch/Data_0393_010/22_Data_halfMagic_theta_0393_mu_010_bound_ZYY_rx007_ry012_rz007_xx010.qpy,happy_ions/reduced_circuit_entropy.ipynb,SC8-C-C078,0403fbb0aaad5c68,7,1500,1500
SC8,sc8_2026_03_27_apr16_campaign,0393_010,shared_post_recovery,ZYZ,23,23_Data_halfMagic_theta_0393_mu_010_bound_ZYZ_rx007_ry012_rz007_xx010.qpy,data/executed_circuits/SC8/0393_010/23_Data_halfMagic_theta_0393_mu_010_bound_ZYZ_rx007_ry012_rz007_xx010.qpy,eff1c349710cb7b33c2654569d339e50e2a75c48a6d98e8258a673ffa4a17c2d,holography-on-ionq/Testing flow/Circuits/Data_batch/Data_0393_010/23_Data_halfMagic_theta_0393_mu_010_bound_ZYZ_rx007_ry012_rz007_xx010.qpy,happy_ions/reduced_circuit_entropy.ipynb,SC8-C-C078,0403fbb0aaad5c68,7,1500,1500
SC8,sc8_2026_03_27_apr16_campaign,0393_010,shared_post_recovery,ZZX,24,24_Data_halfMagic_theta_0393_mu_010_bound_ZZX_rx007_ry012_rz007_xx010.qpy,data/executed_circuits/SC8/0393_010/24_Data_halfMagic_theta_0393_mu_010_bound_ZZX_rx007_ry012_rz007_xx010.qpy,c8f6a5a9caa8871bf3264695ca66b29808db5789fd9ca40a20c3c7cc331cca0a,holography-on-ionq/Testing flow/Circuits/Data_batch/Data_0393_010/24_Data_halfMagic_theta_0393_mu_010_bound_ZZX_rx007_ry012_rz007_xx010.qpy,happy_ions/reduced_circuit_entropy.ipynb,SC8-C-C078,0403fbb0aaad5c68,7,1500,1500
SC8,sc8_2026_03_27_apr16_campaign,0393_010,shared_post_recovery,ZZY,25,25_Data_halfMagic_theta_0393_mu_010_bound_ZZY_rx007_ry012_rz007_xx010.qpy,data/executed_circuits/SC8/0393_010/25_Data_halfMagic_theta_0393_mu_010_bound_ZZY_rx007_ry012_rz007_xx010.qpy,76d6a7cd2fd4ec12313db0fea5d9577d1370591d34fc8f14fb7362746ecf44e8,holography-on-ionq/Testing flow/Circuits/Data_batch/Data_0393_010/25_Data_halfMagic_theta_0393_mu_010_bound_ZZY_rx007_ry012_rz007_xx010.qpy,happy_ions/reduced_circuit_entropy.ipynb,SC8-C-C078,0403fbb0aaad5c68,7,1500,1500
SC8,sc8_2026_03_27_apr16_campaign,0393_010,shared_post_recovery,ZZZ,26,26_Data_halfMagic_theta_0393_mu_010_bound_ZZZ_rx007_ry012_rz007_xx010.qpy,data/executed_circuits/SC8/0393_010/26_Data_halfMagic_theta_0393_mu_010_bound_ZZZ_rx007_ry012_rz007_xx010.qpy,74026b0867bbde8336e58628cd59669ed3cf16ff85d164f989b7a8c7f826a293,holography-on-ionq/Testing flow/Circuits/Data_batch/Data_0393_010/26_Data_halfMagic_theta_0393_mu_010_bound_ZZZ_rx007_ry012_rz007_xx010.qpy,happy_ions/reduced_circuit_entropy.ipynb,SC8-C-C078,0403fbb0aaad5c68,7,1500,1500
SC8,sc8_2026_03_27_apr16_campaign,0393_020,shared_post_recovery,XXX,0,00_Data_withMagic_theta_0393_mu_020_bound_XXX_rx015_ry025_rz015_xx020.qpy,data/executed_circuits/SC8/0393_020/00_Data_withMagic_theta_0393_mu_020_bound_XXX_rx015_ry025_rz015_xx020.qpy,b84d58de1c8b7c33827689cf0596432eeef5ed173ca7868b6fd31d0d329735f9,holography-on-ionq/Testing flow/Circuits/Data_batch/Data_0393_020/00_Data_withMagic_theta_0393_mu_020_bound_XXX_rx015_ry025_rz015_xx020.qpy,happy_ions/reduced_circuit_entropy.ipynb,SC8-C-C078,0403fbb0aaad5c68,11,1500,1600
SC8,sc8_2026_03_27_apr16_campaign,0393_020,shared_post_recovery,XXY,1,01_Data_withMagic_theta_0393_mu_020_bound_XXY_rx015_ry025_rz015_xx020.qpy,data/executed_circuits/SC8/0393_020/01_Data_withMagic_theta_0393_mu_020_bound_XXY_rx015_ry025_rz015_xx020.qpy,6cb75da5bf2f5a75046afddebe07f29c62bc1ee30953c22c1ea85f8dc8deb903,holography-on-ionq/Testing flow/Circuits/Data_batch/Data_0393_020/01_Data_withMagic_theta_0393_mu_020_bound_XXY_rx015_ry025_rz015_xx020.qpy,happy_ions/reduced_circuit_entropy.ipynb,SC8-C-C078,0403fbb0aaad5c68,11,1500,1600
SC8,sc8_2026_03_27_apr16_campaign,0393_020,shared_post_recovery,XXZ,2,02_Data_withMagic_theta_0393_mu_020_bound_XXZ_rx015_ry025_rz015_xx020.qpy,data/executed_circuits/SC8/0393_020/02_Data_withMagic_theta_0393_mu_020_bound_XXZ_rx015_ry025_rz015_xx020.qpy,b29678d8dafe7aa3fe124b635c15d82e396c337d920ba3dbacf587ce5b4da266,holography-on-ionq/Testing flow/Circuits/Data_batch/Data_0393_020/02_Data_withMagic_theta_0393_mu_020_bound_XXZ_rx015_ry025_rz015_xx020.qpy,happy_ions/reduced_circuit_entropy.ipynb,SC8-C-C078,0403fbb0aaad5c68,11,1500,1600
SC8,sc8_2026_03_27_apr16_campaign,0393_020,shared_post_recovery,XYX,3,03_Data_withMagic_theta_0393_mu_020_bound_XYX_rx015_ry025_rz015_xx020.qpy,data/executed_circuits/SC8/0393_020/03_Data_withMagic_theta_0393_mu_020_bound_XYX_rx015_ry025_rz015_xx020.qpy,98766e26fa2ed574f840a347105b5d25a49dbae892934f90409d42de9cb40a6d,holography-on-ionq/Testing flow/Circuits/Data_batch/Data_0393_020/03_Data_withMagic_theta_0393_mu_020_bound_XYX_rx015_ry025_rz015_xx020.qpy,happy_ions/reduced_circuit_entropy.ipynb,SC8-C-C078,0403fbb0aaad5c68,11,1500,1600
SC8,sc8_2026_03_27_apr16_campaign,0393_020,shared_post_recovery,XYY,4,04_Data_withMagic_theta_0393_mu_020_bound_XYY_rx015_ry025_rz015_xx020.qpy,data/executed_circuits/SC8/0393_020/04_Data_withMagic_theta_0393_mu_020_bound_XYY_rx015_ry025_rz015_xx020.qpy,b9e93960f1e75fcb133de2b17faa299debd31c53926f5d5cdf6e546987d70b33,holography-on-ionq/Testing flow/Circuits/Data_batch/Data_0393_020/04_Data_withMagic_theta_0393_mu_020_bound_XYY_rx015_ry025_rz015_xx020.qpy,happy_ions/reduced_circuit_entropy.ipynb,SC8-C-C078,0403fbb0aaad5c68,11,1500,1600
SC8,sc8_2026_03_27_apr16_campaign,0393_020,shared_post_recovery,XYZ,5,05_Data_withMagic_theta_0393_mu_020_bound_XYZ_rx015_ry025_rz015_xx020.qpy,data/executed_circuits/SC8/0393_020/05_Data_withMagic_theta_0393_mu_020_bound_XYZ_rx015_ry025_rz015_xx020.qpy,7d056f701c4cb923cf6be8f3d5019a0c017a4504c05ae6ddf044692664347d53,holography-on-ionq/Testing flow/Circuits/Data_batch/Data_0393_020/05_Data_withMagic_theta_0393_mu_020_bound_XYZ_rx015_ry025_rz015_xx020.qpy,happy_ions/reduced_circuit_entropy.ipynb,SC8-C-C078,0403fbb0aaad5c68,11,1500,1600
SC8,sc8_2026_03_27_apr16_campaign,0393_020,shared_post_recovery,XZX,6,06_Data_withMagic_theta_0393_mu_020_bound_XZX_rx015_ry025_rz015_xx020.qpy,data/executed_circuits/SC8/0393_020/06_Data_withMagic_theta_0393_mu_020_bound_XZX_rx015_ry025_rz015_xx020.qpy,36b08b8b8aae7a4b25f3688f242c334b162d7d502b082d9e1ebc5f111bf5929c,holography-on-ionq/Testing flow/Circuits/Data_batch/Data_0393_020/06_Data_withMagic_theta_0393_mu_020_bound_XZX_rx015_ry025_rz015_xx020.qpy,happy_ions/reduced_circuit_entropy.ipynb,SC8-C-C078,0403fbb0aaad5c68,11,1500,1600
SC8,sc8_2026_03_27_apr16_campaign,0393_020,shared_post_recovery,XZY,7,07_Data_withMagic_theta_0393_mu_020_bound_XZY_rx015_ry025_rz015_xx020.qpy,data/executed_circuits/SC8/0393_020/07_Data_withMagic_theta_0393_mu_020_bound_XZY_rx015_ry025_rz015_xx020.qpy,264d462f0fff4e7a7da592a23dfcb9d699aea8a64ae6db2c73d3f1f371f93211,holography-on-ionq/Testing flow/Circuits/Data_batch/Data_0393_020/07_Data_withMagic_theta_0393_mu_020_bound_XZY_rx015_ry025_rz015_xx020.qpy,happy_ions/reduced_circuit_entropy.ipynb,SC8-C-C078,0403fbb0aaad5c68,11,1500,1600
SC8,sc8_2026_03_27_apr16_campaign,0393_020,shared_post_recovery,XZZ,8,08_Data_withMagic_theta_0393_mu_020_bound_XZZ_rx015_ry025_rz015_xx020.qpy,data/executed_circuits/SC8/0393_020/08_Data_withMagic_theta_0393_mu_020_bound_XZZ_rx015_ry025_rz015_xx020.qpy,9f91ff3f577750d00bbcbc56aee9cc7ba48698f5f0dcab907ae2044bdb44282a,holography-on-ionq/Testing flow/Circuits/Data_batch/Data_0393_020/08_Data_withMagic_theta_0393_mu_020_bound_XZZ_rx015_ry025_rz015_xx020.qpy,happy_ions/reduced_circuit_entropy.ipynb,SC8-C-C078,0403fbb0aaad5c68,11,1500,1600
SC8,sc8_2026_03_27_apr16_campaign,0393_020,shared_post_recovery,YXX,9,09_Data_withMagic_theta_0393_mu_020_bound_YXX_rx015_ry025_rz015_xx020.qpy,data/executed_circuits/SC8/0393_020/09_Data_withMagic_theta_0393_mu_020_bound_YXX_rx015_ry025_rz015_xx020.qpy,6c5db15740e7d9028711ed12f9dca398a57124c05bafb040467d60ebd18b7a6f,holography-on-ionq/Testing flow/Circuits/Data_batch/Data_0393_020/09_Data_withMagic_theta_0393_mu_020_bound_YXX_rx015_ry025_rz015_xx020.qpy,happy_ions/reduced_circuit_entropy.ipynb,SC8-C-C078,0403fbb0aaad5c68,11,1500,1600
SC8,sc8_2026_03_27_apr16_campaign,0393_020,shared_post_recovery,YXY,10,10_Data_withMagic_theta_0393_mu_020_bound_YXY_rx015_ry025_rz015_xx020.qpy,data/executed_circuits/SC8/0393_020/10_Data_withMagic_theta_0393_mu_020_bound_YXY_rx015_ry025_rz015_xx020.qpy,af2b40a3dbf98c5847f4bf7b3764560a8fe27406075774ce0ce9091a3308a20d,holography-on-ionq/Testing flow/Circuits/Data_batch/Data_0393_020/10_Data_withMagic_theta_0393_mu_020_bound_YXY_rx015_ry025_rz015_xx020.qpy,happy_ions/reduced_circuit_entropy.ipynb,SC8-C-C078,0403fbb0aaad5c68,11,1500,1600
SC8,sc8_2026_03_27_apr16_campaign,0393_020,shared_post_recovery,YXZ,11,11_Data_withMagic_theta_0393_mu_020_bound_YXZ_rx015_ry025_rz015_xx020.qpy,data/executed_circuits/SC8/0393_020/11_Data_withMagic_theta_0393_mu_020_bound_YXZ_rx015_ry025_rz015_xx020.qpy,5e10f0fa6a6f274974c0921149794f5b36be68e57361390423a7bb5c7f2e25d5,holography-on-ionq/Testing flow/Circuits/Data_batch/Data_0393_020/11_Data_withMagic_theta_0393_mu_020_bound_YXZ_rx015_ry025_rz015_xx020.qpy,happy_ions/reduced_circuit_entropy.ipynb,SC8-C-C078,0403fbb0aaad5c68,11,1500,1600
SC8,sc8_2026_03_27_apr16_campaign,0393_020,shared_post_recovery,YYX,12,12_Data_withMagic_theta_0393_mu_020_bound_YYX_rx015_ry025_rz015_xx020.qpy,data/executed_circuits/SC8/0393_020/12_Data_withMagic_theta_0393_mu_020_bound_YYX_rx015_ry025_rz015_xx020.qpy,d152b5e213fa3f2e4e94a35e42e0a9566c928dc864076615d37912af928863ed,holography-on-ionq/Testing flow/Circuits/Data_batch/Data_0393_020/12_Data_withMagic_theta_0393_mu_020_bound_YYX_rx015_ry025_rz015_xx020.qpy,happy_ions/reduced_circuit_entropy.ipynb,SC8-C-C078,0403fbb0aaad5c68,11,1500,1600
SC8,sc8_2026_03_27_apr16_campaign,0393_020,shared_post_recovery,YYY,13,13_Data_withMagic_theta_0393_mu_020_bound_YYY_rx015_ry025_rz015_xx020.qpy,data/executed_circuits/SC8/0393_020/13_Data_withMagic_theta_0393_mu_020_bound_YYY_rx015_ry025_rz015_xx020.qpy,70ee32ffa6c66253fbb47a3df9124b867ff5969e10415d33da3f55cc9e77c9df,holography-on-ionq/Testing flow/Circuits/Data_batch/Data_0393_020/13_Data_withMagic_theta_0393_mu_020_bound_YYY_rx015_ry025_rz015_xx020.qpy,happy_ions/reduced_circuit_entropy.ipynb,SC8-C-C078,0403fbb0aaad5c68,11,1500,1600
SC8,sc8_2026_03_27_apr16_campaign,0393_020,shared_post_recovery,YYZ,14,14_Data_withMagic_theta_0393_mu_020_bound_YYZ_rx015_ry025_rz015_xx020.qpy,data/executed_circuits/SC8/0393_020/14_Data_withMagic_theta_0393_mu_020_bound_YYZ_rx015_ry025_rz015_xx020.qpy,693e7bc041c997c4d72a2aef39df2ef00925613119f18af99f5506559d93e2f2,holography-on-ionq/Testing flow/Circuits/Data_batch/Data_0393_020/14_Data_withMagic_theta_0393_mu_020_bound_YYZ_rx015_ry025_rz015_xx020.qpy,happy_ions/reduced_circuit_entropy.ipynb,SC8-C-C078,0403fbb0aaad5c68,11,1500,1600
SC8,sc8_2026_03_27_apr16_campaign,0393_020,shared_post_recovery,YZX,15,15_Data_withMagic_theta_0393_mu_020_bound_YZX_rx015_ry025_rz015_xx020.qpy,data/executed_circuits/SC8/0393_020/15_Data_withMagic_theta_0393_mu_020_bound_YZX_rx015_ry025_rz015_xx020.qpy,140feb45eebc8754fe1ef3c9e7fdd22a918552586fb6cb98c7b4748dae378b3d,holography-on-ionq/Testing flow/Circuits/Data_batch/Data_0393_020/15_Data_withMagic_theta_0393_mu_020_bound_YZX_rx015_ry025_rz015_xx020.qpy,happy_ions/reduced_circuit_entropy.ipynb,SC8-C-C078,0403fbb0aaad5c68,11,1500,1600
SC8,sc8_2026_03_27_apr16_campaign,0393_020,shared_post_recovery,YZY,16,16_Data_withMagic_theta_0393_mu_020_bound_YZY_rx015_ry025_rz015_xx020.qpy,data/executed_circuits/SC8/0393_020/16_Data_withMagic_theta_0393_mu_020_bound_YZY_rx015_ry025_rz015_xx020.qpy,4002741a7dd194b3c03f0086bd907909921d32a619a60f347e8977d88c196f08,holography-on-ionq/Testing flow/Circuits/Data_batch/Data_0393_020/16_Data_withMagic_theta_0393_mu_020_bound_YZY_rx015_ry025_rz015_xx020.qpy,happy_ions/reduced_circuit_entropy.ipynb,SC8-C-C078,0403fbb0aaad5c68,11,1500,1600
SC8,sc8_2026_03_27_apr16_campaign,0393_020,shared_post_recovery,YZZ,17,17_Data_withMagic_theta_0393_mu_020_bound_YZZ_rx015_ry025_rz015_xx020.qpy,data/executed_circuits/SC8/0393_020/17_Data_withMagic_theta_0393_mu_020_bound_YZZ_rx015_ry025_rz015_xx020.qpy,81a856daf06dc9e20a55d0ed1a4eb9c55485b5a6f7f8b772b662ea326bc2601f,holography-on-ionq/Testing flow/Circuits/Data_batch/Data_0393_020/17_Data_withMagic_theta_0393_mu_020_bound_YZZ_rx015_ry025_rz015_xx020.qpy,happy_ions/reduced_circuit_entropy.ipynb,SC8-C-C078,0403fbb0aaad5c68,11,1500,1600
SC8,sc8_2026_03_27_apr16_campaign,0393_020,shared_post_recovery,ZXX,18,18_Data_withMagic_theta_0393_mu_020_bound_ZXX_rx015_ry025_rz015_xx020.qpy,data/executed_circuits/SC8/0393_020/18_Data_withMagic_theta_0393_mu_020_bound_ZXX_rx015_ry025_rz015_xx020.qpy,aef60c2d2859a190279c89b3a97fc517d39305dac0635714f70f09c9f77cf016,holography-on-ionq/Testing flow/Circuits/Data_batch/Data_0393_020/18_Data_withMagic_theta_0393_mu_020_bound_ZXX_rx015_ry025_rz015_xx020.qpy,happy_ions/reduced_circuit_entropy.ipynb,SC8-C-C078,0403fbb0aaad5c68,11,1500,1600
SC8,sc8_2026_03_27_apr16_campaign,0393_020,shared_post_recovery,ZXY,19,19_Data_withMagic_theta_0393_mu_020_bound_ZXY_rx015_ry025_rz015_xx020.qpy,data/executed_circuits/SC8/0393_020/19_Data_withMagic_theta_0393_mu_020_bound_ZXY_rx015_ry025_rz015_xx020.qpy,1afc89960f24201c68f9998dff7dd97902c4453cc58e96076ccc61a212f2164a,holography-on-ionq/Testing flow/Circuits/Data_batch/Data_0393_020/19_Data_withMagic_theta_0393_mu_020_bound_ZXY_rx015_ry025_rz015_xx020.qpy,happy_ions/reduced_circuit_entropy.ipynb,SC8-C-C078,0403fbb0aaad5c68,11,1500,1600
SC8,sc8_2026_03_27_apr16_campaign,0393_020,shared_post_recovery,ZXZ,20,20_Data_withMagic_theta_0393_mu_020_bound_ZXZ_rx015_ry025_rz015_xx020.qpy,data/executed_circuits/SC8/0393_020/20_Data_withMagic_theta_0393_mu_020_bound_ZXZ_rx015_ry025_rz015_xx020.qpy,4f6eb54e64b0ca5440670fcf1e6c86296e82827ce4377936093b99dabeb82126,holography-on-ionq/Testing flow/Circuits/Data_batch/Data_0393_020/20_Data_withMagic_theta_0393_mu_020_bound_ZXZ_rx015_ry025_rz015_xx020.qpy,happy_ions/reduced_circuit_entropy.ipynb,SC8-C-C078,0403fbb0aaad5c68,11,1500,1600
SC8,sc8_2026_03_27_apr16_campaign,0393_020,shared_post_recovery,ZYX,21,21_Data_withMagic_theta_0393_mu_020_bound_ZYX_rx015_ry025_rz015_xx020.qpy,data/executed_circuits/SC8/0393_020/21_Data_withMagic_theta_0393_mu_020_bound_ZYX_rx015_ry025_rz015_xx020.qpy,e2baf10faf6aa0c04713127f42fd176aa89c43f7d468df2891a9c5ba7752330b,holography-on-ionq/Testing flow/Circuits/Data_batch/Data_0393_020/21_Data_withMagic_theta_0393_mu_020_bound_ZYX_rx015_ry025_rz015_xx020.qpy,happy_ions/reduced_circuit_entropy.ipynb,SC8-C-C078,0403fbb0aaad5c68,11,1500,1600
SC8,sc8_2026_03_27_apr16_campaign,0393_020,shared_post_recovery,ZYY,22,22_Data_withMagic_theta_0393_mu_020_bound_ZYY_rx015_ry025_rz015_xx020.qpy,data/executed_circuits/SC8/0393_020/22_Data_withMagic_theta_0393_mu_020_bound_ZYY_rx015_ry025_rz015_xx020.qpy,8f2d4eae914fee02b0a914bde96c401e9f89be092f00615ba1dcd54f3b6e86fd,holography-on-ionq/Testing flow/Circuits/Data_batch/Data_0393_020/22_Data_withMagic_theta_0393_mu_020_bound_ZYY_rx015_ry025_rz015_xx020.qpy,happy_ions/reduced_circuit_entropy.ipynb,SC8-C-C078,0403fbb0aaad5c68,11,1500,1600
SC8,sc8_2026_03_27_apr16_campaign,0393_020,shared_post_recovery,ZYZ,23,23_Data_withMagic_theta_0393_mu_020_bound_ZYZ_rx015_ry025_rz015_xx020.qpy,data/executed_circuits/SC8/0393_020/23_Data_withMagic_theta_0393_mu_020_bound_ZYZ_rx015_ry025_rz015_xx020.qpy,f5847103424c4629fd02da561e83dc35dd58f5a6bf49ba44fcc49ca58f3cecd8,holography-on-ionq/Testing flow/Circuits/Data_batch/Data_0393_020/23_Data_withMagic_theta_0393_mu_020_bound_ZYZ_rx015_ry025_rz015_xx020.qpy,happy_ions/reduced_circuit_entropy.ipynb,SC8-C-C078,0403fbb0aaad5c68,11,1500,1600
SC8,sc8_2026_03_27_apr16_campaign,0393_020,shared_post_recovery,ZZX,24,24_Data_withMagic_theta_0393_mu_020_bound_ZZX_rx015_ry025_rz015_xx020.qpy,data/executed_circuits/SC8/0393_020/24_Data_withMagic_theta_0393_mu_020_bound_ZZX_rx015_ry025_rz015_xx020.qpy,02ab866c66fe89074741485b2ce66153e753a649369718ab0d7ae106009d0cbb,holography-on-ionq/Testing flow/Circuits/Data_batch/Data_0393_020/24_Data_withMagic_theta_0393_mu_020_bound_ZZX_rx015_ry025_rz015_xx020.qpy,happy_ions/reduced_circuit_entropy.ipynb,SC8-C-C078,0403fbb0aaad5c68,11,1500,1600
SC8,sc8_2026_03_27_apr16_campaign,0393_020,shared_post_recovery,ZZY,25,25_Data_withMagic_theta_0393_mu_020_bound_ZZY_rx015_ry025_rz015_xx020.qpy,data/executed_circuits/SC8/0393_020/25_Data_withMagic_theta_0393_mu_020_bound_ZZY_rx015_ry025_rz015_xx020.qpy,ac2ad75aefdf08b67bc8238cb3cd5cdae1ce4b7fd318f49a4515b9d1c726d0a0,holography-on-ionq/Testing flow/Circuits/Data_batch/Data_0393_020/25_Data_withMagic_theta_0393_mu_020_bound_ZZY_rx015_ry025_rz015_xx020.qpy,happy_ions/reduced_circuit_entropy.ipynb,SC8-C-C078,0403fbb0aaad5c68,11,1500,1600
SC8,sc8_2026_03_27_apr16_campaign,0393_020,shared_post_recovery,ZZZ,26,26_Data_withMagic_theta_0393_mu_020_bound_ZZZ_rx015_ry025_rz015_xx020.qpy,data/executed_circuits/SC8/0393_020/26_Data_withMagic_theta_0393_mu_020_bound_ZZZ_rx015_ry025_rz015_xx020.qpy,1b5d653c07038be28fc460baaf69ce31f2454884cd5fe7f1f38747c897080c78,holography-on-ionq/Testing flow/Circuits/Data_batch/Data_0393_020/26_Data_withMagic_theta_0393_mu_020_bound_ZZZ_rx015_ry025_rz015_xx020.qpy,happy_ions/reduced_circuit_entropy.ipynb,SC8-C-C078,0403fbb0aaad5c68,11,1500,1600
SC8,sc8_2026_03_27_apr16_campaign,0589_000,shared_post_recovery,XXX,0,00_Data_zeromagic_theta_0589_mu_000_bound_XXX_rx000_ry000_rz000_xx000.qpy,data/executed_circuits/SC8/0589_000/00_Data_zeromagic_theta_0589_mu_000_bound_XXX_rx000_ry000_rz000_xx000.qpy,158dd204856ae9203b031552af32ffbfec38dbd89091fbef8e3a765bc76293fe,holography-on-ionq/Testing flow/Circuits/Data_batch/Data_0589_000/00_Data_zeromagic_theta_0589_mu_000_bound_XXX_rx000_ry000_rz000_xx000.qpy,happy_ions/reduced_circuit_entropy.ipynb,SC8-C-C078,0403fbb0aaad5c68,11,2100,2100
SC8,sc8_2026_03_27_apr16_campaign,0589_000,shared_post_recovery,XXY,1,01_Data_zeromagic_theta_0589_mu_000_bound_XXY_rx000_ry000_rz000_xx000.qpy,data/executed_circuits/SC8/0589_000/01_Data_zeromagic_theta_0589_mu_000_bound_XXY_rx000_ry000_rz000_xx000.qpy,e939e1365829fb8ada3f3d984ce34fe8cf58282e6e732dd567d98bb4ebf8904d,holography-on-ionq/Testing flow/Circuits/Data_batch/Data_0589_000/01_Data_zeromagic_theta_0589_mu_000_bound_XXY_rx000_ry000_rz000_xx000.qpy,happy_ions/reduced_circuit_entropy.ipynb,SC8-C-C078,0403fbb0aaad5c68,11,2100,2100
SC8,sc8_2026_03_27_apr16_campaign,0589_000,shared_post_recovery,XXZ,2,02_Data_zeromagic_theta_0589_mu_000_bound_XXZ_rx000_ry000_rz000_xx000.qpy,data/executed_circuits/SC8/0589_000/02_Data_zeromagic_theta_0589_mu_000_bound_XXZ_rx000_ry000_rz000_xx000.qpy,42524b3c89ffa5628c3799dbf89690dd52b36477cea1ba4cc2f490328a2c8816,holography-on-ionq/Testing flow/Circuits/Data_batch/Data_0589_000/02_Data_zeromagic_theta_0589_mu_000_bound_XXZ_rx000_ry000_rz000_xx000.qpy,happy_ions/reduced_circuit_entropy.ipynb,SC8-C-C078,0403fbb0aaad5c68,11,2100,2100
SC8,sc8_2026_03_27_apr16_campaign,0589_000,shared_post_recovery,XYX,3,03_Data_zeromagic_theta_0589_mu_000_bound_XYX_rx000_ry000_rz000_xx000.qpy,data/executed_circuits/SC8/0589_000/03_Data_zeromagic_theta_0589_mu_000_bound_XYX_rx000_ry000_rz000_xx000.qpy,5f657a8b34283d1523b0a32f87449b4718dc828994dc15612115c1b507168fb2,holography-on-ionq/Testing flow/Circuits/Data_batch/Data_0589_000/03_Data_zeromagic_theta_0589_mu_000_bound_XYX_rx000_ry000_rz000_xx000.qpy,happy_ions/reduced_circuit_entropy.ipynb,SC8-C-C078,0403fbb0aaad5c68,11,2100,2100
SC8,sc8_2026_03_27_apr16_campaign,0589_000,shared_post_recovery,XYY,4,04_Data_zeromagic_theta_0589_mu_000_bound_XYY_rx000_ry000_rz000_xx000.qpy,data/executed_circuits/SC8/0589_000/04_Data_zeromagic_theta_0589_mu_000_bound_XYY_rx000_ry000_rz000_xx000.qpy,29b2af55419b2b49cda13b91c6b8b43940937a43999ac9b2c0fbf45e380434ef,holography-on-ionq/Testing flow/Circuits/Data_batch/Data_0589_000/04_Data_zeromagic_theta_0589_mu_000_bound_XYY_rx000_ry000_rz000_xx000.qpy,happy_ions/reduced_circuit_entropy.ipynb,SC8-C-C078,0403fbb0aaad5c68,11,2100,2100
SC8,sc8_2026_03_27_apr16_campaign,0589_000,shared_post_recovery,XYZ,5,05_Data_zeromagic_theta_0589_mu_000_bound_XYZ_rx000_ry000_rz000_xx000.qpy,data/executed_circuits/SC8/0589_000/05_Data_zeromagic_theta_0589_mu_000_bound_XYZ_rx000_ry000_rz000_xx000.qpy,142bd2b321d787ed75e3aefcf8a1af3c8051febf46be98c68445a2807807683f,holography-on-ionq/Testing flow/Circuits/Data_batch/Data_0589_000/05_Data_zeromagic_theta_0589_mu_000_bound_XYZ_rx000_ry000_rz000_xx000.qpy,happy_ions/reduced_circuit_entropy.ipynb,SC8-C-C078,0403fbb0aaad5c68,11,2100,2100
SC8,sc8_2026_03_27_apr16_campaign,0589_000,shared_post_recovery,XZX,6,06_Data_zeromagic_theta_0589_mu_000_bound_XZX_rx000_ry000_rz000_xx000.qpy,data/executed_circuits/SC8/0589_000/06_Data_zeromagic_theta_0589_mu_000_bound_XZX_rx000_ry000_rz000_xx000.qpy,1afb8887c7499e623c55bfc92406b04516d63c502dc7ab732e78142c144ea671,holography-on-ionq/Testing flow/Circuits/Data_batch/Data_0589_000/06_Data_zeromagic_theta_0589_mu_000_bound_XZX_rx000_ry000_rz000_xx000.qpy,happy_ions/reduced_circuit_entropy.ipynb,SC8-C-C078,0403fbb0aaad5c68,11,2100,2100
SC8,sc8_2026_03_27_apr16_campaign,0589_000,shared_post_recovery,XZY,7,07_Data_zeromagic_theta_0589_mu_000_bound_XZY_rx000_ry000_rz000_xx000.qpy,data/executed_circuits/SC8/0589_000/07_Data_zeromagic_theta_0589_mu_000_bound_XZY_rx000_ry000_rz000_xx000.qpy,d8c92b616ffbf6ca586f3b82851b4fc96ddd27fbbad166045e578974405172cb,holography-on-ionq/Testing flow/Circuits/Data_batch/Data_0589_000/07_Data_zeromagic_theta_0589_mu_000_bound_XZY_rx000_ry000_rz000_xx000.qpy,happy_ions/reduced_circuit_entropy.ipynb,SC8-C-C078,0403fbb0aaad5c68,11,2100,2100
SC8,sc8_2026_03_27_apr16_campaign,0589_000,shared_post_recovery,XZZ,8,08_Data_zeromagic_theta_0589_mu_000_bound_XZZ_rx000_ry000_rz000_xx000.qpy,data/executed_circuits/SC8/0589_000/08_Data_zeromagic_theta_0589_mu_000_bound_XZZ_rx000_ry000_rz000_xx000.qpy,9c8fce9c1346de95aa5b909725a1a6cc149f8912cb40c92052815b2840fa712b,holography-on-ionq/Testing flow/Circuits/Data_batch/Data_0589_000/08_Data_zeromagic_theta_0589_mu_000_bound_XZZ_rx000_ry000_rz000_xx000.qpy,happy_ions/reduced_circuit_entropy.ipynb,SC8-C-C078,0403fbb0aaad5c68,11,2100,2100
SC8,sc8_2026_03_27_apr16_campaign,0589_000,shared_post_recovery,YXX,9,09_Data_zeromagic_theta_0589_mu_000_bound_YXX_rx000_ry000_rz000_xx000.qpy,data/executed_circuits/SC8/0589_000/09_Data_zeromagic_theta_0589_mu_000_bound_YXX_rx000_ry000_rz000_xx000.qpy,17a2f230b924d62c7896cea1e57c4e4cac578fe84157305f00d75ac5b039a522,holography-on-ionq/Testing flow/Circuits/Data_batch/Data_0589_000/09_Data_zeromagic_theta_0589_mu_000_bound_YXX_rx000_ry000_rz000_xx000.qpy,happy_ions/reduced_circuit_entropy.ipynb,SC8-C-C078,0403fbb0aaad5c68,11,2100,2100
SC8,sc8_2026_03_27_apr16_campaign,0589_000,shared_post_recovery,YXY,10,10_Data_zeromagic_theta_0589_mu_000_bound_YXY_rx000_ry000_rz000_xx000.qpy,data/executed_circuits/SC8/0589_000/10_Data_zeromagic_theta_0589_mu_000_bound_YXY_rx000_ry000_rz000_xx000.qpy,63025b3fd0173b7d2d60b31647ce977cee0291e3263a3647f333962346d8fe78,holography-on-ionq/Testing flow/Circuits/Data_batch/Data_0589_000/10_Data_zeromagic_theta_0589_mu_000_bound_YXY_rx000_ry000_rz000_xx000.qpy,happy_ions/reduced_circuit_entropy.ipynb,SC8-C-C078,0403fbb0aaad5c68,11,2100,2100
SC8,sc8_2026_03_27_apr16_campaign,0589_000,shared_post_recovery,YXZ,11,11_Data_zeromagic_theta_0589_mu_000_bound_YXZ_rx000_ry000_rz000_xx000.qpy,data/executed_circuits/SC8/0589_000/11_Data_zeromagic_theta_0589_mu_000_bound_YXZ_rx000_ry000_rz000_xx000.qpy,c9447ff5a46bc74e6977eda7150171d7fe4b6fa38e36acdcb47b1657295fab3d,holography-on-ionq/Testing flow/Circuits/Data_batch/Data_0589_000/11_Data_zeromagic_theta_0589_mu_000_bound_YXZ_rx000_ry000_rz000_xx000.qpy,happy_ions/reduced_circuit_entropy.ipynb,SC8-C-C078,0403fbb0aaad5c68,11,2100,2100
SC8,sc8_2026_03_27_apr16_campaign,0589_000,shared_post_recovery,YYX,12,12_Data_zeromagic_theta_0589_mu_000_bound_YYX_rx000_ry000_rz000_xx000.qpy,data/executed_circuits/SC8/0589_000/12_Data_zeromagic_theta_0589_mu_000_bound_YYX_rx000_ry000_rz000_xx000.qpy,a947d77ea4272f5b470bee96e7468ddc21a52086d6ca667bec5ea6303c86b304,holography-on-ionq/Testing flow/Circuits/Data_batch/Data_0589_000/12_Data_zeromagic_theta_0589_mu_000_bound_YYX_rx000_ry000_rz000_xx000.qpy,happy_ions/reduced_circuit_entropy.ipynb,SC8-C-C078,0403fbb0aaad5c68,11,2100,2100
SC8,sc8_2026_03_27_apr16_campaign,0589_000,shared_post_recovery,YYY,13,13_Data_zeromagic_theta_0589_mu_000_bound_YYY_rx000_ry000_rz000_xx000.qpy,data/executed_circuits/SC8/0589_000/13_Data_zeromagic_theta_0589_mu_000_bound_YYY_rx000_ry000_rz000_xx000.qpy,864fb25ef32349d356df7d8845f5b3d0c66ebcc1e615bc8caa01b3112021f17f,holography-on-ionq/Testing flow/Circuits/Data_batch/Data_0589_000/13_Data_zeromagic_theta_0589_mu_000_bound_YYY_rx000_ry000_rz000_xx000.qpy,happy_ions/reduced_circuit_entropy.ipynb,SC8-C-C078,0403fbb0aaad5c68,11,2100,2100
SC8,sc8_2026_03_27_apr16_campaign,0589_000,shared_post_recovery,YYZ,14,14_Data_zeromagic_theta_0589_mu_000_bound_YYZ_rx000_ry000_rz000_xx000.qpy,data/executed_circuits/SC8/0589_000/14_Data_zeromagic_theta_0589_mu_000_bound_YYZ_rx000_ry000_rz000_xx000.qpy,52c2adc4bf18eabd51344a537542a7134bcb77fbd021b3c17408775d70c18d9f,holography-on-ionq/Testing flow/Circuits/Data_batch/Data_0589_000/14_Data_zeromagic_theta_0589_mu_000_bound_YYZ_rx000_ry000_rz000_xx000.qpy,happy_ions/reduced_circuit_entropy.ipynb,SC8-C-C078,0403fbb0aaad5c68,11,2100,2100
SC8,sc8_2026_03_27_apr16_campaign,0589_000,shared_post_recovery,YZX,15,15_Data_zeromagic_theta_0589_mu_000_bound_YZX_rx000_ry000_rz000_xx000.qpy,data/executed_circuits/SC8/0589_000/15_Data_zeromagic_theta_0589_mu_000_bound_YZX_rx000_ry000_rz000_xx000.qpy,7e508ab00bd2ab6fddd566b1fbf225bc0fae6bee6c4fdd930e4b04d4d123a1f5,holography-on-ionq/Testing flow/Circuits/Data_batch/Data_0589_000/15_Data_zeromagic_theta_0589_mu_000_bound_YZX_rx000_ry000_rz000_xx000.qpy,happy_ions/reduced_circuit_entropy.ipynb,SC8-C-C078,0403fbb0aaad5c68,11,2100,2100
SC8,sc8_2026_03_27_apr16_campaign,0589_000,shared_post_recovery,YZY,16,16_Data_zeromagic_theta_0589_mu_000_bound_YZY_rx000_ry000_rz000_xx000.qpy,data/executed_circuits/SC8/0589_000/16_Data_zeromagic_theta_0589_mu_000_bound_YZY_rx000_ry000_rz000_xx000.qpy,ab6babee79a3748f8c94a2e9d11e7100f79aa7706df4ace2b6c47b47d7f22195,holography-on-ionq/Testing flow/Circuits/Data_batch/Data_0589_000/16_Data_zeromagic_theta_0589_mu_000_bound_YZY_rx000_ry000_rz000_xx000.qpy,happy_ions/reduced_circuit_entropy.ipynb,SC8-C-C078,0403fbb0aaad5c68,11,2100,2100
SC8,sc8_2026_03_27_apr16_campaign,0589_000,shared_post_recovery,YZZ,17,17_Data_zeromagic_theta_0589_mu_000_bound_YZZ_rx000_ry000_rz000_xx000.qpy,data/executed_circuits/SC8/0589_000/17_Data_zeromagic_theta_0589_mu_000_bound_YZZ_rx000_ry000_rz000_xx000.qpy,669f22d7e69fc07fe2f1a42478178d2d07acb23b05f936f3bc1e8116a7906aa4,holography-on-ionq/Testing flow/Circuits/Data_batch/Data_0589_000/17_Data_zeromagic_theta_0589_mu_000_bound_YZZ_rx000_ry000_rz000_xx000.qpy,happy_ions/reduced_circuit_entropy.ipynb,SC8-C-C078,0403fbb0aaad5c68,11,2100,2100
SC8,sc8_2026_03_27_apr16_campaign,0589_000,shared_post_recovery,ZXX,18,18_Data_zeromagic_theta_0589_mu_000_bound_ZXX_rx000_ry000_rz000_xx000.qpy,data/executed_circuits/SC8/0589_000/18_Data_zeromagic_theta_0589_mu_000_bound_ZXX_rx000_ry000_rz000_xx000.qpy,72fb19de4ab110a885f087632b37f35a0fd87eca160971b6b3263c4d26f1fcb6,holography-on-ionq/Testing flow/Circuits/Data_batch/Data_0589_000/18_Data_zeromagic_theta_0589_mu_000_bound_ZXX_rx000_ry000_rz000_xx000.qpy,happy_ions/reduced_circuit_entropy.ipynb,SC8-C-C078,0403fbb0aaad5c68,11,2100,2100
SC8,sc8_2026_03_27_apr16_campaign,0589_000,shared_post_recovery,ZXY,19,19_Data_zeromagic_theta_0589_mu_000_bound_ZXY_rx000_ry000_rz000_xx000.qpy,data/executed_circuits/SC8/0589_000/19_Data_zeromagic_theta_0589_mu_000_bound_ZXY_rx000_ry000_rz000_xx000.qpy,dbaa3dc40c43deba46e655cdbdfb14f945c47f503ce92fe60089b96e9656e37b,holography-on-ionq/Testing flow/Circuits/Data_batch/Data_0589_000/19_Data_zeromagic_theta_0589_mu_000_bound_ZXY_rx000_ry000_rz000_xx000.qpy,happy_ions/reduced_circuit_entropy.ipynb,SC8-C-C078,0403fbb0aaad5c68,11,2100,2100
SC8,sc8_2026_03_27_apr16_campaign,0589_000,shared_post_recovery,ZXZ,20,20_Data_zeromagic_theta_0589_mu_000_bound_ZXZ_rx000_ry000_rz000_xx000.qpy,data/executed_circuits/SC8/0589_000/20_Data_zeromagic_theta_0589_mu_000_bound_ZXZ_rx000_ry000_rz000_xx000.qpy,5ab4cb4a20f473de3c58ee0da38a9f98ed570615760d709c93fe04816ff1b353,holography-on-ionq/Testing flow/Circuits/Data_batch/Data_0589_000/20_Data_zeromagic_theta_0589_mu_000_bound_ZXZ_rx000_ry000_rz000_xx000.qpy,happy_ions/reduced_circuit_entropy.ipynb,SC8-C-C078,0403fbb0aaad5c68,11,2100,2100
SC8,sc8_2026_03_27_apr16_campaign,0589_000,shared_post_recovery,ZYX,21,21_Data_zeromagic_theta_0589_mu_000_bound_ZYX_rx000_ry000_rz000_xx000.qpy,data/executed_circuits/SC8/0589_000/21_Data_zeromagic_theta_0589_mu_000_bound_ZYX_rx000_ry000_rz000_xx000.qpy,b297b2e2b1943930a9f4d84bad790b7e8dfdf68aec063c4390d5f2fec47cfc1e,holography-on-ionq/Testing flow/Circuits/Data_batch/Data_0589_000/21_Data_zeromagic_theta_0589_mu_000_bound_ZYX_rx000_ry000_rz000_xx000.qpy,happy_ions/reduced_circuit_entropy.ipynb,SC8-C-C078,0403fbb0aaad5c68,11,2100,2100
SC8,sc8_2026_03_27_apr16_campaign,0589_000,shared_post_recovery,ZYY,22,22_Data_zeromagic_theta_0589_mu_000_bound_ZYY_rx000_ry000_rz000_xx000.qpy,data/executed_circuits/SC8/0589_000/22_Data_zeromagic_theta_0589_mu_000_bound_ZYY_rx000_ry000_rz000_xx000.qpy,0b6f91ae0212741f9afc16b2ea5bdde56aec3ae6fd84dcf01865d3f1823d13e2,holography-on-ionq/Testing flow/Circuits/Data_batch/Data_0589_000/22_Data_zeromagic_theta_0589_mu_000_bound_ZYY_rx000_ry000_rz000_xx000.qpy,happy_ions/reduced_circuit_entropy.ipynb,SC8-C-C078,0403fbb0aaad5c68,11,2100,2100
SC8,sc8_2026_03_27_apr16_campaign,0589_000,shared_post_recovery,ZYZ,23,23_Data_zeromagic_theta_0589_mu_000_bound_ZYZ_rx000_ry000_rz000_xx000.qpy,data/executed_circuits/SC8/0589_000/23_Data_zeromagic_theta_0589_mu_000_bound_ZYZ_rx000_ry000_rz000_xx000.qpy,5ce0e7aa0a38607d1ec7d8d2c524da4a95e7bea8372cee2220ee750f20485429,holography-on-ionq/Testing flow/Circuits/Data_batch/Data_0589_000/23_Data_zeromagic_theta_0589_mu_000_bound_ZYZ_rx000_ry000_rz000_xx000.qpy,happy_ions/reduced_circuit_entropy.ipynb,SC8-C-C078,0403fbb0aaad5c68,11,2100,2100
SC8,sc8_2026_03_27_apr16_campaign,0589_000,shared_post_recovery,ZZX,24,24_Data_zeromagic_theta_0589_mu_000_bound_ZZX_rx000_ry000_rz000_xx000.qpy,data/executed_circuits/SC8/0589_000/24_Data_zeromagic_theta_0589_mu_000_bound_ZZX_rx000_ry000_rz000_xx000.qpy,372778e4a9f904a0093f4389f362c2c8e87772691165f95212cdb531fd820b60,holography-on-ionq/Testing flow/Circuits/Data_batch/Data_0589_000/24_Data_zeromagic_theta_0589_mu_000_bound_ZZX_rx000_ry000_rz000_xx000.qpy,happy_ions/reduced_circuit_entropy.ipynb,SC8-C-C078,0403fbb0aaad5c68,11,2100,2100
SC8,sc8_2026_03_27_apr16_campaign,0589_000,shared_post_recovery,ZZY,25,25_Data_zeromagic_theta_0589_mu_000_bound_ZZY_rx000_ry000_rz000_xx000.qpy,data/executed_circuits/SC8/0589_000/25_Data_zeromagic_theta_0589_mu_000_bound_ZZY_rx000_ry000_rz000_xx000.qpy,52f9d6d00236aa2f7059a43a8aaf0c7682e438bbe9e8af26f707da82367eaa67,holography-on-ionq/Testing flow/Circuits/Data_batch/Data_0589_000/25_Data_zeromagic_theta_0589_mu_000_bound_ZZY_rx000_ry000_rz000_xx000.qpy,happy_ions/reduced_circuit_entropy.ipynb,SC8-C-C078,0403fbb0aaad5c68,11,2100,2100
SC8,sc8_2026_03_27_apr16_campaign,0589_000,shared_post_recovery,ZZZ,26,26_Data_zeromagic_theta_0589_mu_000_bound_ZZZ_rx000_ry000_rz000_xx000.qpy,data/executed_circuits/SC8/0589_000/26_Data_zeromagic_theta_0589_mu_000_bound_ZZZ_rx000_ry000_rz000_xx000.qpy,fbc4cf1a2f06d0ad8690644e0bf5031878c58ee778485a576abdf6066dab26c3,holography-on-ionq/Testing flow/Circuits/Data_batch/Data_0589_000/26_Data_zeromagic_theta_0589_mu_000_bound_ZZZ_rx000_ry000_rz000_xx000.qpy,happy_ions/reduced_circuit_entropy.ipynb,SC8-C-C078,0403fbb0aaad5c68,11,2100,2100
SC8,sc8_2026_03_27_apr16_campaign,0589_010,shared_post_recovery,XXX,0,00_Data_halfMagic_theta_0589_mu_010_bound_XXX_rx007_ry012_rz007_xx010.qpy,data/executed_circuits/SC8/0589_010/00_Data_halfMagic_theta_0589_mu_010_bound_XXX_rx007_ry012_rz007_xx010.qpy,66908d404429a55ffc368ca43bf8023f7444364f0bc172eb43b81a4824d569b6,holography-on-ionq/Testing flow/Circuits/Data_batch/Data_0589_010/00_Data_halfMagic_theta_0589_mu_010_bound_XXX_rx007_ry012_rz007_xx010.qpy,happy_ions/reduced_circuit_entropy.ipynb,SC8-C-C078,0403fbb0aaad5c68,7,1500,1500
SC8,sc8_2026_03_27_apr16_campaign,0589_010,shared_post_recovery,XXY,1,01_Data_halfMagic_theta_0589_mu_010_bound_XXY_rx007_ry012_rz007_xx010.qpy,data/executed_circuits/SC8/0589_010/01_Data_halfMagic_theta_0589_mu_010_bound_XXY_rx007_ry012_rz007_xx010.qpy,692ba8ea21a4f3939c2132b5a05dbd81e7a6ca22cd3b293e3efa209fde37565e,holography-on-ionq/Testing flow/Circuits/Data_batch/Data_0589_010/01_Data_halfMagic_theta_0589_mu_010_bound_XXY_rx007_ry012_rz007_xx010.qpy,happy_ions/reduced_circuit_entropy.ipynb,SC8-C-C078,0403fbb0aaad5c68,7,1500,1500
SC8,sc8_2026_03_27_apr16_campaign,0589_010,shared_post_recovery,XXZ,2,02_Data_halfMagic_theta_0589_mu_010_bound_XXZ_rx007_ry012_rz007_xx010.qpy,data/executed_circuits/SC8/0589_010/02_Data_halfMagic_theta_0589_mu_010_bound_XXZ_rx007_ry012_rz007_xx010.qpy,a63bf798e082359249f5551b9a27273aabfa8be5bad48d5e07528e6e8446fc42,holography-on-ionq/Testing flow/Circuits/Data_batch/Data_0589_010/02_Data_halfMagic_theta_0589_mu_010_bound_XXZ_rx007_ry012_rz007_xx010.qpy,happy_ions/reduced_circuit_entropy.ipynb,SC8-C-C078,0403fbb0aaad5c68,7,1500,1500
SC8,sc8_2026_03_27_apr16_campaign,0589_010,shared_post_recovery,XYX,3,03_Data_halfMagic_theta_0589_mu_010_bound_XYX_rx007_ry012_rz007_xx010.qpy,data/executed_circuits/SC8/0589_010/03_Data_halfMagic_theta_0589_mu_010_bound_XYX_rx007_ry012_rz007_xx010.qpy,8c06ff414aefd30dd399f9a84b43bc93f6fb86af49d3834e6eb70008e6fab8ee,holography-on-ionq/Testing flow/Circuits/Data_batch/Data_0589_010/03_Data_halfMagic_theta_0589_mu_010_bound_XYX_rx007_ry012_rz007_xx010.qpy,happy_ions/reduced_circuit_entropy.ipynb,SC8-C-C078,0403fbb0aaad5c68,7,1500,1500
SC8,sc8_2026_03_27_apr16_campaign,0589_010,shared_post_recovery,XYY,4,04_Data_halfMagic_theta_0589_mu_010_bound_XYY_rx007_ry012_rz007_xx010.qpy,data/executed_circuits/SC8/0589_010/04_Data_halfMagic_theta_0589_mu_010_bound_XYY_rx007_ry012_rz007_xx010.qpy,2247fb08bc15b0a426ec3fcb54cb5e100639310d8988184bda034cf08a25c5b5,holography-on-ionq/Testing flow/Circuits/Data_batch/Data_0589_010/04_Data_halfMagic_theta_0589_mu_010_bound_XYY_rx007_ry012_rz007_xx010.qpy,happy_ions/reduced_circuit_entropy.ipynb,SC8-C-C078,0403fbb0aaad5c68,7,1500,1500
SC8,sc8_2026_03_27_apr16_campaign,0589_010,shared_post_recovery,XYZ,5,05_Data_halfMagic_theta_0589_mu_010_bound_XYZ_rx007_ry012_rz007_xx010.qpy,data/executed_circuits/SC8/0589_010/05_Data_halfMagic_theta_0589_mu_010_bound_XYZ_rx007_ry012_rz007_xx010.qpy,e75ca9dbf6eac05566d2047808563f892cd1bb06a9c3097a394797a8e31b1c86,holography-on-ionq/Testing flow/Circuits/Data_batch/Data_0589_010/05_Data_halfMagic_theta_0589_mu_010_bound_XYZ_rx007_ry012_rz007_xx010.qpy,happy_ions/reduced_circuit_entropy.ipynb,SC8-C-C078,0403fbb0aaad5c68,7,1500,1500
SC8,sc8_2026_03_27_apr16_campaign,0589_010,shared_post_recovery,XZX,6,06_Data_halfMagic_theta_0589_mu_010_bound_XZX_rx007_ry012_rz007_xx010.qpy,data/executed_circuits/SC8/0589_010/06_Data_halfMagic_theta_0589_mu_010_bound_XZX_rx007_ry012_rz007_xx010.qpy,862644a38314c0b8b7fb0629bf956efb18af7151a91635c5bbc2a71bfccf6278,holography-on-ionq/Testing flow/Circuits/Data_batch/Data_0589_010/06_Data_halfMagic_theta_0589_mu_010_bound_XZX_rx007_ry012_rz007_xx010.qpy,happy_ions/reduced_circuit_entropy.ipynb,SC8-C-C078,0403fbb0aaad5c68,7,1500,1500
SC8,sc8_2026_03_27_apr16_campaign,0589_010,shared_post_recovery,XZY,7,07_Data_halfMagic_theta_0589_mu_010_bound_XZY_rx007_ry012_rz007_xx010.qpy,data/executed_circuits/SC8/0589_010/07_Data_halfMagic_theta_0589_mu_010_bound_XZY_rx007_ry012_rz007_xx010.qpy,f38b68e636009a7837114e330a7dd1d15297e53299649382566d5b765c3c3686,holography-on-ionq/Testing flow/Circuits/Data_batch/Data_0589_010/07_Data_halfMagic_theta_0589_mu_010_bound_XZY_rx007_ry012_rz007_xx010.qpy,happy_ions/reduced_circuit_entropy.ipynb,SC8-C-C078,0403fbb0aaad5c68,7,1500,1500
SC8,sc8_2026_03_27_apr16_campaign,0589_010,shared_post_recovery,XZZ,8,08_Data_halfMagic_theta_0589_mu_010_bound_XZZ_rx007_ry012_rz007_xx010.qpy,data/executed_circuits/SC8/0589_010/08_Data_halfMagic_theta_0589_mu_010_bound_XZZ_rx007_ry012_rz007_xx010.qpy,a1ec8cc0239bce6c30ba5422566e8b7317d34f92fa4a39ef8cc0e0fbec5fdf16,holography-on-ionq/Testing flow/Circuits/Data_batch/Data_0589_010/08_Data_halfMagic_theta_0589_mu_010_bound_XZZ_rx007_ry012_rz007_xx010.qpy,happy_ions/reduced_circuit_entropy.ipynb,SC8-C-C078,0403fbb0aaad5c68,7,1500,1500
SC8,sc8_2026_03_27_apr16_campaign,0589_010,shared_post_recovery,YXX,9,09_Data_halfMagic_theta_0589_mu_010_bound_YXX_rx007_ry012_rz007_xx010.qpy,data/executed_circuits/SC8/0589_010/09_Data_halfMagic_theta_0589_mu_010_bound_YXX_rx007_ry012_rz007_xx010.qpy,af774175c5bba3828febeb466124a5acf64c13ed9af72e999e9113d8310b49dd,holography-on-ionq/Testing flow/Circuits/Data_batch/Data_0589_010/09_Data_halfMagic_theta_0589_mu_010_bound_YXX_rx007_ry012_rz007_xx010.qpy,happy_ions/reduced_circuit_entropy.ipynb,SC8-C-C078,0403fbb0aaad5c68,7,1500,1500
SC8,sc8_2026_03_27_apr16_campaign,0589_010,shared_post_recovery,YXY,10,10_Data_halfMagic_theta_0589_mu_010_bound_YXY_rx007_ry012_rz007_xx010.qpy,data/executed_circuits/SC8/0589_010/10_Data_halfMagic_theta_0589_mu_010_bound_YXY_rx007_ry012_rz007_xx010.qpy,7cb044653627e6dde95c84836f612d923444b1dc55dd86fafe9f72170c2e5def,holography-on-ionq/Testing flow/Circuits/Data_batch/Data_0589_010/10_Data_halfMagic_theta_0589_mu_010_bound_YXY_rx007_ry012_rz007_xx010.qpy,happy_ions/reduced_circuit_entropy.ipynb,SC8-C-C078,0403fbb0aaad5c68,7,1500,1500
SC8,sc8_2026_03_27_apr16_campaign,0589_010,shared_post_recovery,YXZ,11,11_Data_halfMagic_theta_0589_mu_010_bound_YXZ_rx007_ry012_rz007_xx010.qpy,data/executed_circuits/SC8/0589_010/11_Data_halfMagic_theta_0589_mu_010_bound_YXZ_rx007_ry012_rz007_xx010.qpy,bbcd2644ca914c1d1055478e6ffb73439c9c4a6cd9d2fbf0cb483ab4f70975b4,holography-on-ionq/Testing flow/Circuits/Data_batch/Data_0589_010/11_Data_halfMagic_theta_0589_mu_010_bound_YXZ_rx007_ry012_rz007_xx010.qpy,happy_ions/reduced_circuit_entropy.ipynb,SC8-C-C078,0403fbb0aaad5c68,7,1500,1500
SC8,sc8_2026_03_27_apr16_campaign,0589_010,shared_post_recovery,YYX,12,12_Data_halfMagic_theta_0589_mu_010_bound_YYX_rx007_ry012_rz007_xx010.qpy,data/executed_circuits/SC8/0589_010/12_Data_halfMagic_theta_0589_mu_010_bound_YYX_rx007_ry012_rz007_xx010.qpy,5d4309eb7d68ef60255285fbdba6f72ef544d9815698be0270887c4c04b40979,holography-on-ionq/Testing flow/Circuits/Data_batch/Data_0589_010/12_Data_halfMagic_theta_0589_mu_010_bound_YYX_rx007_ry012_rz007_xx010.qpy,happy_ions/reduced_circuit_entropy.ipynb,SC8-C-C078,0403fbb0aaad5c68,7,1500,1500
SC8,sc8_2026_03_27_apr16_campaign,0589_010,shared_post_recovery,YYY,13,13_Data_halfMagic_theta_0589_mu_010_bound_YYY_rx007_ry012_rz007_xx010.qpy,data/executed_circuits/SC8/0589_010/13_Data_halfMagic_theta_0589_mu_010_bound_YYY_rx007_ry012_rz007_xx010.qpy,993db965191aab48def2f13aae995c4336708a290b7122d3ec1317c11f529569,holography-on-ionq/Testing flow/Circuits/Data_batch/Data_0589_010/13_Data_halfMagic_theta_0589_mu_010_bound_YYY_rx007_ry012_rz007_xx010.qpy,happy_ions/reduced_circuit_entropy.ipynb,SC8-C-C078,0403fbb0aaad5c68,7,1500,1500
SC8,sc8_2026_03_27_apr16_campaign,0589_010,shared_post_recovery,YYZ,14,14_Data_halfMagic_theta_0589_mu_010_bound_YYZ_rx007_ry012_rz007_xx010.qpy,data/executed_circuits/SC8/0589_010/14_Data_halfMagic_theta_0589_mu_010_bound_YYZ_rx007_ry012_rz007_xx010.qpy,a575e94b8ac819509cd7793b404166472022f44ca2a487ff217b2d08b39b8003,holography-on-ionq/Testing flow/Circuits/Data_batch/Data_0589_010/14_Data_halfMagic_theta_0589_mu_010_bound_YYZ_rx007_ry012_rz007_xx010.qpy,happy_ions/reduced_circuit_entropy.ipynb,SC8-C-C078,0403fbb0aaad5c68,7,1500,1500
SC8,sc8_2026_03_27_apr16_campaign,0589_010,shared_post_recovery,YZX,15,15_Data_halfMagic_theta_0589_mu_010_bound_YZX_rx007_ry012_rz007_xx010.qpy,data/executed_circuits/SC8/0589_010/15_Data_halfMagic_theta_0589_mu_010_bound_YZX_rx007_ry012_rz007_xx010.qpy,f7c35ad503c660a43a192446d683ed48a3ff366bb5115064f6a32edc1c5605ba,holography-on-ionq/Testing flow/Circuits/Data_batch/Data_0589_010/15_Data_halfMagic_theta_0589_mu_010_bound_YZX_rx007_ry012_rz007_xx010.qpy,happy_ions/reduced_circuit_entropy.ipynb,SC8-C-C078,0403fbb0aaad5c68,7,1500,1500
SC8,sc8_2026_03_27_apr16_campaign,0589_010,shared_post_recovery,YZY,16,16_Data_halfMagic_theta_0589_mu_010_bound_YZY_rx007_ry012_rz007_xx010.qpy,data/executed_circuits/SC8/0589_010/16_Data_halfMagic_theta_0589_mu_010_bound_YZY_rx007_ry012_rz007_xx010.qpy,f418a3df2c3f876a5e2efc824215c014abe35e98883d4f329a31746f936bfe84,holography-on-ionq/Testing flow/Circuits/Data_batch/Data_0589_010/16_Data_halfMagic_theta_0589_mu_010_bound_YZY_rx007_ry012_rz007_xx010.qpy,happy_ions/reduced_circuit_entropy.ipynb,SC8-C-C078,0403fbb0aaad5c68,7,1500,1500
SC8,sc8_2026_03_27_apr16_campaign,0589_010,shared_post_recovery,YZZ,17,17_Data_halfMagic_theta_0589_mu_010_bound_YZZ_rx007_ry012_rz007_xx010.qpy,data/executed_circuits/SC8/0589_010/17_Data_halfMagic_theta_0589_mu_010_bound_YZZ_rx007_ry012_rz007_xx010.qpy,d3be07d1bcf4bcacc480b0b6b98d18b848e5ef00994200a29098e14a0f911f69,holography-on-ionq/Testing flow/Circuits/Data_batch/Data_0589_010/17_Data_halfMagic_theta_0589_mu_010_bound_YZZ_rx007_ry012_rz007_xx010.qpy,happy_ions/reduced_circuit_entropy.ipynb,SC8-C-C078,0403fbb0aaad5c68,7,1500,1500
SC8,sc8_2026_03_27_apr16_campaign,0589_010,shared_post_recovery,ZXX,18,18_Data_halfMagic_theta_0589_mu_010_bound_ZXX_rx007_ry012_rz007_xx010.qpy,data/executed_circuits/SC8/0589_010/18_Data_halfMagic_theta_0589_mu_010_bound_ZXX_rx007_ry012_rz007_xx010.qpy,3619ec31dd9c9b9ba58b001d7ca0f15a0a175aca51bd8f038931ebdc8c100740,holography-on-ionq/Testing flow/Circuits/Data_batch/Data_0589_010/18_Data_halfMagic_theta_0589_mu_010_bound_ZXX_rx007_ry012_rz007_xx010.qpy,happy_ions/reduced_circuit_entropy.ipynb,SC8-C-C078,0403fbb0aaad5c68,7,1500,1500
SC8,sc8_2026_03_27_apr16_campaign,0589_010,shared_post_recovery,ZXY,19,19_Data_halfMagic_theta_0589_mu_010_bound_ZXY_rx007_ry012_rz007_xx010.qpy,data/executed_circuits/SC8/0589_010/19_Data_halfMagic_theta_0589_mu_010_bound_ZXY_rx007_ry012_rz007_xx010.qpy,9fbd59e6f52c6ce651e8bc07c75e2f4727a05bf59d862b37442b562d9e1ef1d6,holography-on-ionq/Testing flow/Circuits/Data_batch/Data_0589_010/19_Data_halfMagic_theta_0589_mu_010_bound_ZXY_rx007_ry012_rz007_xx010.qpy,happy_ions/reduced_circuit_entropy.ipynb,SC8-C-C078,0403fbb0aaad5c68,7,1500,1500
SC8,sc8_2026_03_27_apr16_campaign,0589_010,shared_post_recovery,ZXZ,20,20_Data_halfMagic_theta_0589_mu_010_bound_ZXZ_rx007_ry012_rz007_xx010.qpy,data/executed_circuits/SC8/0589_010/20_Data_halfMagic_theta_0589_mu_010_bound_ZXZ_rx007_ry012_rz007_xx010.qpy,40fb99591d6261168e9901448b685827613ff28e2d23809c13690008f460e754,holography-on-ionq/Testing flow/Circuits/Data_batch/Data_0589_010/20_Data_halfMagic_theta_0589_mu_010_bound_ZXZ_rx007_ry012_rz007_xx010.qpy,happy_ions/reduced_circuit_entropy.ipynb,SC8-C-C078,0403fbb0aaad5c68,7,1500,1500
SC8,sc8_2026_03_27_apr16_campaign,0589_010,shared_post_recovery,ZYX,21,21_Data_halfMagic_theta_0589_mu_010_bound_ZYX_rx007_ry012_rz007_xx010.qpy,data/executed_circuits/SC8/0589_010/21_Data_halfMagic_theta_0589_mu_010_bound_ZYX_rx007_ry012_rz007_xx010.qpy,d0f4d678d8d0d6a97f60f249646a04abed8d866bae37488f1b5feee4acf44fd0,holography-on-ionq/Testing flow/Circuits/Data_batch/Data_0589_010/21_Data_halfMagic_theta_0589_mu_010_bound_ZYX_rx007_ry012_rz007_xx010.qpy,happy_ions/reduced_circuit_entropy.ipynb,SC8-C-C078,0403fbb0aaad5c68,7,1500,1500
SC8,sc8_2026_03_27_apr16_campaign,0589_010,shared_post_recovery,ZYY,22,22_Data_halfMagic_theta_0589_mu_010_bound_ZYY_rx007_ry012_rz007_xx010.qpy,data/executed_circuits/SC8/0589_010/22_Data_halfMagic_theta_0589_mu_010_bound_ZYY_rx007_ry012_rz007_xx010.qpy,2cd590a53ff47c50285a2791814db1a39efa4bd76da3f2154c7efd6ae9477c7a,holography-on-ionq/Testing flow/Circuits/Data_batch/Data_0589_010/22_Data_halfMagic_theta_0589_mu_010_bound_ZYY_rx007_ry012_rz007_xx010.qpy,happy_ions/reduced_circuit_entropy.ipynb,SC8-C-C078,0403fbb0aaad5c68,7,1500,1500
SC8,sc8_2026_03_27_apr16_campaign,0589_010,shared_post_recovery,ZYZ,23,23_Data_halfMagic_theta_0589_mu_010_bound_ZYZ_rx007_ry012_rz007_xx010.qpy,data/executed_circuits/SC8/0589_010/23_Data_halfMagic_theta_0589_mu_010_bound_ZYZ_rx007_ry012_rz007_xx010.qpy,e4ec4cac935dd8589b9dedd82b83768c4ed6c99a9c8e8684d7030bc87fc66af7,holography-on-ionq/Testing flow/Circuits/Data_batch/Data_0589_010/23_Data_halfMagic_theta_0589_mu_010_bound_ZYZ_rx007_ry012_rz007_xx010.qpy,happy_ions/reduced_circuit_entropy.ipynb,SC8-C-C078,0403fbb0aaad5c68,7,1500,1500
SC8,sc8_2026_03_27_apr16_campaign,0589_010,shared_post_recovery,ZZX,24,24_Data_halfMagic_theta_0589_mu_010_bound_ZZX_rx007_ry012_rz007_xx010.qpy,data/executed_circuits/SC8/0589_010/24_Data_halfMagic_theta_0589_mu_010_bound_ZZX_rx007_ry012_rz007_xx010.qpy,1f3b45d5c69494019a9fc26e2178cf0d56a250dd7a8bc7dac337fdd6c4568de5,holography-on-ionq/Testing flow/Circuits/Data_batch/Data_0589_010/24_Data_halfMagic_theta_0589_mu_010_bound_ZZX_rx007_ry012_rz007_xx010.qpy,happy_ions/reduced_circuit_entropy.ipynb,SC8-C-C078,0403fbb0aaad5c68,7,1500,1500
SC8,sc8_2026_03_27_apr16_campaign,0589_010,shared_post_recovery,ZZY,25,25_Data_halfMagic_theta_0589_mu_010_bound_ZZY_rx007_ry012_rz007_xx010.qpy,data/executed_circuits/SC8/0589_010/25_Data_halfMagic_theta_0589_mu_010_bound_ZZY_rx007_ry012_rz007_xx010.qpy,a60042f7dbbcb4f2a9f6da3d55ed567e6509050848da990fe169168df6575e43,holography-on-ionq/Testing flow/Circuits/Data_batch/Data_0589_010/25_Data_halfMagic_theta_0589_mu_010_bound_ZZY_rx007_ry012_rz007_xx010.qpy,happy_ions/reduced_circuit_entropy.ipynb,SC8-C-C078,0403fbb0aaad5c68,7,1500,1500
SC8,sc8_2026_03_27_apr16_campaign,0589_010,shared_post_recovery,ZZZ,26,26_Data_halfMagic_theta_0589_mu_010_bound_ZZZ_rx007_ry012_rz007_xx010.qpy,data/executed_circuits/SC8/0589_010/26_Data_halfMagic_theta_0589_mu_010_bound_ZZZ_rx007_ry012_rz007_xx010.qpy,122c9fa138e47ee41401626e53043d6d99aa32cca5caa736ef32c4d1c289374f,holography-on-ionq/Testing flow/Circuits/Data_batch/Data_0589_010/26_Data_halfMagic_theta_0589_mu_010_bound_ZZZ_rx007_ry012_rz007_xx010.qpy,happy_ions/reduced_circuit_entropy.ipynb,SC8-C-C078,0403fbb0aaad5c68,7,1500,1500
SC8,sc8_2026_03_27_apr16_campaign,0589_020,shared_post_recovery,XXX,0,00_Data_withMagic_theta_0589_mu_020_bound_XXX_rx015_ry025_rz015_xx020.qpy,data/executed_circuits/SC8/0589_020/00_Data_withMagic_theta_0589_mu_020_bound_XXX_rx015_ry025_rz015_xx020.qpy,12242352323a8599a7a54be5e14d931e74829a70bd5a656525bd4422ecb36921,holography-on-ionq/Testing flow/Circuits/Data_batch/Data_0589_020/00_Data_withMagic_theta_0589_mu_020_bound_XXX_rx015_ry025_rz015_xx020.qpy,happy_ions/reduced_circuit_entropy.ipynb,SC8-C-C078,0403fbb0aaad5c68,12,1500,1500
SC8,sc8_2026_03_27_apr16_campaign,0589_020,shared_post_recovery,XXY,1,01_Data_withMagic_theta_0589_mu_020_bound_XXY_rx015_ry025_rz015_xx020.qpy,data/executed_circuits/SC8/0589_020/01_Data_withMagic_theta_0589_mu_020_bound_XXY_rx015_ry025_rz015_xx020.qpy,815b72e53c78a0ee574b0d81e3440b6cf233158ed775e44c786ce65911cdad63,holography-on-ionq/Testing flow/Circuits/Data_batch/Data_0589_020/01_Data_withMagic_theta_0589_mu_020_bound_XXY_rx015_ry025_rz015_xx020.qpy,happy_ions/reduced_circuit_entropy.ipynb,SC8-C-C078,0403fbb0aaad5c68,12,1500,1500
SC8,sc8_2026_03_27_apr16_campaign,0589_020,shared_post_recovery,XXZ,2,02_Data_withMagic_theta_0589_mu_020_bound_XXZ_rx015_ry025_rz015_xx020.qpy,data/executed_circuits/SC8/0589_020/02_Data_withMagic_theta_0589_mu_020_bound_XXZ_rx015_ry025_rz015_xx020.qpy,1205f0be3796327768194db857ab977283c6a35d74954645b4721702c642ddce,holography-on-ionq/Testing flow/Circuits/Data_batch/Data_0589_020/02_Data_withMagic_theta_0589_mu_020_bound_XXZ_rx015_ry025_rz015_xx020.qpy,happy_ions/reduced_circuit_entropy.ipynb,SC8-C-C078,0403fbb0aaad5c68,12,1500,1500
SC8,sc8_2026_03_27_apr16_campaign,0589_020,shared_post_recovery,XYX,3,03_Data_withMagic_theta_0589_mu_020_bound_XYX_rx015_ry025_rz015_xx020.qpy,data/executed_circuits/SC8/0589_020/03_Data_withMagic_theta_0589_mu_020_bound_XYX_rx015_ry025_rz015_xx020.qpy,860ad0f79ee11b5aafe52508f711c73790e5ce93c7f310a51a4ae4dd887462dc,holography-on-ionq/Testing flow/Circuits/Data_batch/Data_0589_020/03_Data_withMagic_theta_0589_mu_020_bound_XYX_rx015_ry025_rz015_xx020.qpy,happy_ions/reduced_circuit_entropy.ipynb,SC8-C-C078,0403fbb0aaad5c68,12,1500,1500
SC8,sc8_2026_03_27_apr16_campaign,0589_020,shared_post_recovery,XYY,4,04_Data_withMagic_theta_0589_mu_020_bound_XYY_rx015_ry025_rz015_xx020.qpy,data/executed_circuits/SC8/0589_020/04_Data_withMagic_theta_0589_mu_020_bound_XYY_rx015_ry025_rz015_xx020.qpy,215c3855c1b6ce59adb8780cb8d65c19d8f90d41bec4f66bbfc5394ed8aa8943,holography-on-ionq/Testing flow/Circuits/Data_batch/Data_0589_020/04_Data_withMagic_theta_0589_mu_020_bound_XYY_rx015_ry025_rz015_xx020.qpy,happy_ions/reduced_circuit_entropy.ipynb,SC8-C-C078,0403fbb0aaad5c68,12,1500,1500
SC8,sc8_2026_03_27_apr16_campaign,0589_020,shared_post_recovery,XYZ,5,05_Data_withMagic_theta_0589_mu_020_bound_XYZ_rx015_ry025_rz015_xx020.qpy,data/executed_circuits/SC8/0589_020/05_Data_withMagic_theta_0589_mu_020_bound_XYZ_rx015_ry025_rz015_xx020.qpy,77f27978e33e128aa72815512765e5319446d3dd989664dffeca26c67eb339ee,holography-on-ionq/Testing flow/Circuits/Data_batch/Data_0589_020/05_Data_withMagic_theta_0589_mu_020_bound_XYZ_rx015_ry025_rz015_xx020.qpy,happy_ions/reduced_circuit_entropy.ipynb,SC8-C-C078,0403fbb0aaad5c68,12,1500,1500
SC8,sc8_2026_03_27_apr16_campaign,0589_020,shared_post_recovery,XZX,6,06_Data_withMagic_theta_0589_mu_020_bound_XZX_rx015_ry025_rz015_xx020.qpy,data/executed_circuits/SC8/0589_020/06_Data_withMagic_theta_0589_mu_020_bound_XZX_rx015_ry025_rz015_xx020.qpy,9befc78de03192d69d99d4fdcd89690325da46d89a3852311e2a17ad6a474dad,holography-on-ionq/Testing flow/Circuits/Data_batch/Data_0589_020/06_Data_withMagic_theta_0589_mu_020_bound_XZX_rx015_ry025_rz015_xx020.qpy,happy_ions/reduced_circuit_entropy.ipynb,SC8-C-C078,0403fbb0aaad5c68,12,1500,1500
SC8,sc8_2026_03_27_apr16_campaign,0589_020,shared_post_recovery,XZY,7,07_Data_withMagic_theta_0589_mu_020_bound_XZY_rx015_ry025_rz015_xx020.qpy,data/executed_circuits/SC8/0589_020/07_Data_withMagic_theta_0589_mu_020_bound_XZY_rx015_ry025_rz015_xx020.qpy,3191654054a4078b36c03ee82895cd6058b7a2bf0a46724e2478304ca90853c2,holography-on-ionq/Testing flow/Circuits/Data_batch/Data_0589_020/07_Data_withMagic_theta_0589_mu_020_bound_XZY_rx015_ry025_rz015_xx020.qpy,happy_ions/reduced_circuit_entropy.ipynb,SC8-C-C078,0403fbb0aaad5c68,12,1500,1500
SC8,sc8_2026_03_27_apr16_campaign,0589_020,shared_post_recovery,XZZ,8,08_Data_withMagic_theta_0589_mu_020_bound_XZZ_rx015_ry025_rz015_xx020.qpy,data/executed_circuits/SC8/0589_020/08_Data_withMagic_theta_0589_mu_020_bound_XZZ_rx015_ry025_rz015_xx020.qpy,75611c5a0c4643f6a03a0d188597146b2b265c2230c58f0c21250603a739eb6d,holography-on-ionq/Testing flow/Circuits/Data_batch/Data_0589_020/08_Data_withMagic_theta_0589_mu_020_bound_XZZ_rx015_ry025_rz015_xx020.qpy,happy_ions/reduced_circuit_entropy.ipynb,SC8-C-C078,0403fbb0aaad5c68,12,1500,1500
SC8,sc8_2026_03_27_apr16_campaign,0589_020,shared_post_recovery,YXX,9,09_Data_withMagic_theta_0589_mu_020_bound_YXX_rx015_ry025_rz015_xx020.qpy,data/executed_circuits/SC8/0589_020/09_Data_withMagic_theta_0589_mu_020_bound_YXX_rx015_ry025_rz015_xx020.qpy,62a93287296d60624317690b434964e0809f71955d2886b7fd1f834060fe4b93,holography-on-ionq/Testing flow/Circuits/Data_batch/Data_0589_020/09_Data_withMagic_theta_0589_mu_020_bound_YXX_rx015_ry025_rz015_xx020.qpy,happy_ions/reduced_circuit_entropy.ipynb,SC8-C-C078,0403fbb0aaad5c68,12,1500,1500
SC8,sc8_2026_03_27_apr16_campaign,0589_020,shared_post_recovery,YXY,10,10_Data_withMagic_theta_0589_mu_020_bound_YXY_rx015_ry025_rz015_xx020.qpy,data/executed_circuits/SC8/0589_020/10_Data_withMagic_theta_0589_mu_020_bound_YXY_rx015_ry025_rz015_xx020.qpy,1190e8665b4ba636e044db0b9740fc950a3dbd6f52512a3f44bda36f57c085e2,holography-on-ionq/Testing flow/Circuits/Data_batch/Data_0589_020/10_Data_withMagic_theta_0589_mu_020_bound_YXY_rx015_ry025_rz015_xx020.qpy,happy_ions/reduced_circuit_entropy.ipynb,SC8-C-C078,0403fbb0aaad5c68,12,1500,1500
SC8,sc8_2026_03_27_apr16_campaign,0589_020,shared_post_recovery,YXZ,11,11_Data_withMagic_theta_0589_mu_020_bound_YXZ_rx015_ry025_rz015_xx020.qpy,data/executed_circuits/SC8/0589_020/11_Data_withMagic_theta_0589_mu_020_bound_YXZ_rx015_ry025_rz015_xx020.qpy,fdd7d69610f51ad11c2e6518ed9f5d4e5c3303c4409dfff3115afb7fb9025d41,holography-on-ionq/Testing flow/Circuits/Data_batch/Data_0589_020/11_Data_withMagic_theta_0589_mu_020_bound_YXZ_rx015_ry025_rz015_xx020.qpy,happy_ions/reduced_circuit_entropy.ipynb,SC8-C-C078,0403fbb0aaad5c68,12,1500,1500
SC8,sc8_2026_03_27_apr16_campaign,0589_020,shared_post_recovery,YYX,12,12_Data_withMagic_theta_0589_mu_020_bound_YYX_rx015_ry025_rz015_xx020.qpy,data/executed_circuits/SC8/0589_020/12_Data_withMagic_theta_0589_mu_020_bound_YYX_rx015_ry025_rz015_xx020.qpy,99b4ad3819fc85689232ffabf30142913ca6276bc8439f845d3c40a84ec52478,holography-on-ionq/Testing flow/Circuits/Data_batch/Data_0589_020/12_Data_withMagic_theta_0589_mu_020_bound_YYX_rx015_ry025_rz015_xx020.qpy,happy_ions/reduced_circuit_entropy.ipynb,SC8-C-C078,0403fbb0aaad5c68,12,1500,1500
SC8,sc8_2026_03_27_apr16_campaign,0589_020,shared_post_recovery,YYY,13,13_Data_withMagic_theta_0589_mu_020_bound_YYY_rx015_ry025_rz015_xx020.qpy,data/executed_circuits/SC8/0589_020/13_Data_withMagic_theta_0589_mu_020_bound_YYY_rx015_ry025_rz015_xx020.qpy,1ed8b0dbc32e289e17ede191bf7f21dfb81b0f4251cf415e21c2bdb69d0334f3,holography-on-ionq/Testing flow/Circuits/Data_batch/Data_0589_020/13_Data_withMagic_theta_0589_mu_020_bound_YYY_rx015_ry025_rz015_xx020.qpy,happy_ions/reduced_circuit_entropy.ipynb,SC8-C-C078,0403fbb0aaad5c68,12,1500,1500
SC8,sc8_2026_03_27_apr16_campaign,0589_020,shared_post_recovery,YYZ,14,14_Data_withMagic_theta_0589_mu_020_bound_YYZ_rx015_ry025_rz015_xx020.qpy,data/executed_circuits/SC8/0589_020/14_Data_withMagic_theta_0589_mu_020_bound_YYZ_rx015_ry025_rz015_xx020.qpy,07cf0ab6a664253e629cfeb994b1896c49f94554a0ca259fc2992477cb0fc42c,holography-on-ionq/Testing flow/Circuits/Data_batch/Data_0589_020/14_Data_withMagic_theta_0589_mu_020_bound_YYZ_rx015_ry025_rz015_xx020.qpy,happy_ions/reduced_circuit_entropy.ipynb,SC8-C-C078,0403fbb0aaad5c68,12,1500,1500
SC8,sc8_2026_03_27_apr16_campaign,0589_020,shared_post_recovery,YZX,15,15_Data_withMagic_theta_0589_mu_020_bound_YZX_rx015_ry025_rz015_xx020.qpy,data/executed_circuits/SC8/0589_020/15_Data_withMagic_theta_0589_mu_020_bound_YZX_rx015_ry025_rz015_xx020.qpy,8d5e8e6017ac0af520a8d4e1eab43ebe9fb5cf301ac19f4b6c614d632fc75adc,holography-on-ionq/Testing flow/Circuits/Data_batch/Data_0589_020/15_Data_withMagic_theta_0589_mu_020_bound_YZX_rx015_ry025_rz015_xx020.qpy,happy_ions/reduced_circuit_entropy.ipynb,SC8-C-C078,0403fbb0aaad5c68,12,1500,1500
SC8,sc8_2026_03_27_apr16_campaign,0589_020,shared_post_recovery,YZY,16,16_Data_withMagic_theta_0589_mu_020_bound_YZY_rx015_ry025_rz015_xx020.qpy,data/executed_circuits/SC8/0589_020/16_Data_withMagic_theta_0589_mu_020_bound_YZY_rx015_ry025_rz015_xx020.qpy,0484074c8409c47fed787b41c9ca15e53b7577193f2c3e705c0ebc93df75365d,holography-on-ionq/Testing flow/Circuits/Data_batch/Data_0589_020/16_Data_withMagic_theta_0589_mu_020_bound_YZY_rx015_ry025_rz015_xx020.qpy,happy_ions/reduced_circuit_entropy.ipynb,SC8-C-C078,0403fbb0aaad5c68,12,1500,1500
SC8,sc8_2026_03_27_apr16_campaign,0589_020,shared_post_recovery,YZZ,17,17_Data_withMagic_theta_0589_mu_020_bound_YZZ_rx015_ry025_rz015_xx020.qpy,data/executed_circuits/SC8/0589_020/17_Data_withMagic_theta_0589_mu_020_bound_YZZ_rx015_ry025_rz015_xx020.qpy,3ed30f5b52770fed5fbf36885525e4cc27c87902c9aafd0f01a31eda95088bc1,holography-on-ionq/Testing flow/Circuits/Data_batch/Data_0589_020/17_Data_withMagic_theta_0589_mu_020_bound_YZZ_rx015_ry025_rz015_xx020.qpy,happy_ions/reduced_circuit_entropy.ipynb,SC8-C-C078,0403fbb0aaad5c68,12,1500,1500
SC8,sc8_2026_03_27_apr16_campaign,0589_020,shared_post_recovery,ZXX,18,18_Data_withMagic_theta_0589_mu_020_bound_ZXX_rx015_ry025_rz015_xx020.qpy,data/executed_circuits/SC8/0589_020/18_Data_withMagic_theta_0589_mu_020_bound_ZXX_rx015_ry025_rz015_xx020.qpy,743c3adeb885a4b3df8ee6e468073d9089661174a1c328e336db09498095e8d0,holography-on-ionq/Testing flow/Circuits/Data_batch/Data_0589_020/18_Data_withMagic_theta_0589_mu_020_bound_ZXX_rx015_ry025_rz015_xx020.qpy,happy_ions/reduced_circuit_entropy.ipynb,SC8-C-C078,0403fbb0aaad5c68,12,1500,1500
SC8,sc8_2026_03_27_apr16_campaign,0589_020,shared_post_recovery,ZXY,19,19_Data_withMagic_theta_0589_mu_020_bound_ZXY_rx015_ry025_rz015_xx020.qpy,data/executed_circuits/SC8/0589_020/19_Data_withMagic_theta_0589_mu_020_bound_ZXY_rx015_ry025_rz015_xx020.qpy,968b356965aef33a02b7d1e59af5fb1bbe92aaf7cfa45c939883ffe1adb820e7,holography-on-ionq/Testing flow/Circuits/Data_batch/Data_0589_020/19_Data_withMagic_theta_0589_mu_020_bound_ZXY_rx015_ry025_rz015_xx020.qpy,happy_ions/reduced_circuit_entropy.ipynb,SC8-C-C078,0403fbb0aaad5c68,12,1500,1500
SC8,sc8_2026_03_27_apr16_campaign,0589_020,shared_post_recovery,ZXZ,20,20_Data_withMagic_theta_0589_mu_020_bound_ZXZ_rx015_ry025_rz015_xx020.qpy,data/executed_circuits/SC8/0589_020/20_Data_withMagic_theta_0589_mu_020_bound_ZXZ_rx015_ry025_rz015_xx020.qpy,2702087dd6e1eaecf90f302c38db1fd2c0b2c9e1559eed0cc725d56f766d37bb,holography-on-ionq/Testing flow/Circuits/Data_batch/Data_0589_020/20_Data_withMagic_theta_0589_mu_020_bound_ZXZ_rx015_ry025_rz015_xx020.qpy,happy_ions/reduced_circuit_entropy.ipynb,SC8-C-C078,0403fbb0aaad5c68,12,1500,1500
SC8,sc8_2026_03_27_apr16_campaign,0589_020,shared_post_recovery,ZYX,21,21_Data_withMagic_theta_0589_mu_020_bound_ZYX_rx015_ry025_rz015_xx020.qpy,data/executed_circuits/SC8/0589_020/21_Data_withMagic_theta_0589_mu_020_bound_ZYX_rx015_ry025_rz015_xx020.qpy,83badfc29c58ac837bebaf75f32cc621245fe36c3b2fd69d988125b78a642c51,holography-on-ionq/Testing flow/Circuits/Data_batch/Data_0589_020/21_Data_withMagic_theta_0589_mu_020_bound_ZYX_rx015_ry025_rz015_xx020.qpy,happy_ions/reduced_circuit_entropy.ipynb,SC8-C-C078,0403fbb0aaad5c68,12,1500,1500
SC8,sc8_2026_03_27_apr16_campaign,0589_020,shared_post_recovery,ZYY,22,22_Data_withMagic_theta_0589_mu_020_bound_ZYY_rx015_ry025_rz015_xx020.qpy,data/executed_circuits/SC8/0589_020/22_Data_withMagic_theta_0589_mu_020_bound_ZYY_rx015_ry025_rz015_xx020.qpy,a948121ca2cc53103ecd6df7d056b30f351767692f7bce43a5c8bd4b8f589198,holography-on-ionq/Testing flow/Circuits/Data_batch/Data_0589_020/22_Data_withMagic_theta_0589_mu_020_bound_ZYY_rx015_ry025_rz015_xx020.qpy,happy_ions/reduced_circuit_entropy.ipynb,SC8-C-C078,0403fbb0aaad5c68,12,1500,1500
SC8,sc8_2026_03_27_apr16_campaign,0589_020,shared_post_recovery,ZYZ,23,23_Data_withMagic_theta_0589_mu_020_bound_ZYZ_rx015_ry025_rz015_xx020.qpy,data/executed_circuits/SC8/0589_020/23_Data_withMagic_theta_0589_mu_020_bound_ZYZ_rx015_ry025_rz015_xx020.qpy,887ffad620df6f241591815b229b2895f4e0b7b7fa73718bb4f10f9c0f5a3c43,holography-on-ionq/Testing flow/Circuits/Data_batch/Data_0589_020/23_Data_withMagic_theta_0589_mu_020_bound_ZYZ_rx015_ry025_rz015_xx020.qpy,happy_ions/reduced_circuit_entropy.ipynb,SC8-C-C078,0403fbb0aaad5c68,12,1500,1500
SC8,sc8_2026_03_27_apr16_campaign,0589_020,shared_post_recovery,ZZX,24,24_Data_withMagic_theta_0589_mu_020_bound_ZZX_rx015_ry025_rz015_xx020.qpy,data/executed_circuits/SC8/0589_020/24_Data_withMagic_theta_0589_mu_020_bound_ZZX_rx015_ry025_rz015_xx020.qpy,7f64006e83d1d0b7c749d09f04fbfdc7efbce6c08a48dfbc8906d8e4e00c71fa,holography-on-ionq/Testing flow/Circuits/Data_batch/Data_0589_020/24_Data_withMagic_theta_0589_mu_020_bound_ZZX_rx015_ry025_rz015_xx020.qpy,happy_ions/reduced_circuit_entropy.ipynb,SC8-C-C078,0403fbb0aaad5c68,12,1500,1500
SC8,sc8_2026_03_27_apr16_campaign,0589_020,shared_post_recovery,ZZY,25,25_Data_withMagic_theta_0589_mu_020_bound_ZZY_rx015_ry025_rz015_xx020.qpy,data/executed_circuits/SC8/0589_020/25_Data_withMagic_theta_0589_mu_020_bound_ZZY_rx015_ry025_rz015_xx020.qpy,4d0173be7e4a91420911f29da1cbab8e88fec68bdccbcd1223ecb6bea87aa4b4,holography-on-ionq/Testing flow/Circuits/Data_batch/Data_0589_020/25_Data_withMagic_theta_0589_mu_020_bound_ZZY_rx015_ry025_rz015_xx020.qpy,happy_ions/reduced_circuit_entropy.ipynb,SC8-C-C078,0403fbb0aaad5c68,12,1500,1500
SC8,sc8_2026_03_27_apr16_campaign,0589_020,shared_post_recovery,ZZZ,26,26_Data_withMagic_theta_0589_mu_020_bound_ZZZ_rx015_ry025_rz015_xx020.qpy,data/executed_circuits/SC8/0589_020/26_Data_withMagic_theta_0589_mu_020_bound_ZZZ_rx015_ry025_rz015_xx020.qpy,570d2092bee132695606083f3fc03ac71da615ee6b9103a034c10bca02860beb,holography-on-ionq/Testing flow/Circuits/Data_batch/Data_0589_020/26_Data_withMagic_theta_0589_mu_020_bound_ZZZ_rx015_ry025_rz015_xx020.qpy,happy_ions/reduced_circuit_entropy.ipynb,SC8-C-C078,0403fbb0aaad5c68,12,1500,1500
SC8,sc8_2026_03_27_apr16_campaign,0785_000,shared_post_recovery,XXX,0,00_Data_zeromagic_theta_0785_mu_000_bound_XXX_rx000_ry000_rz000_xx000.qpy,data/executed_circuits/SC8/0785_000/00_Data_zeromagic_theta_0785_mu_000_bound_XXX_rx000_ry000_rz000_xx000.qpy,915789168b6cca8e2e90b6039d71ec0f796e274326bc0402e458ef2b20897be6,holography-on-ionq/Testing flow/Circuits/Data_batch/Data_0785_000/00_Data_zeromagic_theta_0785_mu_000_bound_XXX_rx000_ry000_rz000_xx000.qpy,happy_ions/reduced_circuit_entropy.ipynb,SC8-C-C078,0403fbb0aaad5c68,11,2100,2100
SC8,sc8_2026_03_27_apr16_campaign,0785_000,shared_post_recovery,XXY,1,01_Data_zeromagic_theta_0785_mu_000_bound_XXY_rx000_ry000_rz000_xx000.qpy,data/executed_circuits/SC8/0785_000/01_Data_zeromagic_theta_0785_mu_000_bound_XXY_rx000_ry000_rz000_xx000.qpy,ba1ae16342a22811cb613454178a73f07c119dfc66490550b5561937721668a5,holography-on-ionq/Testing flow/Circuits/Data_batch/Data_0785_000/01_Data_zeromagic_theta_0785_mu_000_bound_XXY_rx000_ry000_rz000_xx000.qpy,happy_ions/reduced_circuit_entropy.ipynb,SC8-C-C078,0403fbb0aaad5c68,11,2100,2100
SC8,sc8_2026_03_27_apr16_campaign,0785_000,shared_post_recovery,XXZ,2,02_Data_zeromagic_theta_0785_mu_000_bound_XXZ_rx000_ry000_rz000_xx000.qpy,data/executed_circuits/SC8/0785_000/02_Data_zeromagic_theta_0785_mu_000_bound_XXZ_rx000_ry000_rz000_xx000.qpy,51cebc61a1f72e9a325208459ed82020566f8af86061d086ae6914d12278947d,holography-on-ionq/Testing flow/Circuits/Data_batch/Data_0785_000/02_Data_zeromagic_theta_0785_mu_000_bound_XXZ_rx000_ry000_rz000_xx000.qpy,happy_ions/reduced_circuit_entropy.ipynb,SC8-C-C078,0403fbb0aaad5c68,11,2100,2100
SC8,sc8_2026_03_27_apr16_campaign,0785_000,shared_post_recovery,XYX,3,03_Data_zeromagic_theta_0785_mu_000_bound_XYX_rx000_ry000_rz000_xx000.qpy,data/executed_circuits/SC8/0785_000/03_Data_zeromagic_theta_0785_mu_000_bound_XYX_rx000_ry000_rz000_xx000.qpy,acadc82d6b382e102dd6c2f35f7ff0fe4b8363ab76ca8f8dbff1c73c7ae7d016,holography-on-ionq/Testing flow/Circuits/Data_batch/Data_0785_000/03_Data_zeromagic_theta_0785_mu_000_bound_XYX_rx000_ry000_rz000_xx000.qpy,happy_ions/reduced_circuit_entropy.ipynb,SC8-C-C078,0403fbb0aaad5c68,11,2100,2100
SC8,sc8_2026_03_27_apr16_campaign,0785_000,shared_post_recovery,XYY,4,04_Data_zeromagic_theta_0785_mu_000_bound_XYY_rx000_ry000_rz000_xx000.qpy,data/executed_circuits/SC8/0785_000/04_Data_zeromagic_theta_0785_mu_000_bound_XYY_rx000_ry000_rz000_xx000.qpy,c83d5116f1a1defd13df52243bc6af82095795e273d822034a9405953af4a4c0,holography-on-ionq/Testing flow/Circuits/Data_batch/Data_0785_000/04_Data_zeromagic_theta_0785_mu_000_bound_XYY_rx000_ry000_rz000_xx000.qpy,happy_ions/reduced_circuit_entropy.ipynb,SC8-C-C078,0403fbb0aaad5c68,11,2100,2100
SC8,sc8_2026_03_27_apr16_campaign,0785_000,shared_post_recovery,XYZ,5,05_Data_zeromagic_theta_0785_mu_000_bound_XYZ_rx000_ry000_rz000_xx000.qpy,data/executed_circuits/SC8/0785_000/05_Data_zeromagic_theta_0785_mu_000_bound_XYZ_rx000_ry000_rz000_xx000.qpy,2dc21cfc77221f98b3979e8bcee19987e95aeae1f0c646958868646dfaf302b7,holography-on-ionq/Testing flow/Circuits/Data_batch/Data_0785_000/05_Data_zeromagic_theta_0785_mu_000_bound_XYZ_rx000_ry000_rz000_xx000.qpy,happy_ions/reduced_circuit_entropy.ipynb,SC8-C-C078,0403fbb0aaad5c68,11,2100,2100
SC8,sc8_2026_03_27_apr16_campaign,0785_000,shared_post_recovery,XZX,6,06_Data_zeromagic_theta_0785_mu_000_bound_XZX_rx000_ry000_rz000_xx000.qpy,data/executed_circuits/SC8/0785_000/06_Data_zeromagic_theta_0785_mu_000_bound_XZX_rx000_ry000_rz000_xx000.qpy,77e324ecaf7fba10f216eebddfc54a75cf4c8de3f33f5894859402604a0938b6,holography-on-ionq/Testing flow/Circuits/Data_batch/Data_0785_000/06_Data_zeromagic_theta_0785_mu_000_bound_XZX_rx000_ry000_rz000_xx000.qpy,happy_ions/reduced_circuit_entropy.ipynb,SC8-C-C078,0403fbb0aaad5c68,11,2100,2100
SC8,sc8_2026_03_27_apr16_campaign,0785_000,shared_post_recovery,XZY,7,07_Data_zeromagic_theta_0785_mu_000_bound_XZY_rx000_ry000_rz000_xx000.qpy,data/executed_circuits/SC8/0785_000/07_Data_zeromagic_theta_0785_mu_000_bound_XZY_rx000_ry000_rz000_xx000.qpy,9b725847303cf4bcf9a6ca0acd13a05f5a9ae04df748c3b87dbe89ce5579a36c,holography-on-ionq/Testing flow/Circuits/Data_batch/Data_0785_000/07_Data_zeromagic_theta_0785_mu_000_bound_XZY_rx000_ry000_rz000_xx000.qpy,happy_ions/reduced_circuit_entropy.ipynb,SC8-C-C078,0403fbb0aaad5c68,11,2100,2100
SC8,sc8_2026_03_27_apr16_campaign,0785_000,shared_post_recovery,XZZ,8,08_Data_zeromagic_theta_0785_mu_000_bound_XZZ_rx000_ry000_rz000_xx000.qpy,data/executed_circuits/SC8/0785_000/08_Data_zeromagic_theta_0785_mu_000_bound_XZZ_rx000_ry000_rz000_xx000.qpy,2f673a6d470f89d7ebd6468b42da87bddfded5a645c78fe58c4e724f85f24d3d,holography-on-ionq/Testing flow/Circuits/Data_batch/Data_0785_000/08_Data_zeromagic_theta_0785_mu_000_bound_XZZ_rx000_ry000_rz000_xx000.qpy,happy_ions/reduced_circuit_entropy.ipynb,SC8-C-C078,0403fbb0aaad5c68,11,2100,2100
SC8,sc8_2026_03_27_apr16_campaign,0785_000,shared_post_recovery,YXX,9,09_Data_zeromagic_theta_0785_mu_000_bound_YXX_rx000_ry000_rz000_xx000.qpy,data/executed_circuits/SC8/0785_000/09_Data_zeromagic_theta_0785_mu_000_bound_YXX_rx000_ry000_rz000_xx000.qpy,74b7104550a37dc92a066379d0929ff8a6d989646f7d35463957608755bef1fc,holography-on-ionq/Testing flow/Circuits/Data_batch/Data_0785_000/09_Data_zeromagic_theta_0785_mu_000_bound_YXX_rx000_ry000_rz000_xx000.qpy,happy_ions/reduced_circuit_entropy.ipynb,SC8-C-C078,0403fbb0aaad5c68,11,2100,2100
SC8,sc8_2026_03_27_apr16_campaign,0785_000,shared_post_recovery,YXY,10,10_Data_zeromagic_theta_0785_mu_000_bound_YXY_rx000_ry000_rz000_xx000.qpy,data/executed_circuits/SC8/0785_000/10_Data_zeromagic_theta_0785_mu_000_bound_YXY_rx000_ry000_rz000_xx000.qpy,d0be4d0475be964b3ec4d85723b931d16eb077f6dc7c19521252841407410193,holography-on-ionq/Testing flow/Circuits/Data_batch/Data_0785_000/10_Data_zeromagic_theta_0785_mu_000_bound_YXY_rx000_ry000_rz000_xx000.qpy,happy_ions/reduced_circuit_entropy.ipynb,SC8-C-C078,0403fbb0aaad5c68,11,2100,2100
SC8,sc8_2026_03_27_apr16_campaign,0785_000,shared_post_recovery,YXZ,11,11_Data_zeromagic_theta_0785_mu_000_bound_YXZ_rx000_ry000_rz000_xx000.qpy,data/executed_circuits/SC8/0785_000/11_Data_zeromagic_theta_0785_mu_000_bound_YXZ_rx000_ry000_rz000_xx000.qpy,050f24860e1b6d37cd861a1480f52987d25082adc51ad42cdb8980e7f0a1a4d8,holography-on-ionq/Testing flow/Circuits/Data_batch/Data_0785_000/11_Data_zeromagic_theta_0785_mu_000_bound_YXZ_rx000_ry000_rz000_xx000.qpy,happy_ions/reduced_circuit_entropy.ipynb,SC8-C-C078,0403fbb0aaad5c68,11,2100,2100
SC8,sc8_2026_03_27_apr16_campaign,0785_000,shared_post_recovery,YYX,12,12_Data_zeromagic_theta_0785_mu_000_bound_YYX_rx000_ry000_rz000_xx000.qpy,data/executed_circuits/SC8/0785_000/12_Data_zeromagic_theta_0785_mu_000_bound_YYX_rx000_ry000_rz000_xx000.qpy,96259e1a3152714d0d050411fa5a5d11934bc62d3c75e7fe4110f108be56535c,holography-on-ionq/Testing flow/Circuits/Data_batch/Data_0785_000/12_Data_zeromagic_theta_0785_mu_000_bound_YYX_rx000_ry000_rz000_xx000.qpy,happy_ions/reduced_circuit_entropy.ipynb,SC8-C-C078,0403fbb0aaad5c68,11,2100,2100
SC8,sc8_2026_03_27_apr16_campaign,0785_000,shared_post_recovery,YYY,13,13_Data_zeromagic_theta_0785_mu_000_bound_YYY_rx000_ry000_rz000_xx000.qpy,data/executed_circuits/SC8/0785_000/13_Data_zeromagic_theta_0785_mu_000_bound_YYY_rx000_ry000_rz000_xx000.qpy,2a5193ee73274c3cfe31d0ebcab1547a184426d1d6c72fe07da0ed1227544ece,holography-on-ionq/Testing flow/Circuits/Data_batch/Data_0785_000/13_Data_zeromagic_theta_0785_mu_000_bound_YYY_rx000_ry000_rz000_xx000.qpy,happy_ions/reduced_circuit_entropy.ipynb,SC8-C-C078,0403fbb0aaad5c68,11,2100,2100
SC8,sc8_2026_03_27_apr16_campaign,0785_000,shared_post_recovery,YYZ,14,14_Data_zeromagic_theta_0785_mu_000_bound_YYZ_rx000_ry000_rz000_xx000.qpy,data/executed_circuits/SC8/0785_000/14_Data_zeromagic_theta_0785_mu_000_bound_YYZ_rx000_ry000_rz000_xx000.qpy,d74766faa33491a44d277c36b61ac770784f582812b876b923bc1c4df0c9bad6,holography-on-ionq/Testing flow/Circuits/Data_batch/Data_0785_000/14_Data_zeromagic_theta_0785_mu_000_bound_YYZ_rx000_ry000_rz000_xx000.qpy,happy_ions/reduced_circuit_entropy.ipynb,SC8-C-C078,0403fbb0aaad5c68,11,2100,2100
SC8,sc8_2026_03_27_apr16_campaign,0785_000,shared_post_recovery,YZX,15,15_Data_zeromagic_theta_0785_mu_000_bound_YZX_rx000_ry000_rz000_xx000.qpy,data/executed_circuits/SC8/0785_000/15_Data_zeromagic_theta_0785_mu_000_bound_YZX_rx000_ry000_rz000_xx000.qpy,d196ff49b43d394c385d1ae5866d3f3103faf2a0082d6382c69e934c75c2d148,holography-on-ionq/Testing flow/Circuits/Data_batch/Data_0785_000/15_Data_zeromagic_theta_0785_mu_000_bound_YZX_rx000_ry000_rz000_xx000.qpy,happy_ions/reduced_circuit_entropy.ipynb,SC8-C-C078,0403fbb0aaad5c68,11,2100,2100
SC8,sc8_2026_03_27_apr16_campaign,0785_000,shared_post_recovery,YZY,16,16_Data_zeromagic_theta_0785_mu_000_bound_YZY_rx000_ry000_rz000_xx000.qpy,data/executed_circuits/SC8/0785_000/16_Data_zeromagic_theta_0785_mu_000_bound_YZY_rx000_ry000_rz000_xx000.qpy,a0aa333e271bf0c686ff04ceeeec0eb2812e23d92b030d163a1fb0bc5455fdef,holography-on-ionq/Testing flow/Circuits/Data_batch/Data_0785_000/16_Data_zeromagic_theta_0785_mu_000_bound_YZY_rx000_ry000_rz000_xx000.qpy,happy_ions/reduced_circuit_entropy.ipynb,SC8-C-C078,0403fbb0aaad5c68,11,2100,2100
SC8,sc8_2026_03_27_apr16_campaign,0785_000,shared_post_recovery,YZZ,17,17_Data_zeromagic_theta_0785_mu_000_bound_YZZ_rx000_ry000_rz000_xx000.qpy,data/executed_circuits/SC8/0785_000/17_Data_zeromagic_theta_0785_mu_000_bound_YZZ_rx000_ry000_rz000_xx000.qpy,b6d731b487044b88ae2527f3870bf6991facb5d70c3caec705639581e9414049,holography-on-ionq/Testing flow/Circuits/Data_batch/Data_0785_000/17_Data_zeromagic_theta_0785_mu_000_bound_YZZ_rx000_ry000_rz000_xx000.qpy,happy_ions/reduced_circuit_entropy.ipynb,SC8-C-C078,0403fbb0aaad5c68,11,2100,2100
SC8,sc8_2026_03_27_apr16_campaign,0785_000,shared_post_recovery,ZXX,18,18_Data_zeromagic_theta_0785_mu_000_bound_ZXX_rx000_ry000_rz000_xx000.qpy,data/executed_circuits/SC8/0785_000/18_Data_zeromagic_theta_0785_mu_000_bound_ZXX_rx000_ry000_rz000_xx000.qpy,3839f70b18a609c5294df32dedcc94230e6998b4a82b80b901123fa24bc28e3c,holography-on-ionq/Testing flow/Circuits/Data_batch/Data_0785_000/18_Data_zeromagic_theta_0785_mu_000_bound_ZXX_rx000_ry000_rz000_xx000.qpy,happy_ions/reduced_circuit_entropy.ipynb,SC8-C-C078,0403fbb0aaad5c68,11,2100,2100
SC8,sc8_2026_03_27_apr16_campaign,0785_000,shared_post_recovery,ZXY,19,19_Data_zeromagic_theta_0785_mu_000_bound_ZXY_rx000_ry000_rz000_xx000.qpy,data/executed_circuits/SC8/0785_000/19_Data_zeromagic_theta_0785_mu_000_bound_ZXY_rx000_ry000_rz000_xx000.qpy,6984597a2789263473e86f947dc38e56da2de3ab2ddaf7853674d1b71da9f8a4,holography-on-ionq/Testing flow/Circuits/Data_batch/Data_0785_000/19_Data_zeromagic_theta_0785_mu_000_bound_ZXY_rx000_ry000_rz000_xx000.qpy,happy_ions/reduced_circuit_entropy.ipynb,SC8-C-C078,0403fbb0aaad5c68,11,2100,2100
SC8,sc8_2026_03_27_apr16_campaign,0785_000,shared_post_recovery,ZXZ,20,20_Data_zeromagic_theta_0785_mu_000_bound_ZXZ_rx000_ry000_rz000_xx000.qpy,data/executed_circuits/SC8/0785_000/20_Data_zeromagic_theta_0785_mu_000_bound_ZXZ_rx000_ry000_rz000_xx000.qpy,0f876231caa324441edf5b90e6819bb80426c66d4e0d452587bbbc0d208605b7,holography-on-ionq/Testing flow/Circuits/Data_batch/Data_0785_000/20_Data_zeromagic_theta_0785_mu_000_bound_ZXZ_rx000_ry000_rz000_xx000.qpy,happy_ions/reduced_circuit_entropy.ipynb,SC8-C-C078,0403fbb0aaad5c68,11,2100,2100
SC8,sc8_2026_03_27_apr16_campaign,0785_000,shared_post_recovery,ZYX,21,21_Data_zeromagic_theta_0785_mu_000_bound_ZYX_rx000_ry000_rz000_xx000.qpy,data/executed_circuits/SC8/0785_000/21_Data_zeromagic_theta_0785_mu_000_bound_ZYX_rx000_ry000_rz000_xx000.qpy,552bb2de98189fc5c7022db19071e9573eb0095d4c32e6b274602f98b1fde845,holography-on-ionq/Testing flow/Circuits/Data_batch/Data_0785_000/21_Data_zeromagic_theta_0785_mu_000_bound_ZYX_rx000_ry000_rz000_xx000.qpy,happy_ions/reduced_circuit_entropy.ipynb,SC8-C-C078,0403fbb0aaad5c68,11,2100,2100
SC8,sc8_2026_03_27_apr16_campaign,0785_000,shared_post_recovery,ZYY,22,22_Data_zeromagic_theta_0785_mu_000_bound_ZYY_rx000_ry000_rz000_xx000.qpy,data/executed_circuits/SC8/0785_000/22_Data_zeromagic_theta_0785_mu_000_bound_ZYY_rx000_ry000_rz000_xx000.qpy,f77aa452742e23547c6c37b7aec615eced9bc2dc75a863e31819286f3b5d8e7a,holography-on-ionq/Testing flow/Circuits/Data_batch/Data_0785_000/22_Data_zeromagic_theta_0785_mu_000_bound_ZYY_rx000_ry000_rz000_xx000.qpy,happy_ions/reduced_circuit_entropy.ipynb,SC8-C-C078,0403fbb0aaad5c68,11,2100,2100
SC8,sc8_2026_03_27_apr16_campaign,0785_000,shared_post_recovery,ZYZ,23,23_Data_zeromagic_theta_0785_mu_000_bound_ZYZ_rx000_ry000_rz000_xx000.qpy,data/executed_circuits/SC8/0785_000/23_Data_zeromagic_theta_0785_mu_000_bound_ZYZ_rx000_ry000_rz000_xx000.qpy,e9f4c21103db5c4d4b7d737970f3fa46bfcd6f4eacb08453fbcd56bb2e343740,holography-on-ionq/Testing flow/Circuits/Data_batch/Data_0785_000/23_Data_zeromagic_theta_0785_mu_000_bound_ZYZ_rx000_ry000_rz000_xx000.qpy,happy_ions/reduced_circuit_entropy.ipynb,SC8-C-C078,0403fbb0aaad5c68,11,2100,2100
SC8,sc8_2026_03_27_apr16_campaign,0785_000,shared_post_recovery,ZZX,24,24_Data_zeromagic_theta_0785_mu_000_bound_ZZX_rx000_ry000_rz000_xx000.qpy,data/executed_circuits/SC8/0785_000/24_Data_zeromagic_theta_0785_mu_000_bound_ZZX_rx000_ry000_rz000_xx000.qpy,1af40da01dbcb76b8986ccad52e8ce3948a73df59b64ac5716fe7f21a5c51506,holography-on-ionq/Testing flow/Circuits/Data_batch/Data_0785_000/24_Data_zeromagic_theta_0785_mu_000_bound_ZZX_rx000_ry000_rz000_xx000.qpy,happy_ions/reduced_circuit_entropy.ipynb,SC8-C-C078,0403fbb0aaad5c68,11,2100,2100
SC8,sc8_2026_03_27_apr16_campaign,0785_000,shared_post_recovery,ZZY,25,25_Data_zeromagic_theta_0785_mu_000_bound_ZZY_rx000_ry000_rz000_xx000.qpy,data/executed_circuits/SC8/0785_000/25_Data_zeromagic_theta_0785_mu_000_bound_ZZY_rx000_ry000_rz000_xx000.qpy,9a15eab1a1092b43784aa5b59aa5a8f727f1f2a735e929ed34f78c54d18cc4bb,holography-on-ionq/Testing flow/Circuits/Data_batch/Data_0785_000/25_Data_zeromagic_theta_0785_mu_000_bound_ZZY_rx000_ry000_rz000_xx000.qpy,happy_ions/reduced_circuit_entropy.ipynb,SC8-C-C078,0403fbb0aaad5c68,11,2100,2100
SC8,sc8_2026_03_27_apr16_campaign,0785_000,shared_post_recovery,ZZZ,26,26_Data_zeromagic_theta_0785_mu_000_bound_ZZZ_rx000_ry000_rz000_xx000.qpy,data/executed_circuits/SC8/0785_000/26_Data_zeromagic_theta_0785_mu_000_bound_ZZZ_rx000_ry000_rz000_xx000.qpy,4b7a7bf7f656317856a914928af6bffa81b78fb790e868d6f7c5e169b181fad2,holography-on-ionq/Testing flow/Circuits/Data_batch/Data_0785_000/26_Data_zeromagic_theta_0785_mu_000_bound_ZZZ_rx000_ry000_rz000_xx000.qpy,happy_ions/reduced_circuit_entropy.ipynb,SC8-C-C078,0403fbb0aaad5c68,11,2100,2100
SC8,sc8_2026_03_27_apr16_campaign,0785_010,shared_post_recovery,XXX,0,00_Data_halfMagic_theta_0785_mu_010_bound_XXX_rx007_ry012_rz007_xx010.qpy,data/executed_circuits/SC8/0785_010/00_Data_halfMagic_theta_0785_mu_010_bound_XXX_rx007_ry012_rz007_xx010.qpy,501af200c0bf9042fa7d9da4fdcceac6bf980e6c3c9d14ab8202306780975254,holography-on-ionq/Testing flow/Circuits/Data_batch/Data_0785_010/00_Data_halfMagic_theta_0785_mu_010_bound_XXX_rx007_ry012_rz007_xx010.qpy,happy_ions/reduced_circuit_entropy.ipynb,SC8-C-C078,0403fbb0aaad5c68,7,1500,1500
SC8,sc8_2026_03_27_apr16_campaign,0785_010,shared_post_recovery,XXY,1,01_Data_halfMagic_theta_0785_mu_010_bound_XXY_rx007_ry012_rz007_xx010.qpy,data/executed_circuits/SC8/0785_010/01_Data_halfMagic_theta_0785_mu_010_bound_XXY_rx007_ry012_rz007_xx010.qpy,54bc0a44f8ccf8b2b40b62da08a1dec0848b845224ef3d3053310989f4c4365c,holography-on-ionq/Testing flow/Circuits/Data_batch/Data_0785_010/01_Data_halfMagic_theta_0785_mu_010_bound_XXY_rx007_ry012_rz007_xx010.qpy,happy_ions/reduced_circuit_entropy.ipynb,SC8-C-C078,0403fbb0aaad5c68,7,1500,1500
SC8,sc8_2026_03_27_apr16_campaign,0785_010,shared_post_recovery,XXZ,2,02_Data_halfMagic_theta_0785_mu_010_bound_XXZ_rx007_ry012_rz007_xx010.qpy,data/executed_circuits/SC8/0785_010/02_Data_halfMagic_theta_0785_mu_010_bound_XXZ_rx007_ry012_rz007_xx010.qpy,d4849e2f0f3a4864c2b1ce076cbf34a6f11ea5127c4416e93310c8d44ef07781,holography-on-ionq/Testing flow/Circuits/Data_batch/Data_0785_010/02_Data_halfMagic_theta_0785_mu_010_bound_XXZ_rx007_ry012_rz007_xx010.qpy,happy_ions/reduced_circuit_entropy.ipynb,SC8-C-C078,0403fbb0aaad5c68,7,1500,1500
SC8,sc8_2026_03_27_apr16_campaign,0785_010,shared_post_recovery,XYX,3,03_Data_halfMagic_theta_0785_mu_010_bound_XYX_rx007_ry012_rz007_xx010.qpy,data/executed_circuits/SC8/0785_010/03_Data_halfMagic_theta_0785_mu_010_bound_XYX_rx007_ry012_rz007_xx010.qpy,38fb0c535c5b85ec4e91f1521342cd868fc92f460b393c2ef53b6b844b0b2d3d,holography-on-ionq/Testing flow/Circuits/Data_batch/Data_0785_010/03_Data_halfMagic_theta_0785_mu_010_bound_XYX_rx007_ry012_rz007_xx010.qpy,happy_ions/reduced_circuit_entropy.ipynb,SC8-C-C078,0403fbb0aaad5c68,7,1500,1500
SC8,sc8_2026_03_27_apr16_campaign,0785_010,shared_post_recovery,XYY,4,04_Data_halfMagic_theta_0785_mu_010_bound_XYY_rx007_ry012_rz007_xx010.qpy,data/executed_circuits/SC8/0785_010/04_Data_halfMagic_theta_0785_mu_010_bound_XYY_rx007_ry012_rz007_xx010.qpy,4e87e43f33bdbe1b40185223cea3bb810c503801675e365670b191074de41929,holography-on-ionq/Testing flow/Circuits/Data_batch/Data_0785_010/04_Data_halfMagic_theta_0785_mu_010_bound_XYY_rx007_ry012_rz007_xx010.qpy,happy_ions/reduced_circuit_entropy.ipynb,SC8-C-C078,0403fbb0aaad5c68,7,1500,1500
SC8,sc8_2026_03_27_apr16_campaign,0785_010,shared_post_recovery,XYZ,5,05_Data_halfMagic_theta_0785_mu_010_bound_XYZ_rx007_ry012_rz007_xx010.qpy,data/executed_circuits/SC8/0785_010/05_Data_halfMagic_theta_0785_mu_010_bound_XYZ_rx007_ry012_rz007_xx010.qpy,b2ac843e3dc53e98e0194e841b205b0ed505ce35d71a573633e7a68216ba60d3,holography-on-ionq/Testing flow/Circuits/Data_batch/Data_0785_010/05_Data_halfMagic_theta_0785_mu_010_bound_XYZ_rx007_ry012_rz007_xx010.qpy,happy_ions/reduced_circuit_entropy.ipynb,SC8-C-C078,0403fbb0aaad5c68,7,1500,1500
SC8,sc8_2026_03_27_apr16_campaign,0785_010,shared_post_recovery,XZX,6,06_Data_halfMagic_theta_0785_mu_010_bound_XZX_rx007_ry012_rz007_xx010.qpy,data/executed_circuits/SC8/0785_010/06_Data_halfMagic_theta_0785_mu_010_bound_XZX_rx007_ry012_rz007_xx010.qpy,eb9c24c7cd55596ee1124f6506409ca53ade3097898feb9c5db8b9ac2ba03ae9,holography-on-ionq/Testing flow/Circuits/Data_batch/Data_0785_010/06_Data_halfMagic_theta_0785_mu_010_bound_XZX_rx007_ry012_rz007_xx010.qpy,happy_ions/reduced_circuit_entropy.ipynb,SC8-C-C078,0403fbb0aaad5c68,7,1500,1500
SC8,sc8_2026_03_27_apr16_campaign,0785_010,shared_post_recovery,XZY,7,07_Data_halfMagic_theta_0785_mu_010_bound_XZY_rx007_ry012_rz007_xx010.qpy,data/executed_circuits/SC8/0785_010/07_Data_halfMagic_theta_0785_mu_010_bound_XZY_rx007_ry012_rz007_xx010.qpy,812bb03cf24f05bb485712bc895dc1c7834e1daccd3e22f365c8cd1da5dee983,holography-on-ionq/Testing flow/Circuits/Data_batch/Data_0785_010/07_Data_halfMagic_theta_0785_mu_010_bound_XZY_rx007_ry012_rz007_xx010.qpy,happy_ions/reduced_circuit_entropy.ipynb,SC8-C-C078,0403fbb0aaad5c68,7,1500,1500
SC8,sc8_2026_03_27_apr16_campaign,0785_010,shared_post_recovery,XZZ,8,08_Data_halfMagic_theta_0785_mu_010_bound_XZZ_rx007_ry012_rz007_xx010.qpy,data/executed_circuits/SC8/0785_010/08_Data_halfMagic_theta_0785_mu_010_bound_XZZ_rx007_ry012_rz007_xx010.qpy,00334d56f583248c3adae87d325127ca8b5cf4802183b4f265674cbb92f46699,holography-on-ionq/Testing flow/Circuits/Data_batch/Data_0785_010/08_Data_halfMagic_theta_0785_mu_010_bound_XZZ_rx007_ry012_rz007_xx010.qpy,happy_ions/reduced_circuit_entropy.ipynb,SC8-C-C078,0403fbb0aaad5c68,7,1500,1500
SC8,sc8_2026_03_27_apr16_campaign,0785_010,shared_post_recovery,YXX,9,09_Data_halfMagic_theta_0785_mu_010_bound_YXX_rx007_ry012_rz007_xx010.qpy,data/executed_circuits/SC8/0785_010/09_Data_halfMagic_theta_0785_mu_010_bound_YXX_rx007_ry012_rz007_xx010.qpy,2dd345811eeadfb756e9c04735d290f4ce086466d7dead595ebe949135b7d04c,holography-on-ionq/Testing flow/Circuits/Data_batch/Data_0785_010/09_Data_halfMagic_theta_0785_mu_010_bound_YXX_rx007_ry012_rz007_xx010.qpy,happy_ions/reduced_circuit_entropy.ipynb,SC8-C-C078,0403fbb0aaad5c68,7,1500,1500
SC8,sc8_2026_03_27_apr16_campaign,0785_010,shared_post_recovery,YXY,10,10_Data_halfMagic_theta_0785_mu_010_bound_YXY_rx007_ry012_rz007_xx010.qpy,data/executed_circuits/SC8/0785_010/10_Data_halfMagic_theta_0785_mu_010_bound_YXY_rx007_ry012_rz007_xx010.qpy,15e43bc749df6560c2c035dd68e3b454772ebbea981990bd9519ef4144808ea8,holography-on-ionq/Testing flow/Circuits/Data_batch/Data_0785_010/10_Data_halfMagic_theta_0785_mu_010_bound_YXY_rx007_ry012_rz007_xx010.qpy,happy_ions/reduced_circuit_entropy.ipynb,SC8-C-C078,0403fbb0aaad5c68,7,1500,1500
SC8,sc8_2026_03_27_apr16_campaign,0785_010,shared_post_recovery,YXZ,11,11_Data_halfMagic_theta_0785_mu_010_bound_YXZ_rx007_ry012_rz007_xx010.qpy,data/executed_circuits/SC8/0785_010/11_Data_halfMagic_theta_0785_mu_010_bound_YXZ_rx007_ry012_rz007_xx010.qpy,c3766bddff0812aa7e6d542cec4f2a1e26eef89ef68a287d15ec694325236bcb,holography-on-ionq/Testing flow/Circuits/Data_batch/Data_0785_010/11_Data_halfMagic_theta_0785_mu_010_bound_YXZ_rx007_ry012_rz007_xx010.qpy,happy_ions/reduced_circuit_entropy.ipynb,SC8-C-C078,0403fbb0aaad5c68,7,1500,1500
SC8,sc8_2026_03_27_apr16_campaign,0785_010,shared_post_recovery,YYX,12,12_Data_halfMagic_theta_0785_mu_010_bound_YYX_rx007_ry012_rz007_xx010.qpy,data/executed_circuits/SC8/0785_010/12_Data_halfMagic_theta_0785_mu_010_bound_YYX_rx007_ry012_rz007_xx010.qpy,d9fe95a29263efb07f62c879152e3b64823ae69163a0cf79116f3264419fbeef,holography-on-ionq/Testing flow/Circuits/Data_batch/Data_0785_010/12_Data_halfMagic_theta_0785_mu_010_bound_YYX_rx007_ry012_rz007_xx010.qpy,happy_ions/reduced_circuit_entropy.ipynb,SC8-C-C078,0403fbb0aaad5c68,7,1500,1500
SC8,sc8_2026_03_27_apr16_campaign,0785_010,shared_post_recovery,YYY,13,13_Data_halfMagic_theta_0785_mu_010_bound_YYY_rx007_ry012_rz007_xx010.qpy,data/executed_circuits/SC8/0785_010/13_Data_halfMagic_theta_0785_mu_010_bound_YYY_rx007_ry012_rz007_xx010.qpy,b309d23c0af02afd03ab138b36bb4194909f16242df64740f6887e07918029a7,holography-on-ionq/Testing flow/Circuits/Data_batch/Data_0785_010/13_Data_halfMagic_theta_0785_mu_010_bound_YYY_rx007_ry012_rz007_xx010.qpy,happy_ions/reduced_circuit_entropy.ipynb,SC8-C-C078,0403fbb0aaad5c68,7,1500,1500
SC8,sc8_2026_03_27_apr16_campaign,0785_010,shared_post_recovery,YYZ,14,14_Data_halfMagic_theta_0785_mu_010_bound_YYZ_rx007_ry012_rz007_xx010.qpy,data/executed_circuits/SC8/0785_010/14_Data_halfMagic_theta_0785_mu_010_bound_YYZ_rx007_ry012_rz007_xx010.qpy,05634b086e69455f4d7123efb6d91d99dd2fb9cc4f9282698c43fed946752bc8,holography-on-ionq/Testing flow/Circuits/Data_batch/Data_0785_010/14_Data_halfMagic_theta_0785_mu_010_bound_YYZ_rx007_ry012_rz007_xx010.qpy,happy_ions/reduced_circuit_entropy.ipynb,SC8-C-C078,0403fbb0aaad5c68,7,1500,1500
SC8,sc8_2026_03_27_apr16_campaign,0785_010,shared_post_recovery,YZX,15,15_Data_halfMagic_theta_0785_mu_010_bound_YZX_rx007_ry012_rz007_xx010.qpy,data/executed_circuits/SC8/0785_010/15_Data_halfMagic_theta_0785_mu_010_bound_YZX_rx007_ry012_rz007_xx010.qpy,c25981d9bfc1a700153b7b67f03c20499c9bd5b25a8bc0edfab39628ad2c2f29,holography-on-ionq/Testing flow/Circuits/Data_batch/Data_0785_010/15_Data_halfMagic_theta_0785_mu_010_bound_YZX_rx007_ry012_rz007_xx010.qpy,happy_ions/reduced_circuit_entropy.ipynb,SC8-C-C078,0403fbb0aaad5c68,7,1500,1500
SC8,sc8_2026_03_27_apr16_campaign,0785_010,shared_post_recovery,YZY,16,16_Data_halfMagic_theta_0785_mu_010_bound_YZY_rx007_ry012_rz007_xx010.qpy,data/executed_circuits/SC8/0785_010/16_Data_halfMagic_theta_0785_mu_010_bound_YZY_rx007_ry012_rz007_xx010.qpy,8ed37ed211b904cb689bc7265821019cf37cb373a39082255721a2075596ae48,holography-on-ionq/Testing flow/Circuits/Data_batch/Data_0785_010/16_Data_halfMagic_theta_0785_mu_010_bound_YZY_rx007_ry012_rz007_xx010.qpy,happy_ions/reduced_circuit_entropy.ipynb,SC8-C-C078,0403fbb0aaad5c68,7,1500,1500
SC8,sc8_2026_03_27_apr16_campaign,0785_010,shared_post_recovery,YZZ,17,17_Data_halfMagic_theta_0785_mu_010_bound_YZZ_rx007_ry012_rz007_xx010.qpy,data/executed_circuits/SC8/0785_010/17_Data_halfMagic_theta_0785_mu_010_bound_YZZ_rx007_ry012_rz007_xx010.qpy,91820e1ac4b0adf757871473fbf28c0e1e625569848041c7138b528c4de6f072,holography-on-ionq/Testing flow/Circuits/Data_batch/Data_0785_010/17_Data_halfMagic_theta_0785_mu_010_bound_YZZ_rx007_ry012_rz007_xx010.qpy,happy_ions/reduced_circuit_entropy.ipynb,SC8-C-C078,0403fbb0aaad5c68,7,1500,1500
SC8,sc8_2026_03_27_apr16_campaign,0785_010,shared_post_recovery,ZXX,18,18_Data_halfMagic_theta_0785_mu_010_bound_ZXX_rx007_ry012_rz007_xx010.qpy,data/executed_circuits/SC8/0785_010/18_Data_halfMagic_theta_0785_mu_010_bound_ZXX_rx007_ry012_rz007_xx010.qpy,2ab49986fe776313b158171bcab785d5ca8c31f33cdb13a37f63fa6cb4962449,holography-on-ionq/Testing flow/Circuits/Data_batch/Data_0785_010/18_Data_halfMagic_theta_0785_mu_010_bound_ZXX_rx007_ry012_rz007_xx010.qpy,happy_ions/reduced_circuit_entropy.ipynb,SC8-C-C078,0403fbb0aaad5c68,7,1500,1500
SC8,sc8_2026_03_27_apr16_campaign,0785_010,shared_post_recovery,ZXY,19,19_Data_halfMagic_theta_0785_mu_010_bound_ZXY_rx007_ry012_rz007_xx010.qpy,data/executed_circuits/SC8/0785_010/19_Data_halfMagic_theta_0785_mu_010_bound_ZXY_rx007_ry012_rz007_xx010.qpy,c0a8a7f9925dd785fe353c40c931cbc49fd419b913787b620838e0bc5c18272b,holography-on-ionq/Testing flow/Circuits/Data_batch/Data_0785_010/19_Data_halfMagic_theta_0785_mu_010_bound_ZXY_rx007_ry012_rz007_xx010.qpy,happy_ions/reduced_circuit_entropy.ipynb,SC8-C-C078,0403fbb0aaad5c68,7,1500,1500
SC8,sc8_2026_03_27_apr16_campaign,0785_010,shared_post_recovery,ZXZ,20,20_Data_halfMagic_theta_0785_mu_010_bound_ZXZ_rx007_ry012_rz007_xx010.qpy,data/executed_circuits/SC8/0785_010/20_Data_halfMagic_theta_0785_mu_010_bound_ZXZ_rx007_ry012_rz007_xx010.qpy,34db21a6f988d1d5485dddb2a8d9d98b88feeed27552d5b0eb95a18a86a70fb1,holography-on-ionq/Testing flow/Circuits/Data_batch/Data_0785_010/20_Data_halfMagic_theta_0785_mu_010_bound_ZXZ_rx007_ry012_rz007_xx010.qpy,happy_ions/reduced_circuit_entropy.ipynb,SC8-C-C078,0403fbb0aaad5c68,7,1500,1500
SC8,sc8_2026_03_27_apr16_campaign,0785_010,shared_post_recovery,ZYX,21,21_Data_halfMagic_theta_0785_mu_010_bound_ZYX_rx007_ry012_rz007_xx010.qpy,data/executed_circuits/SC8/0785_010/21_Data_halfMagic_theta_0785_mu_010_bound_ZYX_rx007_ry012_rz007_xx010.qpy,fe2a62f829719d59df657cde485c9d12debed62f4cc077bc8cd86ada5f7b063f,holography-on-ionq/Testing flow/Circuits/Data_batch/Data_0785_010/21_Data_halfMagic_theta_0785_mu_010_bound_ZYX_rx007_ry012_rz007_xx010.qpy,happy_ions/reduced_circuit_entropy.ipynb,SC8-C-C078,0403fbb0aaad5c68,7,1500,1500
SC8,sc8_2026_03_27_apr16_campaign,0785_010,shared_post_recovery,ZYY,22,22_Data_halfMagic_theta_0785_mu_010_bound_ZYY_rx007_ry012_rz007_xx010.qpy,data/executed_circuits/SC8/0785_010/22_Data_halfMagic_theta_0785_mu_010_bound_ZYY_rx007_ry012_rz007_xx010.qpy,8280512df9e3de64726f34137044a0ad6ce55b053ef73c0ec5b63ffdfe11ffcf,holography-on-ionq/Testing flow/Circuits/Data_batch/Data_0785_010/22_Data_halfMagic_theta_0785_mu_010_bound_ZYY_rx007_ry012_rz007_xx010.qpy,happy_ions/reduced_circuit_entropy.ipynb,SC8-C-C078,0403fbb0aaad5c68,7,1500,1500
SC8,sc8_2026_03_27_apr16_campaign,0785_010,shared_post_recovery,ZYZ,23,23_Data_halfMagic_theta_0785_mu_010_bound_ZYZ_rx007_ry012_rz007_xx010.qpy,data/executed_circuits/SC8/0785_010/23_Data_halfMagic_theta_0785_mu_010_bound_ZYZ_rx007_ry012_rz007_xx010.qpy,4f9321aa2d4952696b9e020e6ac5b1b2faba7952064b69c8c9f14e4ac2ea05d7,holography-on-ionq/Testing flow/Circuits/Data_batch/Data_0785_010/23_Data_halfMagic_theta_0785_mu_010_bound_ZYZ_rx007_ry012_rz007_xx010.qpy,happy_ions/reduced_circuit_entropy.ipynb,SC8-C-C078,0403fbb0aaad5c68,7,1500,1500
SC8,sc8_2026_03_27_apr16_campaign,0785_010,shared_post_recovery,ZZX,24,24_Data_halfMagic_theta_0785_mu_010_bound_ZZX_rx007_ry012_rz007_xx010.qpy,data/executed_circuits/SC8/0785_010/24_Data_halfMagic_theta_0785_mu_010_bound_ZZX_rx007_ry012_rz007_xx010.qpy,68b799af36e6bcf8c4b8deeb5311b816173f376405181ab8d8c3f3b183434be3,holography-on-ionq/Testing flow/Circuits/Data_batch/Data_0785_010/24_Data_halfMagic_theta_0785_mu_010_bound_ZZX_rx007_ry012_rz007_xx010.qpy,happy_ions/reduced_circuit_entropy.ipynb,SC8-C-C078,0403fbb0aaad5c68,7,1500,1500
SC8,sc8_2026_03_27_apr16_campaign,0785_010,shared_post_recovery,ZZY,25,25_Data_halfMagic_theta_0785_mu_010_bound_ZZY_rx007_ry012_rz007_xx010.qpy,data/executed_circuits/SC8/0785_010/25_Data_halfMagic_theta_0785_mu_010_bound_ZZY_rx007_ry012_rz007_xx010.qpy,6bb908011eed22668beb5b049d486abf516ba9a0803ea42bc4a148603a09dc8e,holography-on-ionq/Testing flow/Circuits/Data_batch/Data_0785_010/25_Data_halfMagic_theta_0785_mu_010_bound_ZZY_rx007_ry012_rz007_xx010.qpy,happy_ions/reduced_circuit_entropy.ipynb,SC8-C-C078,0403fbb0aaad5c68,7,1500,1500
SC8,sc8_2026_03_27_apr16_campaign,0785_010,shared_post_recovery,ZZZ,26,26_Data_halfMagic_theta_0785_mu_010_bound_ZZZ_rx007_ry012_rz007_xx010.qpy,data/executed_circuits/SC8/0785_010/26_Data_halfMagic_theta_0785_mu_010_bound_ZZZ_rx007_ry012_rz007_xx010.qpy,885f08ce904ea1ba866cf4b6558d55a8c9d3201a05a79c0ffb7d733ec05ebd34,holography-on-ionq/Testing flow/Circuits/Data_batch/Data_0785_010/26_Data_halfMagic_theta_0785_mu_010_bound_ZZZ_rx007_ry012_rz007_xx010.qpy,happy_ions/reduced_circuit_entropy.ipynb,SC8-C-C078,0403fbb0aaad5c68,7,1500,1500
SC8,sc8_2026_03_27_apr16_campaign,0785_020,shared_post_recovery,XXX,0,00_Data_withMagic_theta_0785_mu_020_bound_XXX_rx015_ry025_rz015_xx020.qpy,data/executed_circuits/SC8/0785_020/00_Data_withMagic_theta_0785_mu_020_bound_XXX_rx015_ry025_rz015_xx020.qpy,143714e75bddd7747a602fd85da62c15be74c8ea3872d57f7b1a5d91ea1ada4a,holography-on-ionq/Testing flow/Circuits/Data_batch/Data_0785_020/00_Data_withMagic_theta_0785_mu_020_bound_XXX_rx015_ry025_rz015_xx020.qpy,happy_ions/reduced_circuit_entropy.ipynb,SC8-C-C078,0403fbb0aaad5c68,5,1500,1500
SC8,sc8_2026_03_27_apr16_campaign,0785_020,shared_post_recovery,XXY,1,01_Data_withMagic_theta_0785_mu_020_bound_XXY_rx015_ry025_rz015_xx020.qpy,data/executed_circuits/SC8/0785_020/01_Data_withMagic_theta_0785_mu_020_bound_XXY_rx015_ry025_rz015_xx020.qpy,73b908a50c4bba8e3904e442738b3b8a8f8bdf4212746120f7df39e75f549985,holography-on-ionq/Testing flow/Circuits/Data_batch/Data_0785_020/01_Data_withMagic_theta_0785_mu_020_bound_XXY_rx015_ry025_rz015_xx020.qpy,happy_ions/reduced_circuit_entropy.ipynb,SC8-C-C078,0403fbb0aaad5c68,5,1500,1500
SC8,sc8_2026_03_27_apr16_campaign,0785_020,shared_post_recovery,XXZ,2,02_Data_withMagic_theta_0785_mu_020_bound_XXZ_rx015_ry025_rz015_xx020.qpy,data/executed_circuits/SC8/0785_020/02_Data_withMagic_theta_0785_mu_020_bound_XXZ_rx015_ry025_rz015_xx020.qpy,11e05f8bc21ffb1361d9e5917e38001a95fefaa5a9faee0b142615e81db59d95,holography-on-ionq/Testing flow/Circuits/Data_batch/Data_0785_020/02_Data_withMagic_theta_0785_mu_020_bound_XXZ_rx015_ry025_rz015_xx020.qpy,happy_ions/reduced_circuit_entropy.ipynb,SC8-C-C078,0403fbb0aaad5c68,5,1500,1500
SC8,sc8_2026_03_27_apr16_campaign,0785_020,shared_post_recovery,XYX,3,03_Data_withMagic_theta_0785_mu_020_bound_XYX_rx015_ry025_rz015_xx020.qpy,data/executed_circuits/SC8/0785_020/03_Data_withMagic_theta_0785_mu_020_bound_XYX_rx015_ry025_rz015_xx020.qpy,d76c19ded19bf3d144e91460ee0fa40021ee56816bb84b70cff06b66f641b1f9,holography-on-ionq/Testing flow/Circuits/Data_batch/Data_0785_020/03_Data_withMagic_theta_0785_mu_020_bound_XYX_rx015_ry025_rz015_xx020.qpy,happy_ions/reduced_circuit_entropy.ipynb,SC8-C-C078,0403fbb0aaad5c68,5,1500,1500
SC8,sc8_2026_03_27_apr16_campaign,0785_020,shared_post_recovery,XYY,4,04_Data_withMagic_theta_0785_mu_020_bound_XYY_rx015_ry025_rz015_xx020.qpy,data/executed_circuits/SC8/0785_020/04_Data_withMagic_theta_0785_mu_020_bound_XYY_rx015_ry025_rz015_xx020.qpy,30f1968585f68883ca7f8bcf5a07e86fa5d48617b52a9037683f951f0cbbc304,holography-on-ionq/Testing flow/Circuits/Data_batch/Data_0785_020/04_Data_withMagic_theta_0785_mu_020_bound_XYY_rx015_ry025_rz015_xx020.qpy,happy_ions/reduced_circuit_entropy.ipynb,SC8-C-C078,0403fbb0aaad5c68,5,1500,1500
SC8,sc8_2026_03_27_apr16_campaign,0785_020,shared_post_recovery,XYZ,5,05_Data_withMagic_theta_0785_mu_020_bound_XYZ_rx015_ry025_rz015_xx020.qpy,data/executed_circuits/SC8/0785_020/05_Data_withMagic_theta_0785_mu_020_bound_XYZ_rx015_ry025_rz015_xx020.qpy,4dc3d31d772207ea5613088f29e64ccdf1cee26b285606d9df0cce2e3c61fd59,holography-on-ionq/Testing flow/Circuits/Data_batch/Data_0785_020/05_Data_withMagic_theta_0785_mu_020_bound_XYZ_rx015_ry025_rz015_xx020.qpy,happy_ions/reduced_circuit_entropy.ipynb,SC8-C-C078,0403fbb0aaad5c68,5,1500,1500
SC8,sc8_2026_03_27_apr16_campaign,0785_020,shared_post_recovery,XZX,6,06_Data_withMagic_theta_0785_mu_020_bound_XZX_rx015_ry025_rz015_xx020.qpy,data/executed_circuits/SC8/0785_020/06_Data_withMagic_theta_0785_mu_020_bound_XZX_rx015_ry025_rz015_xx020.qpy,dba9ffe9a8d240338de007d5cba075684a86ac2b05d59e563f85ff890408349f,holography-on-ionq/Testing flow/Circuits/Data_batch/Data_0785_020/06_Data_withMagic_theta_0785_mu_020_bound_XZX_rx015_ry025_rz015_xx020.qpy,happy_ions/reduced_circuit_entropy.ipynb,SC8-C-C078,0403fbb0aaad5c68,5,1500,1500
SC8,sc8_2026_03_27_apr16_campaign,0785_020,shared_post_recovery,XZY,7,07_Data_withMagic_theta_0785_mu_020_bound_XZY_rx015_ry025_rz015_xx020.qpy,data/executed_circuits/SC8/0785_020/07_Data_withMagic_theta_0785_mu_020_bound_XZY_rx015_ry025_rz015_xx020.qpy,92c3775de8281b752471006ca1e84f9bd5da42a028aeab169b527ed13c684a23,holography-on-ionq/Testing flow/Circuits/Data_batch/Data_0785_020/07_Data_withMagic_theta_0785_mu_020_bound_XZY_rx015_ry025_rz015_xx020.qpy,happy_ions/reduced_circuit_entropy.ipynb,SC8-C-C078,0403fbb0aaad5c68,5,1500,1500
SC8,sc8_2026_03_27_apr16_campaign,0785_020,shared_post_recovery,XZZ,8,08_Data_withMagic_theta_0785_mu_020_bound_XZZ_rx015_ry025_rz015_xx020.qpy,data/executed_circuits/SC8/0785_020/08_Data_withMagic_theta_0785_mu_020_bound_XZZ_rx015_ry025_rz015_xx020.qpy,fba98c7d73ad988f956af3d7e188f3fdac3743e1b7aafc57777973b299607ab1,holography-on-ionq/Testing flow/Circuits/Data_batch/Data_0785_020/08_Data_withMagic_theta_0785_mu_020_bound_XZZ_rx015_ry025_rz015_xx020.qpy,happy_ions/reduced_circuit_entropy.ipynb,SC8-C-C078,0403fbb0aaad5c68,5,1500,1500
SC8,sc8_2026_03_27_apr16_campaign,0785_020,shared_post_recovery,YXX,9,09_Data_withMagic_theta_0785_mu_020_bound_YXX_rx015_ry025_rz015_xx020.qpy,data/executed_circuits/SC8/0785_020/09_Data_withMagic_theta_0785_mu_020_bound_YXX_rx015_ry025_rz015_xx020.qpy,8fed1c62a80da3b16cd1e984a7ce0545992fa0316c519e0d86cc71633ba57378,holography-on-ionq/Testing flow/Circuits/Data_batch/Data_0785_020/09_Data_withMagic_theta_0785_mu_020_bound_YXX_rx015_ry025_rz015_xx020.qpy,happy_ions/reduced_circuit_entropy.ipynb,SC8-C-C078,0403fbb0aaad5c68,5,1500,1500
SC8,sc8_2026_03_27_apr16_campaign,0785_020,shared_post_recovery,YXY,10,10_Data_withMagic_theta_0785_mu_020_bound_YXY_rx015_ry025_rz015_xx020.qpy,data/executed_circuits/SC8/0785_020/10_Data_withMagic_theta_0785_mu_020_bound_YXY_rx015_ry025_rz015_xx020.qpy,1881a4c73ca8a3aacd57fe391974444144667b9dbe019cb23171dccd4ea31277,holography-on-ionq/Testing flow/Circuits/Data_batch/Data_0785_020/10_Data_withMagic_theta_0785_mu_020_bound_YXY_rx015_ry025_rz015_xx020.qpy,happy_ions/reduced_circuit_entropy.ipynb,SC8-C-C078,0403fbb0aaad5c68,5,1500,1500
SC8,sc8_2026_03_27_apr16_campaign,0785_020,shared_post_recovery,YXZ,11,11_Data_withMagic_theta_0785_mu_020_bound_YXZ_rx015_ry025_rz015_xx020.qpy,data/executed_circuits/SC8/0785_020/11_Data_withMagic_theta_0785_mu_020_bound_YXZ_rx015_ry025_rz015_xx020.qpy,a73804edf449692ea760f8685b99091a4bb9178818c2d1bd7154ef167435daab,holography-on-ionq/Testing flow/Circuits/Data_batch/Data_0785_020/11_Data_withMagic_theta_0785_mu_020_bound_YXZ_rx015_ry025_rz015_xx020.qpy,happy_ions/reduced_circuit_entropy.ipynb,SC8-C-C078,0403fbb0aaad5c68,5,1500,1500
SC8,sc8_2026_03_27_apr16_campaign,0785_020,shared_post_recovery,YYX,12,12_Data_withMagic_theta_0785_mu_020_bound_YYX_rx015_ry025_rz015_xx020.qpy,data/executed_circuits/SC8/0785_020/12_Data_withMagic_theta_0785_mu_020_bound_YYX_rx015_ry025_rz015_xx020.qpy,6f561a1da563f4af2b6885c081b1703d45af77cfd4a65362e5f0e6b05abedf7e,holography-on-ionq/Testing flow/Circuits/Data_batch/Data_0785_020/12_Data_withMagic_theta_0785_mu_020_bound_YYX_rx015_ry025_rz015_xx020.qpy,happy_ions/reduced_circuit_entropy.ipynb,SC8-C-C078,0403fbb0aaad5c68,5,1500,1500
SC8,sc8_2026_03_27_apr16_campaign,0785_020,shared_post_recovery,YYY,13,13_Data_withMagic_theta_0785_mu_020_bound_YYY_rx015_ry025_rz015_xx020.qpy,data/executed_circuits/SC8/0785_020/13_Data_withMagic_theta_0785_mu_020_bound_YYY_rx015_ry025_rz015_xx020.qpy,5e772e3833f081578d85ff9828b32822f90b3e8b2cd94abe1b9e5176896e4411,holography-on-ionq/Testing flow/Circuits/Data_batch/Data_0785_020/13_Data_withMagic_theta_0785_mu_020_bound_YYY_rx015_ry025_rz015_xx020.qpy,happy_ions/reduced_circuit_entropy.ipynb,SC8-C-C078,0403fbb0aaad5c68,5,1500,1500
SC8,sc8_2026_03_27_apr16_campaign,0785_020,shared_post_recovery,YYZ,14,14_Data_withMagic_theta_0785_mu_020_bound_YYZ_rx015_ry025_rz015_xx020.qpy,data/executed_circuits/SC8/0785_020/14_Data_withMagic_theta_0785_mu_020_bound_YYZ_rx015_ry025_rz015_xx020.qpy,93cc1aea802bd88a7e57ade75b89ad5efde08ed9a8692b828eff49151f5b811e,holography-on-ionq/Testing flow/Circuits/Data_batch/Data_0785_020/14_Data_withMagic_theta_0785_mu_020_bound_YYZ_rx015_ry025_rz015_xx020.qpy,happy_ions/reduced_circuit_entropy.ipynb,SC8-C-C078,0403fbb0aaad5c68,5,1500,1500
SC8,sc8_2026_03_27_apr16_campaign,0785_020,shared_post_recovery,YZX,15,15_Data_withMagic_theta_0785_mu_020_bound_YZX_rx015_ry025_rz015_xx020.qpy,data/executed_circuits/SC8/0785_020/15_Data_withMagic_theta_0785_mu_020_bound_YZX_rx015_ry025_rz015_xx020.qpy,759fa3cffc6f943741ee7355430328cbfe4505b6f4aaffb86d1d0d9158f4b10d,holography-on-ionq/Testing flow/Circuits/Data_batch/Data_0785_020/15_Data_withMagic_theta_0785_mu_020_bound_YZX_rx015_ry025_rz015_xx020.qpy,happy_ions/reduced_circuit_entropy.ipynb,SC8-C-C078,0403fbb0aaad5c68,5,1500,1500
SC8,sc8_2026_03_27_apr16_campaign,0785_020,shared_post_recovery,YZY,16,16_Data_withMagic_theta_0785_mu_020_bound_YZY_rx015_ry025_rz015_xx020.qpy,data/executed_circuits/SC8/0785_020/16_Data_withMagic_theta_0785_mu_020_bound_YZY_rx015_ry025_rz015_xx020.qpy,531397d846c8917b180210c733ad9b60c57fa95483833204d57094916ba19556,holography-on-ionq/Testing flow/Circuits/Data_batch/Data_0785_020/16_Data_withMagic_theta_0785_mu_020_bound_YZY_rx015_ry025_rz015_xx020.qpy,happy_ions/reduced_circuit_entropy.ipynb,SC8-C-C078,0403fbb0aaad5c68,5,1500,1500
SC8,sc8_2026_03_27_apr16_campaign,0785_020,shared_post_recovery,YZZ,17,17_Data_withMagic_theta_0785_mu_020_bound_YZZ_rx015_ry025_rz015_xx020.qpy,data/executed_circuits/SC8/0785_020/17_Data_withMagic_theta_0785_mu_020_bound_YZZ_rx015_ry025_rz015_xx020.qpy,6192b36fe5d3abb1f68d9dc78592e77b6183a685777486018e3170f5a1e1147f,holography-on-ionq/Testing flow/Circuits/Data_batch/Data_0785_020/17_Data_withMagic_theta_0785_mu_020_bound_YZZ_rx015_ry025_rz015_xx020.qpy,happy_ions/reduced_circuit_entropy.ipynb,SC8-C-C078,0403fbb0aaad5c68,5,1500,1500
SC8,sc8_2026_03_27_apr16_campaign,0785_020,shared_post_recovery,ZXX,18,18_Data_withMagic_theta_0785_mu_020_bound_ZXX_rx015_ry025_rz015_xx020.qpy,data/executed_circuits/SC8/0785_020/18_Data_withMagic_theta_0785_mu_020_bound_ZXX_rx015_ry025_rz015_xx020.qpy,bfc80c0e0a4f898f269b4c68f40cea2adb655cc88b52d26e877cdb2a2a14666e,holography-on-ionq/Testing flow/Circuits/Data_batch/Data_0785_020/18_Data_withMagic_theta_0785_mu_020_bound_ZXX_rx015_ry025_rz015_xx020.qpy,happy_ions/reduced_circuit_entropy.ipynb,SC8-C-C078,0403fbb0aaad5c68,5,1500,1500
SC8,sc8_2026_03_27_apr16_campaign,0785_020,shared_post_recovery,ZXY,19,19_Data_withMagic_theta_0785_mu_020_bound_ZXY_rx015_ry025_rz015_xx020.qpy,data/executed_circuits/SC8/0785_020/19_Data_withMagic_theta_0785_mu_020_bound_ZXY_rx015_ry025_rz015_xx020.qpy,0ac62df03e59af736a6289870f5238e13e6379a23f36cb0c8648e5486689a23f,holography-on-ionq/Testing flow/Circuits/Data_batch/Data_0785_020/19_Data_withMagic_theta_0785_mu_020_bound_ZXY_rx015_ry025_rz015_xx020.qpy,happy_ions/reduced_circuit_entropy.ipynb,SC8-C-C078,0403fbb0aaad5c68,5,1500,1500
SC8,sc8_2026_03_27_apr16_campaign,0785_020,shared_post_recovery,ZXZ,20,20_Data_withMagic_theta_0785_mu_020_bound_ZXZ_rx015_ry025_rz015_xx020.qpy,data/executed_circuits/SC8/0785_020/20_Data_withMagic_theta_0785_mu_020_bound_ZXZ_rx015_ry025_rz015_xx020.qpy,249c9a7696a31b8bee318076aaea2ee6e1564b13ecd6036a3282942196fada8d,holography-on-ionq/Testing flow/Circuits/Data_batch/Data_0785_020/20_Data_withMagic_theta_0785_mu_020_bound_ZXZ_rx015_ry025_rz015_xx020.qpy,happy_ions/reduced_circuit_entropy.ipynb,SC8-C-C078,0403fbb0aaad5c68,5,1500,1500
SC8,sc8_2026_03_27_apr16_campaign,0785_020,shared_post_recovery,ZYX,21,21_Data_withMagic_theta_0785_mu_020_bound_ZYX_rx015_ry025_rz015_xx020.qpy,data/executed_circuits/SC8/0785_020/21_Data_withMagic_theta_0785_mu_020_bound_ZYX_rx015_ry025_rz015_xx020.qpy,23489724d5f6329c9fd7c4b5e451c516af94a2c77518ff145f693aa14830e374,holography-on-ionq/Testing flow/Circuits/Data_batch/Data_0785_020/21_Data_withMagic_theta_0785_mu_020_bound_ZYX_rx015_ry025_rz015_xx020.qpy,happy_ions/reduced_circuit_entropy.ipynb,SC8-C-C078,0403fbb0aaad5c68,5,1500,1500
SC8,sc8_2026_03_27_apr16_campaign,0785_020,shared_post_recovery,ZYY,22,22_Data_withMagic_theta_0785_mu_020_bound_ZYY_rx015_ry025_rz015_xx020.qpy,data/executed_circuits/SC8/0785_020/22_Data_withMagic_theta_0785_mu_020_bound_ZYY_rx015_ry025_rz015_xx020.qpy,e22fa7c9452cec0684741751335f7dc1eb8c663642f799e0540828112cc010f0,holography-on-ionq/Testing flow/Circuits/Data_batch/Data_0785_020/22_Data_withMagic_theta_0785_mu_020_bound_ZYY_rx015_ry025_rz015_xx020.qpy,happy_ions/reduced_circuit_entropy.ipynb,SC8-C-C078,0403fbb0aaad5c68,5,1500,1500
SC8,sc8_2026_03_27_apr16_campaign,0785_020,shared_post_recovery,ZYZ,23,23_Data_withMagic_theta_0785_mu_020_bound_ZYZ_rx015_ry025_rz015_xx020.qpy,data/executed_circuits/SC8/0785_020/23_Data_withMagic_theta_0785_mu_020_bound_ZYZ_rx015_ry025_rz015_xx020.qpy,55d0d1696311bc0b4daeb8fab959310916891d85a8923fe6abe7eef20ae06c86,holography-on-ionq/Testing flow/Circuits/Data_batch/Data_0785_020/23_Data_withMagic_theta_0785_mu_020_bound_ZYZ_rx015_ry025_rz015_xx020.qpy,happy_ions/reduced_circuit_entropy.ipynb,SC8-C-C078,0403fbb0aaad5c68,5,1500,1500
SC8,sc8_2026_03_27_apr16_campaign,0785_020,shared_post_recovery,ZZX,24,24_Data_withMagic_theta_0785_mu_020_bound_ZZX_rx015_ry025_rz015_xx020.qpy,data/executed_circuits/SC8/0785_020/24_Data_withMagic_theta_0785_mu_020_bound_ZZX_rx015_ry025_rz015_xx020.qpy,7c44ebc97f39f9557e92a4b3a373fcbc1c1172041f9a0e2bd25d35ccc63328ec,holography-on-ionq/Testing flow/Circuits/Data_batch/Data_0785_020/24_Data_withMagic_theta_0785_mu_020_bound_ZZX_rx015_ry025_rz015_xx020.qpy,happy_ions/reduced_circuit_entropy.ipynb,SC8-C-C078,0403fbb0aaad5c68,5,1500,1500
SC8,sc8_2026_03_27_apr16_campaign,0785_020,shared_post_recovery,ZZY,25,25_Data_withMagic_theta_0785_mu_020_bound_ZZY_rx015_ry025_rz015_xx020.qpy,data/executed_circuits/SC8/0785_020/25_Data_withMagic_theta_0785_mu_020_bound_ZZY_rx015_ry025_rz015_xx020.qpy,841234ba1105f18c821010f61eb6e2ac238a41cb844b2eaf8fa858e6c6e5e26f,holography-on-ionq/Testing flow/Circuits/Data_batch/Data_0785_020/25_Data_withMagic_theta_0785_mu_020_bound_ZZY_rx015_ry025_rz015_xx020.qpy,happy_ions/reduced_circuit_entropy.ipynb,SC8-C-C078,0403fbb0aaad5c68,5,1500,1500
SC8,sc8_2026_03_27_apr16_campaign,0785_020,shared_post_recovery,ZZZ,26,26_Data_withMagic_theta_0785_mu_020_bound_ZZZ_rx015_ry025_rz015_xx020.qpy,data/executed_circuits/SC8/0785_020/26_Data_withMagic_theta_0785_mu_020_bound_ZZZ_rx015_ry025_rz015_xx020.qpy,5456e36c1b5f4d831f68cc6678ee45b6d898d2572af9569dfa0a1efccfe9c8cd,holography-on-ionq/Testing flow/Circuits/Data_batch/Data_0785_020/26_Data_withMagic_theta_0785_mu_020_bound_ZZZ_rx015_ry025_rz015_xx020.qpy,happy_ions/reduced_circuit_entropy.ipynb,SC8-C-C078,0403fbb0aaad5c68,5,1500,1500
WH10,wh10_final_selected,0000_000,boundary,XXXX,0,00_Data_zeromagic_theta_0000_mu_000_bound_XXXX_rx000_ry000_rz000_xx000.qpy,data/executed_circuits/WH10/0000_000/00_Data_zeromagic_theta_0000_mu_000_bound_XXXX_rx000_ry000_rz000_xx000.qpy,eac2729e584724ff059cd13c8b1472ba7178269a2cf6c8de9db08808aa5b084e,holography-on-ionq/Testing flow/Circuits/Data_batch/WH/Data_0000_000/00_Data_zeromagic_theta_0000_mu_000_bound_XXXX_rx000_ry000_rz000_xx000.qpy,holography-on-ionq/Testing flow/wormhole_data_analysis.ipynb,WH10-D-C016,23a53462d3cc06e1,3,1250,1250
WH10,wh10_final_selected,0000_000,boundary,XXXY,1,01_Data_zeromagic_theta_0000_mu_000_bound_XXXY_rx000_ry000_rz000_xx000.qpy,data/executed_circuits/WH10/0000_000/01_Data_zeromagic_theta_0000_mu_000_bound_XXXY_rx000_ry000_rz000_xx000.qpy,5bad3809872dd70e4edd704e721b1a1091fe0fd5ccba039acda09335c12e2186,holography-on-ionq/Testing flow/Circuits/Data_batch/WH/Data_0000_000/01_Data_zeromagic_theta_0000_mu_000_bound_XXXY_rx000_ry000_rz000_xx000.qpy,holography-on-ionq/Testing flow/wormhole_data_analysis.ipynb,WH10-D-C016,23a53462d3cc06e1,3,1250,1250
WH10,wh10_final_selected,0000_000,boundary,XXXZ,2,02_Data_zeromagic_theta_0000_mu_000_bound_XXXZ_rx000_ry000_rz000_xx000.qpy,data/executed_circuits/WH10/0000_000/02_Data_zeromagic_theta_0000_mu_000_bound_XXXZ_rx000_ry000_rz000_xx000.qpy,4a47c214e9140234e5c160a21770af7404d9d0ef77b12443153e674a7e907b3d,holography-on-ionq/Testing flow/Circuits/Data_batch/WH/Data_0000_000/02_Data_zeromagic_theta_0000_mu_000_bound_XXXZ_rx000_ry000_rz000_xx000.qpy,holography-on-ionq/Testing flow/wormhole_data_analysis.ipynb,WH10-D-C016,23a53462d3cc06e1,3,1250,1250
WH10,wh10_final_selected,0000_000,boundary,XXYX,3,03_Data_zeromagic_theta_0000_mu_000_bound_XXYX_rx000_ry000_rz000_xx000.qpy,data/executed_circuits/WH10/0000_000/03_Data_zeromagic_theta_0000_mu_000_bound_XXYX_rx000_ry000_rz000_xx000.qpy,681b1c34f8ba7be08d1cf9e75b1bb5a4841b3b822f53cb6de296c820af812bdd,holography-on-ionq/Testing flow/Circuits/Data_batch/WH/Data_0000_000/03_Data_zeromagic_theta_0000_mu_000_bound_XXYX_rx000_ry000_rz000_xx000.qpy,holography-on-ionq/Testing flow/wormhole_data_analysis.ipynb,WH10-D-C016,23a53462d3cc06e1,3,1250,1250
WH10,wh10_final_selected,0000_000,boundary,XXYY,4,04_Data_zeromagic_theta_0000_mu_000_bound_XXYY_rx000_ry000_rz000_xx000.qpy,data/executed_circuits/WH10/0000_000/04_Data_zeromagic_theta_0000_mu_000_bound_XXYY_rx000_ry000_rz000_xx000.qpy,365f9bfc5b2b16f97655f861a8b4359457f511deb140b5ea24ca33ac73f5f390,holography-on-ionq/Testing flow/Circuits/Data_batch/WH/Data_0000_000/04_Data_zeromagic_theta_0000_mu_000_bound_XXYY_rx000_ry000_rz000_xx000.qpy,holography-on-ionq/Testing flow/wormhole_data_analysis.ipynb,WH10-D-C016,23a53462d3cc06e1,3,1250,1250
WH10,wh10_final_selected,0000_000,boundary,XXYZ,5,05_Data_zeromagic_theta_0000_mu_000_bound_XXYZ_rx000_ry000_rz000_xx000.qpy,data/executed_circuits/WH10/0000_000/05_Data_zeromagic_theta_0000_mu_000_bound_XXYZ_rx000_ry000_rz000_xx000.qpy,f4d4fb49eecc4966214d414fc5d4ef0e1aa17c1aefb56bf791cc239dc5456ed5,holography-on-ionq/Testing flow/Circuits/Data_batch/WH/Data_0000_000/05_Data_zeromagic_theta_0000_mu_000_bound_XXYZ_rx000_ry000_rz000_xx000.qpy,holography-on-ionq/Testing flow/wormhole_data_analysis.ipynb,WH10-D-C016,23a53462d3cc06e1,3,1250,1250
WH10,wh10_final_selected,0000_000,boundary,XXZX,6,06_Data_zeromagic_theta_0000_mu_000_bound_XXZX_rx000_ry000_rz000_xx000.qpy,data/executed_circuits/WH10/0000_000/06_Data_zeromagic_theta_0000_mu_000_bound_XXZX_rx000_ry000_rz000_xx000.qpy,43339d04d13e1057ed5d824452345f6d94d39d80a84888723784bcbf93b013dc,holography-on-ionq/Testing flow/Circuits/Data_batch/WH/Data_0000_000/06_Data_zeromagic_theta_0000_mu_000_bound_XXZX_rx000_ry000_rz000_xx000.qpy,holography-on-ionq/Testing flow/wormhole_data_analysis.ipynb,WH10-D-C016,23a53462d3cc06e1,3,1250,1250
WH10,wh10_final_selected,0000_000,boundary,XXZY,7,07_Data_zeromagic_theta_0000_mu_000_bound_XXZY_rx000_ry000_rz000_xx000.qpy,data/executed_circuits/WH10/0000_000/07_Data_zeromagic_theta_0000_mu_000_bound_XXZY_rx000_ry000_rz000_xx000.qpy,7ee3d1cb1aa035c8c720d87df406b6bb2c9ad2f5fcef2cb0c24337c1777befbd,holography-on-ionq/Testing flow/Circuits/Data_batch/WH/Data_0000_000/07_Data_zeromagic_theta_0000_mu_000_bound_XXZY_rx000_ry000_rz000_xx000.qpy,holography-on-ionq/Testing flow/wormhole_data_analysis.ipynb,WH10-D-C016,23a53462d3cc06e1,3,1250,1250
WH10,wh10_final_selected,0000_000,boundary,XXZZ,8,08_Data_zeromagic_theta_0000_mu_000_bound_XXZZ_rx000_ry000_rz000_xx000.qpy,data/executed_circuits/WH10/0000_000/08_Data_zeromagic_theta_0000_mu_000_bound_XXZZ_rx000_ry000_rz000_xx000.qpy,56d7d55d36405d895f6b9455a6830bf51ea8030abf0a61b2af678ce846af8448,holography-on-ionq/Testing flow/Circuits/Data_batch/WH/Data_0000_000/08_Data_zeromagic_theta_0000_mu_000_bound_XXZZ_rx000_ry000_rz000_xx000.qpy,holography-on-ionq/Testing flow/wormhole_data_analysis.ipynb,WH10-D-C016,23a53462d3cc06e1,3,1250,1250
WH10,wh10_final_selected,0000_000,boundary,XYXX,9,09_Data_zeromagic_theta_0000_mu_000_bound_XYXX_rx000_ry000_rz000_xx000.qpy,data/executed_circuits/WH10/0000_000/09_Data_zeromagic_theta_0000_mu_000_bound_XYXX_rx000_ry000_rz000_xx000.qpy,d24963120ec17928ccdf14e19a0df6a2525faa1e0af7f46775518d765bbc9562,holography-on-ionq/Testing flow/Circuits/Data_batch/WH/Data_0000_000/09_Data_zeromagic_theta_0000_mu_000_bound_XYXX_rx000_ry000_rz000_xx000.qpy,holography-on-ionq/Testing flow/wormhole_data_analysis.ipynb,WH10-D-C016,23a53462d3cc06e1,3,1250,1250
WH10,wh10_final_selected,0000_000,boundary,XYXY,10,10_Data_zeromagic_theta_0000_mu_000_bound_XYXY_rx000_ry000_rz000_xx000.qpy,data/executed_circuits/WH10/0000_000/10_Data_zeromagic_theta_0000_mu_000_bound_XYXY_rx000_ry000_rz000_xx000.qpy,474179e21cd2ca1c8775f2ddef8ebf876152e74bac94f9a256064a178f91bdf7,holography-on-ionq/Testing flow/Circuits/Data_batch/WH/Data_0000_000/10_Data_zeromagic_theta_0000_mu_000_bound_XYXY_rx000_ry000_rz000_xx000.qpy,holography-on-ionq/Testing flow/wormhole_data_analysis.ipynb,WH10-D-C016,23a53462d3cc06e1,3,1250,1250
WH10,wh10_final_selected,0000_000,boundary,XYXZ,11,11_Data_zeromagic_theta_0000_mu_000_bound_XYXZ_rx000_ry000_rz000_xx000.qpy,data/executed_circuits/WH10/0000_000/11_Data_zeromagic_theta_0000_mu_000_bound_XYXZ_rx000_ry000_rz000_xx000.qpy,88d3d647f10b35470042ceac88187c8a22e1393ef1560b38b554574d5823b031,holography-on-ionq/Testing flow/Circuits/Data_batch/WH/Data_0000_000/11_Data_zeromagic_theta_0000_mu_000_bound_XYXZ_rx000_ry000_rz000_xx000.qpy,holography-on-ionq/Testing flow/wormhole_data_analysis.ipynb,WH10-D-C016,23a53462d3cc06e1,3,1250,1250
WH10,wh10_final_selected,0000_000,boundary,XYYX,12,12_Data_zeromagic_theta_0000_mu_000_bound_XYYX_rx000_ry000_rz000_xx000.qpy,data/executed_circuits/WH10/0000_000/12_Data_zeromagic_theta_0000_mu_000_bound_XYYX_rx000_ry000_rz000_xx000.qpy,0c8698084c9e6911c3cbbb2f2fe43c0f2da8f94ba5869522261d6f5b727ed7a6,holography-on-ionq/Testing flow/Circuits/Data_batch/WH/Data_0000_000/12_Data_zeromagic_theta_0000_mu_000_bound_XYYX_rx000_ry000_rz000_xx000.qpy,holography-on-ionq/Testing flow/wormhole_data_analysis.ipynb,WH10-D-C016,23a53462d3cc06e1,3,1250,1250
WH10,wh10_final_selected,0000_000,boundary,XYYY,13,13_Data_zeromagic_theta_0000_mu_000_bound_XYYY_rx000_ry000_rz000_xx000.qpy,data/executed_circuits/WH10/0000_000/13_Data_zeromagic_theta_0000_mu_000_bound_XYYY_rx000_ry000_rz000_xx000.qpy,6a9d86b0daa124ecc26da5bbf3b1145eaa295caf43c8d48ead7887742fa6f593,holography-on-ionq/Testing flow/Circuits/Data_batch/WH/Data_0000_000/13_Data_zeromagic_theta_0000_mu_000_bound_XYYY_rx000_ry000_rz000_xx000.qpy,holography-on-ionq/Testing flow/wormhole_data_analysis.ipynb,WH10-D-C016,23a53462d3cc06e1,3,1250,1250
WH10,wh10_final_selected,0000_000,boundary,XYYZ,14,14_Data_zeromagic_theta_0000_mu_000_bound_XYYZ_rx000_ry000_rz000_xx000.qpy,data/executed_circuits/WH10/0000_000/14_Data_zeromagic_theta_0000_mu_000_bound_XYYZ_rx000_ry000_rz000_xx000.qpy,d92513d44b5c3aa24fd25f319e17b0154b1c8d70c7715c336ad7ba3db8858f72,holography-on-ionq/Testing flow/Circuits/Data_batch/WH/Data_0000_000/14_Data_zeromagic_theta_0000_mu_000_bound_XYYZ_rx000_ry000_rz000_xx000.qpy,holography-on-ionq/Testing flow/wormhole_data_analysis.ipynb,WH10-D-C016,23a53462d3cc06e1,3,1250,1250
WH10,wh10_final_selected,0000_000,boundary,XYZX,15,15_Data_zeromagic_theta_0000_mu_000_bound_XYZX_rx000_ry000_rz000_xx000.qpy,data/executed_circuits/WH10/0000_000/15_Data_zeromagic_theta_0000_mu_000_bound_XYZX_rx000_ry000_rz000_xx000.qpy,579c9828adb0a39a698e358e8354af3290eb1d55049f0f2e475aba95d630edd4,holography-on-ionq/Testing flow/Circuits/Data_batch/WH/Data_0000_000/15_Data_zeromagic_theta_0000_mu_000_bound_XYZX_rx000_ry000_rz000_xx000.qpy,holography-on-ionq/Testing flow/wormhole_data_analysis.ipynb,WH10-D-C016,23a53462d3cc06e1,3,1250,1250
WH10,wh10_final_selected,0000_000,boundary,XYZY,16,16_Data_zeromagic_theta_0000_mu_000_bound_XYZY_rx000_ry000_rz000_xx000.qpy,data/executed_circuits/WH10/0000_000/16_Data_zeromagic_theta_0000_mu_000_bound_XYZY_rx000_ry000_rz000_xx000.qpy,e422d3cfbf92b3560577938e15c4f92a59cb1902493aea3f110af4a7413fcbf6,holography-on-ionq/Testing flow/Circuits/Data_batch/WH/Data_0000_000/16_Data_zeromagic_theta_0000_mu_000_bound_XYZY_rx000_ry000_rz000_xx000.qpy,holography-on-ionq/Testing flow/wormhole_data_analysis.ipynb,WH10-D-C016,23a53462d3cc06e1,3,1250,1250
WH10,wh10_final_selected,0000_000,boundary,XYZZ,17,17_Data_zeromagic_theta_0000_mu_000_bound_XYZZ_rx000_ry000_rz000_xx000.qpy,data/executed_circuits/WH10/0000_000/17_Data_zeromagic_theta_0000_mu_000_bound_XYZZ_rx000_ry000_rz000_xx000.qpy,09055724f9a207f95521f100cdeb47fe451ffe5a96cc2688c48c6ed7ca24a654,holography-on-ionq/Testing flow/Circuits/Data_batch/WH/Data_0000_000/17_Data_zeromagic_theta_0000_mu_000_bound_XYZZ_rx000_ry000_rz000_xx000.qpy,holography-on-ionq/Testing flow/wormhole_data_analysis.ipynb,WH10-D-C016,23a53462d3cc06e1,3,1250,1250
WH10,wh10_final_selected,0000_000,boundary,XZXX,18,18_Data_zeromagic_theta_0000_mu_000_bound_XZXX_rx000_ry000_rz000_xx000.qpy,data/executed_circuits/WH10/0000_000/18_Data_zeromagic_theta_0000_mu_000_bound_XZXX_rx000_ry000_rz000_xx000.qpy,bc63371f0ef72c1f6c1c8e545484e19860e0541daef5cf7517de1d1d8d14c682,holography-on-ionq/Testing flow/Circuits/Data_batch/WH/Data_0000_000/18_Data_zeromagic_theta_0000_mu_000_bound_XZXX_rx000_ry000_rz000_xx000.qpy,holography-on-ionq/Testing flow/wormhole_data_analysis.ipynb,WH10-D-C016,23a53462d3cc06e1,3,1250,1250
WH10,wh10_final_selected,0000_000,boundary,XZXY,19,19_Data_zeromagic_theta_0000_mu_000_bound_XZXY_rx000_ry000_rz000_xx000.qpy,data/executed_circuits/WH10/0000_000/19_Data_zeromagic_theta_0000_mu_000_bound_XZXY_rx000_ry000_rz000_xx000.qpy,93335f1fd1459f9c99633e3ac5d1964adf0574a099ebeabb06f76adda21d0b6d,holography-on-ionq/Testing flow/Circuits/Data_batch/WH/Data_0000_000/19_Data_zeromagic_theta_0000_mu_000_bound_XZXY_rx000_ry000_rz000_xx000.qpy,holography-on-ionq/Testing flow/wormhole_data_analysis.ipynb,WH10-D-C016,23a53462d3cc06e1,3,1250,1250
WH10,wh10_final_selected,0000_000,boundary,XZXZ,20,20_Data_zeromagic_theta_0000_mu_000_bound_XZXZ_rx000_ry000_rz000_xx000.qpy,data/executed_circuits/WH10/0000_000/20_Data_zeromagic_theta_0000_mu_000_bound_XZXZ_rx000_ry000_rz000_xx000.qpy,afe5a9766ea7a5967e7a7112338f21eb10fc27b75184fbd67d4ab989e1928253,holography-on-ionq/Testing flow/Circuits/Data_batch/WH/Data_0000_000/20_Data_zeromagic_theta_0000_mu_000_bound_XZXZ_rx000_ry000_rz000_xx000.qpy,holography-on-ionq/Testing flow/wormhole_data_analysis.ipynb,WH10-D-C016,23a53462d3cc06e1,3,1250,1250
WH10,wh10_final_selected,0000_000,boundary,XZYX,21,21_Data_zeromagic_theta_0000_mu_000_bound_XZYX_rx000_ry000_rz000_xx000.qpy,data/executed_circuits/WH10/0000_000/21_Data_zeromagic_theta_0000_mu_000_bound_XZYX_rx000_ry000_rz000_xx000.qpy,17aa74a3842b20aaba2eb7088d51900ff64ca67aed44497428acde0abd39e345,holography-on-ionq/Testing flow/Circuits/Data_batch/WH/Data_0000_000/21_Data_zeromagic_theta_0000_mu_000_bound_XZYX_rx000_ry000_rz000_xx000.qpy,holography-on-ionq/Testing flow/wormhole_data_analysis.ipynb,WH10-D-C016,23a53462d3cc06e1,3,1250,1250
WH10,wh10_final_selected,0000_000,boundary,XZYY,22,22_Data_zeromagic_theta_0000_mu_000_bound_XZYY_rx000_ry000_rz000_xx000.qpy,data/executed_circuits/WH10/0000_000/22_Data_zeromagic_theta_0000_mu_000_bound_XZYY_rx000_ry000_rz000_xx000.qpy,98a09141260e721d70129b75a5f00e825b117b4a74e30a70a25321380cf500f0,holography-on-ionq/Testing flow/Circuits/Data_batch/WH/Data_0000_000/22_Data_zeromagic_theta_0000_mu_000_bound_XZYY_rx000_ry000_rz000_xx000.qpy,holography-on-ionq/Testing flow/wormhole_data_analysis.ipynb,WH10-D-C016,23a53462d3cc06e1,3,1250,1250
WH10,wh10_final_selected,0000_000,boundary,XZYZ,23,23_Data_zeromagic_theta_0000_mu_000_bound_XZYZ_rx000_ry000_rz000_xx000.qpy,data/executed_circuits/WH10/0000_000/23_Data_zeromagic_theta_0000_mu_000_bound_XZYZ_rx000_ry000_rz000_xx000.qpy,0fa814ff24907cbd2ef7c8440f1efd5ac6d238c5a871ed903d6b375574145bba,holography-on-ionq/Testing flow/Circuits/Data_batch/WH/Data_0000_000/23_Data_zeromagic_theta_0000_mu_000_bound_XZYZ_rx000_ry000_rz000_xx000.qpy,holography-on-ionq/Testing flow/wormhole_data_analysis.ipynb,WH10-D-C016,23a53462d3cc06e1,3,1250,1250
WH10,wh10_final_selected,0000_000,boundary,XZZX,24,24_Data_zeromagic_theta_0000_mu_000_bound_XZZX_rx000_ry000_rz000_xx000.qpy,data/executed_circuits/WH10/0000_000/24_Data_zeromagic_theta_0000_mu_000_bound_XZZX_rx000_ry000_rz000_xx000.qpy,ca741a871025448fa5f396bd91a64664db2d1d190b129d51512bd60c83099eaa,holography-on-ionq/Testing flow/Circuits/Data_batch/WH/Data_0000_000/24_Data_zeromagic_theta_0000_mu_000_bound_XZZX_rx000_ry000_rz000_xx000.qpy,holography-on-ionq/Testing flow/wormhole_data_analysis.ipynb,WH10-D-C016,23a53462d3cc06e1,3,1250,1250
WH10,wh10_final_selected,0000_000,boundary,XZZY,25,25_Data_zeromagic_theta_0000_mu_000_bound_XZZY_rx000_ry000_rz000_xx000.qpy,data/executed_circuits/WH10/0000_000/25_Data_zeromagic_theta_0000_mu_000_bound_XZZY_rx000_ry000_rz000_xx000.qpy,9e793fc1e7be0522da1f06f409c5d9381172dfd89f0592a39c3a2c8fe43a1ed2,holography-on-ionq/Testing flow/Circuits/Data_batch/WH/Data_0000_000/25_Data_zeromagic_theta_0000_mu_000_bound_XZZY_rx000_ry000_rz000_xx000.qpy,holography-on-ionq/Testing flow/wormhole_data_analysis.ipynb,WH10-D-C016,23a53462d3cc06e1,3,1250,1250
WH10,wh10_final_selected,0000_000,boundary,XZZZ,26,26_Data_zeromagic_theta_0000_mu_000_bound_XZZZ_rx000_ry000_rz000_xx000.qpy,data/executed_circuits/WH10/0000_000/26_Data_zeromagic_theta_0000_mu_000_bound_XZZZ_rx000_ry000_rz000_xx000.qpy,ba15f992d34df622d7e282b3f7dfc1cf99e00e2b38d2ad9162bf766dfd2e6bc5,holography-on-ionq/Testing flow/Circuits/Data_batch/WH/Data_0000_000/26_Data_zeromagic_theta_0000_mu_000_bound_XZZZ_rx000_ry000_rz000_xx000.qpy,holography-on-ionq/Testing flow/wormhole_data_analysis.ipynb,WH10-D-C016,23a53462d3cc06e1,3,1250,1250
WH10,wh10_final_selected,0000_000,boundary,YXXX,27,27_Data_zeromagic_theta_0000_mu_000_bound_YXXX_rx000_ry000_rz000_xx000.qpy,data/executed_circuits/WH10/0000_000/27_Data_zeromagic_theta_0000_mu_000_bound_YXXX_rx000_ry000_rz000_xx000.qpy,e375d557c9c073975c77c950000d97f470cb988a67a90e9a522650bb47adbb9d,holography-on-ionq/Testing flow/Circuits/Data_batch/WH/Data_0000_000/27_Data_zeromagic_theta_0000_mu_000_bound_YXXX_rx000_ry000_rz000_xx000.qpy,holography-on-ionq/Testing flow/wormhole_data_analysis.ipynb,WH10-D-C016,23a53462d3cc06e1,3,1250,1250
WH10,wh10_final_selected,0000_000,boundary,YXXY,28,28_Data_zeromagic_theta_0000_mu_000_bound_YXXY_rx000_ry000_rz000_xx000.qpy,data/executed_circuits/WH10/0000_000/28_Data_zeromagic_theta_0000_mu_000_bound_YXXY_rx000_ry000_rz000_xx000.qpy,b303204c69f48af93c00d3474df2baa897e1dbbaf088c2b9bf0bd49749be69f5,holography-on-ionq/Testing flow/Circuits/Data_batch/WH/Data_0000_000/28_Data_zeromagic_theta_0000_mu_000_bound_YXXY_rx000_ry000_rz000_xx000.qpy,holography-on-ionq/Testing flow/wormhole_data_analysis.ipynb,WH10-D-C016,23a53462d3cc06e1,3,1250,1250
WH10,wh10_final_selected,0000_000,boundary,YXXZ,29,29_Data_zeromagic_theta_0000_mu_000_bound_YXXZ_rx000_ry000_rz000_xx000.qpy,data/executed_circuits/WH10/0000_000/29_Data_zeromagic_theta_0000_mu_000_bound_YXXZ_rx000_ry000_rz000_xx000.qpy,f03fa46228ccb2cc5314c4fab978a6ee1460e9b493c92ff41784c2a7124ea944,holography-on-ionq/Testing flow/Circuits/Data_batch/WH/Data_0000_000/29_Data_zeromagic_theta_0000_mu_000_bound_YXXZ_rx000_ry000_rz000_xx000.qpy,holography-on-ionq/Testing flow/wormhole_data_analysis.ipynb,WH10-D-C016,23a53462d3cc06e1,3,1250,1250
WH10,wh10_final_selected,0000_000,boundary,YXYX,30,30_Data_zeromagic_theta_0000_mu_000_bound_YXYX_rx000_ry000_rz000_xx000.qpy,data/executed_circuits/WH10/0000_000/30_Data_zeromagic_theta_0000_mu_000_bound_YXYX_rx000_ry000_rz000_xx000.qpy,ea877782c4ceaa051dc4728deaed3ad5b2533e1cb9a216d79a9a72ae4f7eb983,holography-on-ionq/Testing flow/Circuits/Data_batch/WH/Data_0000_000/30_Data_zeromagic_theta_0000_mu_000_bound_YXYX_rx000_ry000_rz000_xx000.qpy,holography-on-ionq/Testing flow/wormhole_data_analysis.ipynb,WH10-D-C016,23a53462d3cc06e1,3,1250,1250
WH10,wh10_final_selected,0000_000,boundary,YXYY,31,31_Data_zeromagic_theta_0000_mu_000_bound_YXYY_rx000_ry000_rz000_xx000.qpy,data/executed_circuits/WH10/0000_000/31_Data_zeromagic_theta_0000_mu_000_bound_YXYY_rx000_ry000_rz000_xx000.qpy,3c7ef457825ab69e43368b11d5911ae23001518dd5d19ceadb111605ac778ab4,holography-on-ionq/Testing flow/Circuits/Data_batch/WH/Data_0000_000/31_Data_zeromagic_theta_0000_mu_000_bound_YXYY_rx000_ry000_rz000_xx000.qpy,holography-on-ionq/Testing flow/wormhole_data_analysis.ipynb,WH10-D-C016,23a53462d3cc06e1,3,1250,1250
WH10,wh10_final_selected,0000_000,boundary,YXYZ,32,32_Data_zeromagic_theta_0000_mu_000_bound_YXYZ_rx000_ry000_rz000_xx000.qpy,data/executed_circuits/WH10/0000_000/32_Data_zeromagic_theta_0000_mu_000_bound_YXYZ_rx000_ry000_rz000_xx000.qpy,e79850c8acb9d012bf512ba219160b7b10ce703a5b4b26fe6e6ae3dec9cf790b,holography-on-ionq/Testing flow/Circuits/Data_batch/WH/Data_0000_000/32_Data_zeromagic_theta_0000_mu_000_bound_YXYZ_rx000_ry000_rz000_xx000.qpy,holography-on-ionq/Testing flow/wormhole_data_analysis.ipynb,WH10-D-C016,23a53462d3cc06e1,3,1250,1250
WH10,wh10_final_selected,0000_000,boundary,YXZX,33,33_Data_zeromagic_theta_0000_mu_000_bound_YXZX_rx000_ry000_rz000_xx000.qpy,data/executed_circuits/WH10/0000_000/33_Data_zeromagic_theta_0000_mu_000_bound_YXZX_rx000_ry000_rz000_xx000.qpy,8e42cc9cb59b00ebe6d9fae70dfd517fa02010d19412a22e64db3ce4fb1e90b7,holography-on-ionq/Testing flow/Circuits/Data_batch/WH/Data_0000_000/33_Data_zeromagic_theta_0000_mu_000_bound_YXZX_rx000_ry000_rz000_xx000.qpy,holography-on-ionq/Testing flow/wormhole_data_analysis.ipynb,WH10-D-C016,23a53462d3cc06e1,3,1250,1250
WH10,wh10_final_selected,0000_000,boundary,YXZY,34,34_Data_zeromagic_theta_0000_mu_000_bound_YXZY_rx000_ry000_rz000_xx000.qpy,data/executed_circuits/WH10/0000_000/34_Data_zeromagic_theta_0000_mu_000_bound_YXZY_rx000_ry000_rz000_xx000.qpy,be1bd78078bc8f9be91ad94d313649dab945312e17d94e13734d8936b7b4e6c9,holography-on-ionq/Testing flow/Circuits/Data_batch/WH/Data_0000_000/34_Data_zeromagic_theta_0000_mu_000_bound_YXZY_rx000_ry000_rz000_xx000.qpy,holography-on-ionq/Testing flow/wormhole_data_analysis.ipynb,WH10-D-C016,23a53462d3cc06e1,3,1250,1250
WH10,wh10_final_selected,0000_000,boundary,YXZZ,35,35_Data_zeromagic_theta_0000_mu_000_bound_YXZZ_rx000_ry000_rz000_xx000.qpy,data/executed_circuits/WH10/0000_000/35_Data_zeromagic_theta_0000_mu_000_bound_YXZZ_rx000_ry000_rz000_xx000.qpy,90796d4a53f24bef508cdedb7bf19042058d758e5a17b66c7bc136d982ea63ce,holography-on-ionq/Testing flow/Circuits/Data_batch/WH/Data_0000_000/35_Data_zeromagic_theta_0000_mu_000_bound_YXZZ_rx000_ry000_rz000_xx000.qpy,holography-on-ionq/Testing flow/wormhole_data_analysis.ipynb,WH10-D-C016,23a53462d3cc06e1,3,1250,1250
WH10,wh10_final_selected,0000_000,boundary,YYXX,36,36_Data_zeromagic_theta_0000_mu_000_bound_YYXX_rx000_ry000_rz000_xx000.qpy,data/executed_circuits/WH10/0000_000/36_Data_zeromagic_theta_0000_mu_000_bound_YYXX_rx000_ry000_rz000_xx000.qpy,9e95ef42bf5f8ca66496fc7dae04d9fb774589489f69fd6a019946c8af8e8a91,holography-on-ionq/Testing flow/Circuits/Data_batch/WH/Data_0000_000/36_Data_zeromagic_theta_0000_mu_000_bound_YYXX_rx000_ry000_rz000_xx000.qpy,holography-on-ionq/Testing flow/wormhole_data_analysis.ipynb,WH10-D-C016,23a53462d3cc06e1,3,1250,1250
WH10,wh10_final_selected,0000_000,boundary,YYXY,37,37_Data_zeromagic_theta_0000_mu_000_bound_YYXY_rx000_ry000_rz000_xx000.qpy,data/executed_circuits/WH10/0000_000/37_Data_zeromagic_theta_0000_mu_000_bound_YYXY_rx000_ry000_rz000_xx000.qpy,82f000b13dfa75edf128e67d15a19a194934f6ac4466397e9f605c6e36933a08,holography-on-ionq/Testing flow/Circuits/Data_batch/WH/Data_0000_000/37_Data_zeromagic_theta_0000_mu_000_bound_YYXY_rx000_ry000_rz000_xx000.qpy,holography-on-ionq/Testing flow/wormhole_data_analysis.ipynb,WH10-D-C016,23a53462d3cc06e1,3,1250,1250
WH10,wh10_final_selected,0000_000,boundary,YYXZ,38,38_Data_zeromagic_theta_0000_mu_000_bound_YYXZ_rx000_ry000_rz000_xx000.qpy,data/executed_circuits/WH10/0000_000/38_Data_zeromagic_theta_0000_mu_000_bound_YYXZ_rx000_ry000_rz000_xx000.qpy,04357ac0839be6e72a9d84cce62995915f6017d5351fab58d0452b1aeba5f78d,holography-on-ionq/Testing flow/Circuits/Data_batch/WH/Data_0000_000/38_Data_zeromagic_theta_0000_mu_000_bound_YYXZ_rx000_ry000_rz000_xx000.qpy,holography-on-ionq/Testing flow/wormhole_data_analysis.ipynb,WH10-D-C016,23a53462d3cc06e1,3,1250,1250
WH10,wh10_final_selected,0000_000,boundary,YYYX,39,39_Data_zeromagic_theta_0000_mu_000_bound_YYYX_rx000_ry000_rz000_xx000.qpy,data/executed_circuits/WH10/0000_000/39_Data_zeromagic_theta_0000_mu_000_bound_YYYX_rx000_ry000_rz000_xx000.qpy,562ad05e8a048ecd0cd2153c814794edd1b7bd6cd20508a81580c217fcca1639,holography-on-ionq/Testing flow/Circuits/Data_batch/WH/Data_0000_000/39_Data_zeromagic_theta_0000_mu_000_bound_YYYX_rx000_ry000_rz000_xx000.qpy,holography-on-ionq/Testing flow/wormhole_data_analysis.ipynb,WH10-D-C016,23a53462d3cc06e1,3,1250,1250
WH10,wh10_final_selected,0000_000,boundary,YYYY,40,40_Data_zeromagic_theta_0000_mu_000_bound_YYYY_rx000_ry000_rz000_xx000.qpy,data/executed_circuits/WH10/0000_000/40_Data_zeromagic_theta_0000_mu_000_bound_YYYY_rx000_ry000_rz000_xx000.qpy,7e9fc1528a2c719e67fa30d50aa60af1387a5252507542a187978a5ac8d94005,holography-on-ionq/Testing flow/Circuits/Data_batch/WH/Data_0000_000/40_Data_zeromagic_theta_0000_mu_000_bound_YYYY_rx000_ry000_rz000_xx000.qpy,holography-on-ionq/Testing flow/wormhole_data_analysis.ipynb,WH10-D-C016,23a53462d3cc06e1,3,1250,1250
WH10,wh10_final_selected,0000_000,boundary,YYYZ,41,41_Data_zeromagic_theta_0000_mu_000_bound_YYYZ_rx000_ry000_rz000_xx000.qpy,data/executed_circuits/WH10/0000_000/41_Data_zeromagic_theta_0000_mu_000_bound_YYYZ_rx000_ry000_rz000_xx000.qpy,d485818bab9d68d35551533fb67ce5d8cfda49d70e0669f7259c2cf5e40fa0ec,holography-on-ionq/Testing flow/Circuits/Data_batch/WH/Data_0000_000/41_Data_zeromagic_theta_0000_mu_000_bound_YYYZ_rx000_ry000_rz000_xx000.qpy,holography-on-ionq/Testing flow/wormhole_data_analysis.ipynb,WH10-D-C016,23a53462d3cc06e1,3,1250,1250
WH10,wh10_final_selected,0000_000,boundary,YYZX,42,42_Data_zeromagic_theta_0000_mu_000_bound_YYZX_rx000_ry000_rz000_xx000.qpy,data/executed_circuits/WH10/0000_000/42_Data_zeromagic_theta_0000_mu_000_bound_YYZX_rx000_ry000_rz000_xx000.qpy,7f8ff6a76f2892e3abff5e0c5300521606782c32623e1e8665a3d9f60427ba91,holography-on-ionq/Testing flow/Circuits/Data_batch/WH/Data_0000_000/42_Data_zeromagic_theta_0000_mu_000_bound_YYZX_rx000_ry000_rz000_xx000.qpy,holography-on-ionq/Testing flow/wormhole_data_analysis.ipynb,WH10-D-C016,23a53462d3cc06e1,3,1250,1250
WH10,wh10_final_selected,0000_000,boundary,YYZY,43,43_Data_zeromagic_theta_0000_mu_000_bound_YYZY_rx000_ry000_rz000_xx000.qpy,data/executed_circuits/WH10/0000_000/43_Data_zeromagic_theta_0000_mu_000_bound_YYZY_rx000_ry000_rz000_xx000.qpy,2524a145b8232a50be8316c24e10dd48f5de8ad6d34b08c5894b539517867ed7,holography-on-ionq/Testing flow/Circuits/Data_batch/WH/Data_0000_000/43_Data_zeromagic_theta_0000_mu_000_bound_YYZY_rx000_ry000_rz000_xx000.qpy,holography-on-ionq/Testing flow/wormhole_data_analysis.ipynb,WH10-D-C016,23a53462d3cc06e1,3,1250,1250
WH10,wh10_final_selected,0000_000,boundary,YYZZ,44,44_Data_zeromagic_theta_0000_mu_000_bound_YYZZ_rx000_ry000_rz000_xx000.qpy,data/executed_circuits/WH10/0000_000/44_Data_zeromagic_theta_0000_mu_000_bound_YYZZ_rx000_ry000_rz000_xx000.qpy,aafbe00d662296a04a5db994511681fa3e7ccbcaa3707a9c5ae17502a086694e,holography-on-ionq/Testing flow/Circuits/Data_batch/WH/Data_0000_000/44_Data_zeromagic_theta_0000_mu_000_bound_YYZZ_rx000_ry000_rz000_xx000.qpy,holography-on-ionq/Testing flow/wormhole_data_analysis.ipynb,WH10-D-C016,23a53462d3cc06e1,3,1250,1250
WH10,wh10_final_selected,0000_000,boundary,YZXX,45,45_Data_zeromagic_theta_0000_mu_000_bound_YZXX_rx000_ry000_rz000_xx000.qpy,data/executed_circuits/WH10/0000_000/45_Data_zeromagic_theta_0000_mu_000_bound_YZXX_rx000_ry000_rz000_xx000.qpy,8da20434b117bf027990e713cfeea100e4bdf18e6e715c2a4d10ba6ddd7e198e,holography-on-ionq/Testing flow/Circuits/Data_batch/WH/Data_0000_000/45_Data_zeromagic_theta_0000_mu_000_bound_YZXX_rx000_ry000_rz000_xx000.qpy,holography-on-ionq/Testing flow/wormhole_data_analysis.ipynb,WH10-D-C016,23a53462d3cc06e1,3,1250,1250
WH10,wh10_final_selected,0000_000,boundary,YZXY,46,46_Data_zeromagic_theta_0000_mu_000_bound_YZXY_rx000_ry000_rz000_xx000.qpy,data/executed_circuits/WH10/0000_000/46_Data_zeromagic_theta_0000_mu_000_bound_YZXY_rx000_ry000_rz000_xx000.qpy,ba4214bf0d721251b63ef7e1f4df7fd91bf20fcbd2dd3de7799b38ce3dddb3be,holography-on-ionq/Testing flow/Circuits/Data_batch/WH/Data_0000_000/46_Data_zeromagic_theta_0000_mu_000_bound_YZXY_rx000_ry000_rz000_xx000.qpy,holography-on-ionq/Testing flow/wormhole_data_analysis.ipynb,WH10-D-C016,23a53462d3cc06e1,3,1250,1250
WH10,wh10_final_selected,0000_000,boundary,YZXZ,47,47_Data_zeromagic_theta_0000_mu_000_bound_YZXZ_rx000_ry000_rz000_xx000.qpy,data/executed_circuits/WH10/0000_000/47_Data_zeromagic_theta_0000_mu_000_bound_YZXZ_rx000_ry000_rz000_xx000.qpy,55dd47af5c6e9ac2a1091b71e4e445ef4409727229098f68ed8336ee12ff196d,holography-on-ionq/Testing flow/Circuits/Data_batch/WH/Data_0000_000/47_Data_zeromagic_theta_0000_mu_000_bound_YZXZ_rx000_ry000_rz000_xx000.qpy,holography-on-ionq/Testing flow/wormhole_data_analysis.ipynb,WH10-D-C016,23a53462d3cc06e1,3,1250,1250
WH10,wh10_final_selected,0000_000,boundary,YZYX,48,48_Data_zeromagic_theta_0000_mu_000_bound_YZYX_rx000_ry000_rz000_xx000.qpy,data/executed_circuits/WH10/0000_000/48_Data_zeromagic_theta_0000_mu_000_bound_YZYX_rx000_ry000_rz000_xx000.qpy,213976cdcd79afecc18ce69edb06cb11396afd598d4a0d33e60146121f675590,holography-on-ionq/Testing flow/Circuits/Data_batch/WH/Data_0000_000/48_Data_zeromagic_theta_0000_mu_000_bound_YZYX_rx000_ry000_rz000_xx000.qpy,holography-on-ionq/Testing flow/wormhole_data_analysis.ipynb,WH10-D-C016,23a53462d3cc06e1,3,1250,1250
WH10,wh10_final_selected,0000_000,boundary,YZYY,49,49_Data_zeromagic_theta_0000_mu_000_bound_YZYY_rx000_ry000_rz000_xx000.qpy,data/executed_circuits/WH10/0000_000/49_Data_zeromagic_theta_0000_mu_000_bound_YZYY_rx000_ry000_rz000_xx000.qpy,a711357a1fba918947c443a866136e48e858d51864737bffa969df951d40be1d,holography-on-ionq/Testing flow/Circuits/Data_batch/WH/Data_0000_000/49_Data_zeromagic_theta_0000_mu_000_bound_YZYY_rx000_ry000_rz000_xx000.qpy,holography-on-ionq/Testing flow/wormhole_data_analysis.ipynb,WH10-D-C016,23a53462d3cc06e1,3,1250,1250
WH10,wh10_final_selected,0000_000,boundary,YZYZ,50,50_Data_zeromagic_theta_0000_mu_000_bound_YZYZ_rx000_ry000_rz000_xx000.qpy,data/executed_circuits/WH10/0000_000/50_Data_zeromagic_theta_0000_mu_000_bound_YZYZ_rx000_ry000_rz000_xx000.qpy,61ebf08cfa23907bb19ec937fb9d21b9b25255084a9f87d53633481c16b0dc1e,holography-on-ionq/Testing flow/Circuits/Data_batch/WH/Data_0000_000/50_Data_zeromagic_theta_0000_mu_000_bound_YZYZ_rx000_ry000_rz000_xx000.qpy,holography-on-ionq/Testing flow/wormhole_data_analysis.ipynb,WH10-D-C016,23a53462d3cc06e1,3,1250,1250
WH10,wh10_final_selected,0000_000,boundary,YZZX,51,51_Data_zeromagic_theta_0000_mu_000_bound_YZZX_rx000_ry000_rz000_xx000.qpy,data/executed_circuits/WH10/0000_000/51_Data_zeromagic_theta_0000_mu_000_bound_YZZX_rx000_ry000_rz000_xx000.qpy,e6d5fb444a1eebbe1f06fb6dc7703bb803d67607e837b1878446274fabc3ce1f,holography-on-ionq/Testing flow/Circuits/Data_batch/WH/Data_0000_000/51_Data_zeromagic_theta_0000_mu_000_bound_YZZX_rx000_ry000_rz000_xx000.qpy,holography-on-ionq/Testing flow/wormhole_data_analysis.ipynb,WH10-D-C016,23a53462d3cc06e1,3,1250,1250
WH10,wh10_final_selected,0000_000,boundary,YZZY,52,52_Data_zeromagic_theta_0000_mu_000_bound_YZZY_rx000_ry000_rz000_xx000.qpy,data/executed_circuits/WH10/0000_000/52_Data_zeromagic_theta_0000_mu_000_bound_YZZY_rx000_ry000_rz000_xx000.qpy,6102ca92f9d968ed32ae9858e8d593ab3688a6c87a92d153d3d99e8b8380fbcf,holography-on-ionq/Testing flow/Circuits/Data_batch/WH/Data_0000_000/52_Data_zeromagic_theta_0000_mu_000_bound_YZZY_rx000_ry000_rz000_xx000.qpy,holography-on-ionq/Testing flow/wormhole_data_analysis.ipynb,WH10-D-C016,23a53462d3cc06e1,3,1250,1250
WH10,wh10_final_selected,0000_000,boundary,YZZZ,53,53_Data_zeromagic_theta_0000_mu_000_bound_YZZZ_rx000_ry000_rz000_xx000.qpy,data/executed_circuits/WH10/0000_000/53_Data_zeromagic_theta_0000_mu_000_bound_YZZZ_rx000_ry000_rz000_xx000.qpy,d2c18da9cc8b74e57f9fae7b2116de399172343c601174b975f361c2e0dc048f,holography-on-ionq/Testing flow/Circuits/Data_batch/WH/Data_0000_000/53_Data_zeromagic_theta_0000_mu_000_bound_YZZZ_rx000_ry000_rz000_xx000.qpy,holography-on-ionq/Testing flow/wormhole_data_analysis.ipynb,WH10-D-C016,23a53462d3cc06e1,3,1250,1250
WH10,wh10_final_selected,0000_000,boundary,ZXXX,54,54_Data_zeromagic_theta_0000_mu_000_bound_ZXXX_rx000_ry000_rz000_xx000.qpy,data/executed_circuits/WH10/0000_000/54_Data_zeromagic_theta_0000_mu_000_bound_ZXXX_rx000_ry000_rz000_xx000.qpy,6d4d001db3f0cdefac8f716ccad700fd4d2703d33e481c600a668b16ac9f8e99,holography-on-ionq/Testing flow/Circuits/Data_batch/WH/Data_0000_000/54_Data_zeromagic_theta_0000_mu_000_bound_ZXXX_rx000_ry000_rz000_xx000.qpy,holography-on-ionq/Testing flow/wormhole_data_analysis.ipynb,WH10-D-C016,23a53462d3cc06e1,3,1250,1250
WH10,wh10_final_selected,0000_000,boundary,ZXXY,55,55_Data_zeromagic_theta_0000_mu_000_bound_ZXXY_rx000_ry000_rz000_xx000.qpy,data/executed_circuits/WH10/0000_000/55_Data_zeromagic_theta_0000_mu_000_bound_ZXXY_rx000_ry000_rz000_xx000.qpy,8801aa042e8611e270ec1a00f3e75944c8726382755eb96d5490bf8face77e70,holography-on-ionq/Testing flow/Circuits/Data_batch/WH/Data_0000_000/55_Data_zeromagic_theta_0000_mu_000_bound_ZXXY_rx000_ry000_rz000_xx000.qpy,holography-on-ionq/Testing flow/wormhole_data_analysis.ipynb,WH10-D-C016,23a53462d3cc06e1,3,1250,1250
WH10,wh10_final_selected,0000_000,boundary,ZXXZ,56,56_Data_zeromagic_theta_0000_mu_000_bound_ZXXZ_rx000_ry000_rz000_xx000.qpy,data/executed_circuits/WH10/0000_000/56_Data_zeromagic_theta_0000_mu_000_bound_ZXXZ_rx000_ry000_rz000_xx000.qpy,25003c93c823649266b4ceb24fa11f299e81c8bcefd0d0f34c0fceaaba021fb9,holography-on-ionq/Testing flow/Circuits/Data_batch/WH/Data_0000_000/56_Data_zeromagic_theta_0000_mu_000_bound_ZXXZ_rx000_ry000_rz000_xx000.qpy,holography-on-ionq/Testing flow/wormhole_data_analysis.ipynb,WH10-D-C016,23a53462d3cc06e1,3,1250,1250
WH10,wh10_final_selected,0000_000,boundary,ZXYX,57,57_Data_zeromagic_theta_0000_mu_000_bound_ZXYX_rx000_ry000_rz000_xx000.qpy,data/executed_circuits/WH10/0000_000/57_Data_zeromagic_theta_0000_mu_000_bound_ZXYX_rx000_ry000_rz000_xx000.qpy,df3e66e5ddc0d0b14263d41c95f5178b890b074825d42592c76326454cbed4fd,holography-on-ionq/Testing flow/Circuits/Data_batch/WH/Data_0000_000/57_Data_zeromagic_theta_0000_mu_000_bound_ZXYX_rx000_ry000_rz000_xx000.qpy,holography-on-ionq/Testing flow/wormhole_data_analysis.ipynb,WH10-D-C016,23a53462d3cc06e1,3,1250,1250
WH10,wh10_final_selected,0000_000,boundary,ZXYY,58,58_Data_zeromagic_theta_0000_mu_000_bound_ZXYY_rx000_ry000_rz000_xx000.qpy,data/executed_circuits/WH10/0000_000/58_Data_zeromagic_theta_0000_mu_000_bound_ZXYY_rx000_ry000_rz000_xx000.qpy,7b4c775d37504427d7617298807fee8b6e96dd409396f26b01b8eca5574a8301,holography-on-ionq/Testing flow/Circuits/Data_batch/WH/Data_0000_000/58_Data_zeromagic_theta_0000_mu_000_bound_ZXYY_rx000_ry000_rz000_xx000.qpy,holography-on-ionq/Testing flow/wormhole_data_analysis.ipynb,WH10-D-C016,23a53462d3cc06e1,3,1250,1250
WH10,wh10_final_selected,0000_000,boundary,ZXYZ,59,59_Data_zeromagic_theta_0000_mu_000_bound_ZXYZ_rx000_ry000_rz000_xx000.qpy,data/executed_circuits/WH10/0000_000/59_Data_zeromagic_theta_0000_mu_000_bound_ZXYZ_rx000_ry000_rz000_xx000.qpy,1d25bc8487e2a0e48e66a770841329b3428a88c2917eab33abc1c7e1c0b1c528,holography-on-ionq/Testing flow/Circuits/Data_batch/WH/Data_0000_000/59_Data_zeromagic_theta_0000_mu_000_bound_ZXYZ_rx000_ry000_rz000_xx000.qpy,holography-on-ionq/Testing flow/wormhole_data_analysis.ipynb,WH10-D-C016,23a53462d3cc06e1,3,1250,1250
WH10,wh10_final_selected,0000_000,boundary,ZXZX,60,60_Data_zeromagic_theta_0000_mu_000_bound_ZXZX_rx000_ry000_rz000_xx000.qpy,data/executed_circuits/WH10/0000_000/60_Data_zeromagic_theta_0000_mu_000_bound_ZXZX_rx000_ry000_rz000_xx000.qpy,ced51f44237a09465162537126f74c6fc6bfab7be2bcf1ef8ab92fe7e72cee76,holography-on-ionq/Testing flow/Circuits/Data_batch/WH/Data_0000_000/60_Data_zeromagic_theta_0000_mu_000_bound_ZXZX_rx000_ry000_rz000_xx000.qpy,holography-on-ionq/Testing flow/wormhole_data_analysis.ipynb,WH10-D-C016,23a53462d3cc06e1,3,1250,1250
WH10,wh10_final_selected,0000_000,boundary,ZXZY,61,61_Data_zeromagic_theta_0000_mu_000_bound_ZXZY_rx000_ry000_rz000_xx000.qpy,data/executed_circuits/WH10/0000_000/61_Data_zeromagic_theta_0000_mu_000_bound_ZXZY_rx000_ry000_rz000_xx000.qpy,1b567f2b6e373660c4fe3c6052cfcde9a6caaf5329b79bb6dea1d65016e0976e,holography-on-ionq/Testing flow/Circuits/Data_batch/WH/Data_0000_000/61_Data_zeromagic_theta_0000_mu_000_bound_ZXZY_rx000_ry000_rz000_xx000.qpy,holography-on-ionq/Testing flow/wormhole_data_analysis.ipynb,WH10-D-C016,23a53462d3cc06e1,3,1250,1250
WH10,wh10_final_selected,0000_000,boundary,ZXZZ,62,62_Data_zeromagic_theta_0000_mu_000_bound_ZXZZ_rx000_ry000_rz000_xx000.qpy,data/executed_circuits/WH10/0000_000/62_Data_zeromagic_theta_0000_mu_000_bound_ZXZZ_rx000_ry000_rz000_xx000.qpy,2ae31e891a55d7ee7b093470763c4fec8e83eef42aca5bbb24c09c0a31451578,holography-on-ionq/Testing flow/Circuits/Data_batch/WH/Data_0000_000/62_Data_zeromagic_theta_0000_mu_000_bound_ZXZZ_rx000_ry000_rz000_xx000.qpy,holography-on-ionq/Testing flow/wormhole_data_analysis.ipynb,WH10-D-C016,23a53462d3cc06e1,3,1250,1250
WH10,wh10_final_selected,0000_000,boundary,ZYXX,63,63_Data_zeromagic_theta_0000_mu_000_bound_ZYXX_rx000_ry000_rz000_xx000.qpy,data/executed_circuits/WH10/0000_000/63_Data_zeromagic_theta_0000_mu_000_bound_ZYXX_rx000_ry000_rz000_xx000.qpy,b08790bc948b6f64af8b7998df02080b2b1f35df9436a7c0b8a408e73f4803a4,holography-on-ionq/Testing flow/Circuits/Data_batch/WH/Data_0000_000/63_Data_zeromagic_theta_0000_mu_000_bound_ZYXX_rx000_ry000_rz000_xx000.qpy,holography-on-ionq/Testing flow/wormhole_data_analysis.ipynb,WH10-D-C016,23a53462d3cc06e1,3,1250,1250
WH10,wh10_final_selected,0000_000,boundary,ZYXY,64,64_Data_zeromagic_theta_0000_mu_000_bound_ZYXY_rx000_ry000_rz000_xx000.qpy,data/executed_circuits/WH10/0000_000/64_Data_zeromagic_theta_0000_mu_000_bound_ZYXY_rx000_ry000_rz000_xx000.qpy,49ca95dd7c9a29e8d593a6103b68c76d6e9ae503735c694d318d7e54c6e71e54,holography-on-ionq/Testing flow/Circuits/Data_batch/WH/Data_0000_000/64_Data_zeromagic_theta_0000_mu_000_bound_ZYXY_rx000_ry000_rz000_xx000.qpy,holography-on-ionq/Testing flow/wormhole_data_analysis.ipynb,WH10-D-C016,23a53462d3cc06e1,3,1250,1250
WH10,wh10_final_selected,0000_000,boundary,ZYXZ,65,65_Data_zeromagic_theta_0000_mu_000_bound_ZYXZ_rx000_ry000_rz000_xx000.qpy,data/executed_circuits/WH10/0000_000/65_Data_zeromagic_theta_0000_mu_000_bound_ZYXZ_rx000_ry000_rz000_xx000.qpy,0003b1f2bb5ac62eb09ee0cf040f46491a4a8af5971308baa4bfcfbe391f84ce,holography-on-ionq/Testing flow/Circuits/Data_batch/WH/Data_0000_000/65_Data_zeromagic_theta_0000_mu_000_bound_ZYXZ_rx000_ry000_rz000_xx000.qpy,holography-on-ionq/Testing flow/wormhole_data_analysis.ipynb,WH10-D-C016,23a53462d3cc06e1,3,1250,1250
WH10,wh10_final_selected,0000_000,boundary,ZYYX,66,66_Data_zeromagic_theta_0000_mu_000_bound_ZYYX_rx000_ry000_rz000_xx000.qpy,data/executed_circuits/WH10/0000_000/66_Data_zeromagic_theta_0000_mu_000_bound_ZYYX_rx000_ry000_rz000_xx000.qpy,41b2a8d5894433d0cea95ac00decd116da76bb11c2a2d24c0a0118e506c4abbf,holography-on-ionq/Testing flow/Circuits/Data_batch/WH/Data_0000_000/66_Data_zeromagic_theta_0000_mu_000_bound_ZYYX_rx000_ry000_rz000_xx000.qpy,holography-on-ionq/Testing flow/wormhole_data_analysis.ipynb,WH10-D-C016,23a53462d3cc06e1,3,1250,1250
WH10,wh10_final_selected,0000_000,boundary,ZYYY,67,67_Data_zeromagic_theta_0000_mu_000_bound_ZYYY_rx000_ry000_rz000_xx000.qpy,data/executed_circuits/WH10/0000_000/67_Data_zeromagic_theta_0000_mu_000_bound_ZYYY_rx000_ry000_rz000_xx000.qpy,4c1be9c423f6f94266463942de2ac11b5198dee539064a727dca0d03535f2732,holography-on-ionq/Testing flow/Circuits/Data_batch/WH/Data_0000_000/67_Data_zeromagic_theta_0000_mu_000_bound_ZYYY_rx000_ry000_rz000_xx000.qpy,holography-on-ionq/Testing flow/wormhole_data_analysis.ipynb,WH10-D-C016,23a53462d3cc06e1,3,1250,1250
WH10,wh10_final_selected,0000_000,boundary,ZYYZ,68,68_Data_zeromagic_theta_0000_mu_000_bound_ZYYZ_rx000_ry000_rz000_xx000.qpy,data/executed_circuits/WH10/0000_000/68_Data_zeromagic_theta_0000_mu_000_bound_ZYYZ_rx000_ry000_rz000_xx000.qpy,521d94ae9fa7b2846dd2b57a0ed8bb1ba670042de802cd49f150848892f4d183,holography-on-ionq/Testing flow/Circuits/Data_batch/WH/Data_0000_000/68_Data_zeromagic_theta_0000_mu_000_bound_ZYYZ_rx000_ry000_rz000_xx000.qpy,holography-on-ionq/Testing flow/wormhole_data_analysis.ipynb,WH10-D-C016,23a53462d3cc06e1,3,1250,1250
WH10,wh10_final_selected,0000_000,boundary,ZYZX,69,69_Data_zeromagic_theta_0000_mu_000_bound_ZYZX_rx000_ry000_rz000_xx000.qpy,data/executed_circuits/WH10/0000_000/69_Data_zeromagic_theta_0000_mu_000_bound_ZYZX_rx000_ry000_rz000_xx000.qpy,97b36613b9647ff1edb462eec876acf4fd220305cf88d405a6d553aaf8f0a3de,holography-on-ionq/Testing flow/Circuits/Data_batch/WH/Data_0000_000/69_Data_zeromagic_theta_0000_mu_000_bound_ZYZX_rx000_ry000_rz000_xx000.qpy,holography-on-ionq/Testing flow/wormhole_data_analysis.ipynb,WH10-D-C016,23a53462d3cc06e1,3,1250,1250
WH10,wh10_final_selected,0000_000,boundary,ZYZY,70,70_Data_zeromagic_theta_0000_mu_000_bound_ZYZY_rx000_ry000_rz000_xx000.qpy,data/executed_circuits/WH10/0000_000/70_Data_zeromagic_theta_0000_mu_000_bound_ZYZY_rx000_ry000_rz000_xx000.qpy,850e0e59e8bdcf9f14955b481afbdcaf5a800700758ca61162ff66207d2f3768,holography-on-ionq/Testing flow/Circuits/Data_batch/WH/Data_0000_000/70_Data_zeromagic_theta_0000_mu_000_bound_ZYZY_rx000_ry000_rz000_xx000.qpy,holography-on-ionq/Testing flow/wormhole_data_analysis.ipynb,WH10-D-C016,23a53462d3cc06e1,3,1250,1250
WH10,wh10_final_selected,0000_000,boundary,ZYZZ,71,71_Data_zeromagic_theta_0000_mu_000_bound_ZYZZ_rx000_ry000_rz000_xx000.qpy,data/executed_circuits/WH10/0000_000/71_Data_zeromagic_theta_0000_mu_000_bound_ZYZZ_rx000_ry000_rz000_xx000.qpy,ec38ea8fdd376cddc5058b7fa7e5f1c849d847b731b83efdd2fb64ec90d3c6e8,holography-on-ionq/Testing flow/Circuits/Data_batch/WH/Data_0000_000/71_Data_zeromagic_theta_0000_mu_000_bound_ZYZZ_rx000_ry000_rz000_xx000.qpy,holography-on-ionq/Testing flow/wormhole_data_analysis.ipynb,WH10-D-C016,23a53462d3cc06e1,3,1250,1250
WH10,wh10_final_selected,0000_000,boundary,ZZXX,72,72_Data_zeromagic_theta_0000_mu_000_bound_ZZXX_rx000_ry000_rz000_xx000.qpy,data/executed_circuits/WH10/0000_000/72_Data_zeromagic_theta_0000_mu_000_bound_ZZXX_rx000_ry000_rz000_xx000.qpy,a947e07da7b9f2b2c1e279a8d2a2f7214b22a3894a9bbe63722b61728519f74b,holography-on-ionq/Testing flow/Circuits/Data_batch/WH/Data_0000_000/72_Data_zeromagic_theta_0000_mu_000_bound_ZZXX_rx000_ry000_rz000_xx000.qpy,holography-on-ionq/Testing flow/wormhole_data_analysis.ipynb,WH10-D-C016,23a53462d3cc06e1,3,1250,1250
WH10,wh10_final_selected,0000_000,boundary,ZZXY,73,73_Data_zeromagic_theta_0000_mu_000_bound_ZZXY_rx000_ry000_rz000_xx000.qpy,data/executed_circuits/WH10/0000_000/73_Data_zeromagic_theta_0000_mu_000_bound_ZZXY_rx000_ry000_rz000_xx000.qpy,298de83e574eea04c943ac139ade57f8c6e57fa7202cbcc1736877a74146c760,holography-on-ionq/Testing flow/Circuits/Data_batch/WH/Data_0000_000/73_Data_zeromagic_theta_0000_mu_000_bound_ZZXY_rx000_ry000_rz000_xx000.qpy,holography-on-ionq/Testing flow/wormhole_data_analysis.ipynb,WH10-D-C016,23a53462d3cc06e1,3,1250,1250
WH10,wh10_final_selected,0000_000,boundary,ZZXZ,74,74_Data_zeromagic_theta_0000_mu_000_bound_ZZXZ_rx000_ry000_rz000_xx000.qpy,data/executed_circuits/WH10/0000_000/74_Data_zeromagic_theta_0000_mu_000_bound_ZZXZ_rx000_ry000_rz000_xx000.qpy,d61b815734f2877847686a42945645daad12548d12a4566ae391ba965d16119d,holography-on-ionq/Testing flow/Circuits/Data_batch/WH/Data_0000_000/74_Data_zeromagic_theta_0000_mu_000_bound_ZZXZ_rx000_ry000_rz000_xx000.qpy,holography-on-ionq/Testing flow/wormhole_data_analysis.ipynb,WH10-D-C016,23a53462d3cc06e1,3,1250,1250
WH10,wh10_final_selected,0000_000,boundary,ZZYX,75,75_Data_zeromagic_theta_0000_mu_000_bound_ZZYX_rx000_ry000_rz000_xx000.qpy,data/executed_circuits/WH10/0000_000/75_Data_zeromagic_theta_0000_mu_000_bound_ZZYX_rx000_ry000_rz000_xx000.qpy,10beacae84dd2842a99918781e6c4916aebda1df2db4c5f3e0ac8da55b665f2a,holography-on-ionq/Testing flow/Circuits/Data_batch/WH/Data_0000_000/75_Data_zeromagic_theta_0000_mu_000_bound_ZZYX_rx000_ry000_rz000_xx000.qpy,holography-on-ionq/Testing flow/wormhole_data_analysis.ipynb,WH10-D-C016,23a53462d3cc06e1,3,1250,1250
WH10,wh10_final_selected,0000_000,boundary,ZZYY,76,76_Data_zeromagic_theta_0000_mu_000_bound_ZZYY_rx000_ry000_rz000_xx000.qpy,data/executed_circuits/WH10/0000_000/76_Data_zeromagic_theta_0000_mu_000_bound_ZZYY_rx000_ry000_rz000_xx000.qpy,80ffd92116eaa13f9741004dd5e734f9d76ea4501f6727ba486a991ac9477347,holography-on-ionq/Testing flow/Circuits/Data_batch/WH/Data_0000_000/76_Data_zeromagic_theta_0000_mu_000_bound_ZZYY_rx000_ry000_rz000_xx000.qpy,holography-on-ionq/Testing flow/wormhole_data_analysis.ipynb,WH10-D-C016,23a53462d3cc06e1,3,1250,1250
WH10,wh10_final_selected,0000_000,boundary,ZZYZ,77,77_Data_zeromagic_theta_0000_mu_000_bound_ZZYZ_rx000_ry000_rz000_xx000.qpy,data/executed_circuits/WH10/0000_000/77_Data_zeromagic_theta_0000_mu_000_bound_ZZYZ_rx000_ry000_rz000_xx000.qpy,ee42a7bb127c3ddab7f218535f1745f7a77bb2ed00812e0a5a9c31d2a069f099,holography-on-ionq/Testing flow/Circuits/Data_batch/WH/Data_0000_000/77_Data_zeromagic_theta_0000_mu_000_bound_ZZYZ_rx000_ry000_rz000_xx000.qpy,holography-on-ionq/Testing flow/wormhole_data_analysis.ipynb,WH10-D-C016,23a53462d3cc06e1,3,1250,1250
WH10,wh10_final_selected,0000_000,boundary,ZZZX,78,78_Data_zeromagic_theta_0000_mu_000_bound_ZZZX_rx000_ry000_rz000_xx000.qpy,data/executed_circuits/WH10/0000_000/78_Data_zeromagic_theta_0000_mu_000_bound_ZZZX_rx000_ry000_rz000_xx000.qpy,5d4030fac65d84ed3678288b91bfa100f719c26d52b5591c36ecd12e2711d6cf,holography-on-ionq/Testing flow/Circuits/Data_batch/WH/Data_0000_000/78_Data_zeromagic_theta_0000_mu_000_bound_ZZZX_rx000_ry000_rz000_xx000.qpy,holography-on-ionq/Testing flow/wormhole_data_analysis.ipynb,WH10-D-C016,23a53462d3cc06e1,3,1250,1250
WH10,wh10_final_selected,0000_000,boundary,ZZZY,79,79_Data_zeromagic_theta_0000_mu_000_bound_ZZZY_rx000_ry000_rz000_xx000.qpy,data/executed_circuits/WH10/0000_000/79_Data_zeromagic_theta_0000_mu_000_bound_ZZZY_rx000_ry000_rz000_xx000.qpy,9d1e54dafb2fd09c5264ddd824199270ffb3bf3b0b2db26d04bc9c65a3cdacef,holography-on-ionq/Testing flow/Circuits/Data_batch/WH/Data_0000_000/79_Data_zeromagic_theta_0000_mu_000_bound_ZZZY_rx000_ry000_rz000_xx000.qpy,holography-on-ionq/Testing flow/wormhole_data_analysis.ipynb,WH10-D-C016,23a53462d3cc06e1,3,1250,1250
WH10,wh10_final_selected,0000_000,boundary,ZZZZ,80,80_Data_zeromagic_theta_0000_mu_000_bound_ZZZZ_rx000_ry000_rz000_xx000.qpy,data/executed_circuits/WH10/0000_000/80_Data_zeromagic_theta_0000_mu_000_bound_ZZZZ_rx000_ry000_rz000_xx000.qpy,e777a2dc049898f809408909f80cafc32b6789ac9f224e3b3f97bf8f487eacc8,holography-on-ionq/Testing flow/Circuits/Data_batch/WH/Data_0000_000/80_Data_zeromagic_theta_0000_mu_000_bound_ZZZZ_rx000_ry000_rz000_xx000.qpy,holography-on-ionq/Testing flow/wormhole_data_analysis.ipynb,WH10-D-C016,23a53462d3cc06e1,3,1250,1250
WH10,wh10_final_selected,0000_000,bulk,XX,81,81_Data_zeromagic_theta_0000_mu_000_bulk_XX_rx000_ry000_rz000_xx000.qpy,data/executed_circuits/WH10/0000_000/81_Data_zeromagic_theta_0000_mu_000_bulk_XX_rx000_ry000_rz000_xx000.qpy,328ea44968f910dd31c0f9f192a8a6b0f1ee5c4d8aa82d7e10e07f01902016e7,holography-on-ionq/Testing flow/Circuits/Data_batch/WH/Data_0000_000/81_Data_zeromagic_theta_0000_mu_000_bulk_XX_rx000_ry000_rz000_xx000.qpy,holography-on-ionq/Testing flow/wormhole_data_analysis.ipynb,WH10-D-C016,23a53462d3cc06e1,3,1250,1250
WH10,wh10_final_selected,0000_000,bulk,XY,82,82_Data_zeromagic_theta_0000_mu_000_bulk_XY_rx000_ry000_rz000_xx000.qpy,data/executed_circuits/WH10/0000_000/82_Data_zeromagic_theta_0000_mu_000_bulk_XY_rx000_ry000_rz000_xx000.qpy,6ea825c2a493b3a3bf1203b5c3f8a3b9ab662624f82c8bf53bc485eb8d48958f,holography-on-ionq/Testing flow/Circuits/Data_batch/WH/Data_0000_000/82_Data_zeromagic_theta_0000_mu_000_bulk_XY_rx000_ry000_rz000_xx000.qpy,holography-on-ionq/Testing flow/wormhole_data_analysis.ipynb,WH10-D-C016,23a53462d3cc06e1,3,1250,1250
WH10,wh10_final_selected,0000_000,bulk,XZ,83,83_Data_zeromagic_theta_0000_mu_000_bulk_XZ_rx000_ry000_rz000_xx000.qpy,data/executed_circuits/WH10/0000_000/83_Data_zeromagic_theta_0000_mu_000_bulk_XZ_rx000_ry000_rz000_xx000.qpy,4da904bb2f31a9ce86ede2147b29de2dde5ef80804817bea7313f97946eb7608,holography-on-ionq/Testing flow/Circuits/Data_batch/WH/Data_0000_000/83_Data_zeromagic_theta_0000_mu_000_bulk_XZ_rx000_ry000_rz000_xx000.qpy,holography-on-ionq/Testing flow/wormhole_data_analysis.ipynb,WH10-D-C016,23a53462d3cc06e1,3,1250,1250
WH10,wh10_final_selected,0000_000,bulk,YX,84,84_Data_zeromagic_theta_0000_mu_000_bulk_YX_rx000_ry000_rz000_xx000.qpy,data/executed_circuits/WH10/0000_000/84_Data_zeromagic_theta_0000_mu_000_bulk_YX_rx000_ry000_rz000_xx000.qpy,c2aa48d9a586ff51206a7a84a4fd27fb126c1ab0297c4ec3122c3480079bff30,holography-on-ionq/Testing flow/Circuits/Data_batch/WH/Data_0000_000/84_Data_zeromagic_theta_0000_mu_000_bulk_YX_rx000_ry000_rz000_xx000.qpy,holography-on-ionq/Testing flow/wormhole_data_analysis.ipynb,WH10-D-C016,23a53462d3cc06e1,3,1250,1250
WH10,wh10_final_selected,0000_000,bulk,YY,85,85_Data_zeromagic_theta_0000_mu_000_bulk_YY_rx000_ry000_rz000_xx000.qpy,data/executed_circuits/WH10/0000_000/85_Data_zeromagic_theta_0000_mu_000_bulk_YY_rx000_ry000_rz000_xx000.qpy,4cb5283e2bca829d602458d376652dbd2175e6b899223a1172c016ad70d75963,holography-on-ionq/Testing flow/Circuits/Data_batch/WH/Data_0000_000/85_Data_zeromagic_theta_0000_mu_000_bulk_YY_rx000_ry000_rz000_xx000.qpy,holography-on-ionq/Testing flow/wormhole_data_analysis.ipynb,WH10-D-C016,23a53462d3cc06e1,3,1250,1250
WH10,wh10_final_selected,0000_000,bulk,YZ,86,86_Data_zeromagic_theta_0000_mu_000_bulk_YZ_rx000_ry000_rz000_xx000.qpy,data/executed_circuits/WH10/0000_000/86_Data_zeromagic_theta_0000_mu_000_bulk_YZ_rx000_ry000_rz000_xx000.qpy,56b6e27bc3fe2e7e6e6acbb3f9768559ed06e56fa743316bafd7785753b4637c,holography-on-ionq/Testing flow/Circuits/Data_batch/WH/Data_0000_000/86_Data_zeromagic_theta_0000_mu_000_bulk_YZ_rx000_ry000_rz000_xx000.qpy,holography-on-ionq/Testing flow/wormhole_data_analysis.ipynb,WH10-D-C016,23a53462d3cc06e1,3,1250,1250
WH10,wh10_final_selected,0000_000,bulk,ZX,87,87_Data_zeromagic_theta_0000_mu_000_bulk_ZX_rx000_ry000_rz000_xx000.qpy,data/executed_circuits/WH10/0000_000/87_Data_zeromagic_theta_0000_mu_000_bulk_ZX_rx000_ry000_rz000_xx000.qpy,0a1dc9b9096b6293a121b99e86bdfa4aab6a89632bbfaf53f11a0716be909cd8,holography-on-ionq/Testing flow/Circuits/Data_batch/WH/Data_0000_000/87_Data_zeromagic_theta_0000_mu_000_bulk_ZX_rx000_ry000_rz000_xx000.qpy,holography-on-ionq/Testing flow/wormhole_data_analysis.ipynb,WH10-D-C016,23a53462d3cc06e1,3,1250,1250
WH10,wh10_final_selected,0000_000,bulk,ZY,88,88_Data_zeromagic_theta_0000_mu_000_bulk_ZY_rx000_ry000_rz000_xx000.qpy,data/executed_circuits/WH10/0000_000/88_Data_zeromagic_theta_0000_mu_000_bulk_ZY_rx000_ry000_rz000_xx000.qpy,fef12993d8a93dd7fb13ac12db6126a60920b42f0a23419ab9c881d5cfed3571,holography-on-ionq/Testing flow/Circuits/Data_batch/WH/Data_0000_000/88_Data_zeromagic_theta_0000_mu_000_bulk_ZY_rx000_ry000_rz000_xx000.qpy,holography-on-ionq/Testing flow/wormhole_data_analysis.ipynb,WH10-D-C016,23a53462d3cc06e1,3,1250,1250
WH10,wh10_final_selected,0000_000,bulk,ZZ,89,89_Data_zeromagic_theta_0000_mu_000_bulk_ZZ_rx000_ry000_rz000_xx000.qpy,data/executed_circuits/WH10/0000_000/89_Data_zeromagic_theta_0000_mu_000_bulk_ZZ_rx000_ry000_rz000_xx000.qpy,3f23f1bc2f09c8d4f6ae197545f6f5d8cf51bfe39a0095225ed4d2af15449bc3,holography-on-ionq/Testing flow/Circuits/Data_batch/WH/Data_0000_000/89_Data_zeromagic_theta_0000_mu_000_bulk_ZZ_rx000_ry000_rz000_xx000.qpy,holography-on-ionq/Testing flow/wormhole_data_analysis.ipynb,WH10-D-C016,23a53462d3cc06e1,3,1250,1250
WH10,wh10_final_selected,0000_013,boundary,XXXX,0,00_Data_halfMagic_theta_0000_mu_013_bound_XXXX_rx005_ry010_rz000_xx013.qpy,data/executed_circuits/WH10/0000_013/00_Data_halfMagic_theta_0000_mu_013_bound_XXXX_rx005_ry010_rz000_xx013.qpy,7e60dd9fc22499b5078b5755e26500fbd917fc638a76755fe3680c7d61a1a713,holography-on-ionq/Testing flow/Circuits/Data_batch/WH/Data_0000_013/00_Data_halfMagic_theta_0000_mu_013_bound_XXXX_rx005_ry010_rz000_xx013.qpy,holography-on-ionq/Testing flow/wormhole_data_analysis.ipynb,WH10-D-C016,23a53462d3cc06e1,3,1500,1500
WH10,wh10_final_selected,0000_013,boundary,XXXY,1,01_Data_halfMagic_theta_0000_mu_013_bound_XXXY_rx005_ry010_rz000_xx013.qpy,data/executed_circuits/WH10/0000_013/01_Data_halfMagic_theta_0000_mu_013_bound_XXXY_rx005_ry010_rz000_xx013.qpy,5902e44e25f4a159fa549d850e20234569868ecb6ed8cdada32a0bba362c899a,holography-on-ionq/Testing flow/Circuits/Data_batch/WH/Data_0000_013/01_Data_halfMagic_theta_0000_mu_013_bound_XXXY_rx005_ry010_rz000_xx013.qpy,holography-on-ionq/Testing flow/wormhole_data_analysis.ipynb,WH10-D-C016,23a53462d3cc06e1,3,1500,1500
WH10,wh10_final_selected,0000_013,boundary,XXXZ,2,02_Data_halfMagic_theta_0000_mu_013_bound_XXXZ_rx005_ry010_rz000_xx013.qpy,data/executed_circuits/WH10/0000_013/02_Data_halfMagic_theta_0000_mu_013_bound_XXXZ_rx005_ry010_rz000_xx013.qpy,c4439832c49aebb202f71229ffe94c584b69ce5d379546f11fe9378f849a4096,holography-on-ionq/Testing flow/Circuits/Data_batch/WH/Data_0000_013/02_Data_halfMagic_theta_0000_mu_013_bound_XXXZ_rx005_ry010_rz000_xx013.qpy,holography-on-ionq/Testing flow/wormhole_data_analysis.ipynb,WH10-D-C016,23a53462d3cc06e1,3,1500,1500
WH10,wh10_final_selected,0000_013,boundary,XXYX,3,03_Data_halfMagic_theta_0000_mu_013_bound_XXYX_rx005_ry010_rz000_xx013.qpy,data/executed_circuits/WH10/0000_013/03_Data_halfMagic_theta_0000_mu_013_bound_XXYX_rx005_ry010_rz000_xx013.qpy,ecfde4fe3e700b2da6d452398b65f4f1a196bab8bbc4f88ebde6f30631479a6e,holography-on-ionq/Testing flow/Circuits/Data_batch/WH/Data_0000_013/03_Data_halfMagic_theta_0000_mu_013_bound_XXYX_rx005_ry010_rz000_xx013.qpy,holography-on-ionq/Testing flow/wormhole_data_analysis.ipynb,WH10-D-C016,23a53462d3cc06e1,3,1500,1500
WH10,wh10_final_selected,0000_013,boundary,XXYY,4,04_Data_halfMagic_theta_0000_mu_013_bound_XXYY_rx005_ry010_rz000_xx013.qpy,data/executed_circuits/WH10/0000_013/04_Data_halfMagic_theta_0000_mu_013_bound_XXYY_rx005_ry010_rz000_xx013.qpy,6dcbb55ff54bb1940e719c367e88d10e33231a854f856e3d3dac40752f1419f2,holography-on-ionq/Testing flow/Circuits/Data_batch/WH/Data_0000_013/04_Data_halfMagic_theta_0000_mu_013_bound_XXYY_rx005_ry010_rz000_xx013.qpy,holography-on-ionq/Testing flow/wormhole_data_analysis.ipynb,WH10-D-C016,23a53462d3cc06e1,3,1500,1500
WH10,wh10_final_selected,0000_013,boundary,XXYZ,5,05_Data_halfMagic_theta_0000_mu_013_bound_XXYZ_rx005_ry010_rz000_xx013.qpy,data/executed_circuits/WH10/0000_013/05_Data_halfMagic_theta_0000_mu_013_bound_XXYZ_rx005_ry010_rz000_xx013.qpy,e3fd19a0cd434e89a26680a3fa424869d328cfd12723ff88fdc13ba5591175d4,holography-on-ionq/Testing flow/Circuits/Data_batch/WH/Data_0000_013/05_Data_halfMagic_theta_0000_mu_013_bound_XXYZ_rx005_ry010_rz000_xx013.qpy,holography-on-ionq/Testing flow/wormhole_data_analysis.ipynb,WH10-D-C016,23a53462d3cc06e1,3,1500,1500
WH10,wh10_final_selected,0000_013,boundary,XXZX,6,06_Data_halfMagic_theta_0000_mu_013_bound_XXZX_rx005_ry010_rz000_xx013.qpy,data/executed_circuits/WH10/0000_013/06_Data_halfMagic_theta_0000_mu_013_bound_XXZX_rx005_ry010_rz000_xx013.qpy,7290994c08b22eef2d353e4556295e15efa528df87f87d51f1d18bd3c602a5d4,holography-on-ionq/Testing flow/Circuits/Data_batch/WH/Data_0000_013/06_Data_halfMagic_theta_0000_mu_013_bound_XXZX_rx005_ry010_rz000_xx013.qpy,holography-on-ionq/Testing flow/wormhole_data_analysis.ipynb,WH10-D-C016,23a53462d3cc06e1,3,1500,1500
WH10,wh10_final_selected,0000_013,boundary,XXZY,7,07_Data_halfMagic_theta_0000_mu_013_bound_XXZY_rx005_ry010_rz000_xx013.qpy,data/executed_circuits/WH10/0000_013/07_Data_halfMagic_theta_0000_mu_013_bound_XXZY_rx005_ry010_rz000_xx013.qpy,998bf42119e875590fcfe883dc5aa4bc18d8ad2894b264b355140315cc1b2a50,holography-on-ionq/Testing flow/Circuits/Data_batch/WH/Data_0000_013/07_Data_halfMagic_theta_0000_mu_013_bound_XXZY_rx005_ry010_rz000_xx013.qpy,holography-on-ionq/Testing flow/wormhole_data_analysis.ipynb,WH10-D-C016,23a53462d3cc06e1,3,1500,1500
WH10,wh10_final_selected,0000_013,boundary,XXZZ,8,08_Data_halfMagic_theta_0000_mu_013_bound_XXZZ_rx005_ry010_rz000_xx013.qpy,data/executed_circuits/WH10/0000_013/08_Data_halfMagic_theta_0000_mu_013_bound_XXZZ_rx005_ry010_rz000_xx013.qpy,eb2201b689168fe436cba1409659c58b65b85c9ec95778a5d5b6ce37911f4c9a,holography-on-ionq/Testing flow/Circuits/Data_batch/WH/Data_0000_013/08_Data_halfMagic_theta_0000_mu_013_bound_XXZZ_rx005_ry010_rz000_xx013.qpy,holography-on-ionq/Testing flow/wormhole_data_analysis.ipynb,WH10-D-C016,23a53462d3cc06e1,3,1500,1500
WH10,wh10_final_selected,0000_013,boundary,XYXX,9,09_Data_halfMagic_theta_0000_mu_013_bound_XYXX_rx005_ry010_rz000_xx013.qpy,data/executed_circuits/WH10/0000_013/09_Data_halfMagic_theta_0000_mu_013_bound_XYXX_rx005_ry010_rz000_xx013.qpy,65d92c4d10f53a66c92512e15d17a4637c08827886d9c2c25875dc060533fbad,holography-on-ionq/Testing flow/Circuits/Data_batch/WH/Data_0000_013/09_Data_halfMagic_theta_0000_mu_013_bound_XYXX_rx005_ry010_rz000_xx013.qpy,holography-on-ionq/Testing flow/wormhole_data_analysis.ipynb,WH10-D-C016,23a53462d3cc06e1,3,1500,1500
WH10,wh10_final_selected,0000_013,boundary,XYXY,10,10_Data_halfMagic_theta_0000_mu_013_bound_XYXY_rx005_ry010_rz000_xx013.qpy,data/executed_circuits/WH10/0000_013/10_Data_halfMagic_theta_0000_mu_013_bound_XYXY_rx005_ry010_rz000_xx013.qpy,4cd5a9cc12d3994b22108e9f4e173c0bab3c4b9f455dfa60ba02cffff6b6f6b4,holography-on-ionq/Testing flow/Circuits/Data_batch/WH/Data_0000_013/10_Data_halfMagic_theta_0000_mu_013_bound_XYXY_rx005_ry010_rz000_xx013.qpy,holography-on-ionq/Testing flow/wormhole_data_analysis.ipynb,WH10-D-C016,23a53462d3cc06e1,3,1500,1500
WH10,wh10_final_selected,0000_013,boundary,XYXZ,11,11_Data_halfMagic_theta_0000_mu_013_bound_XYXZ_rx005_ry010_rz000_xx013.qpy,data/executed_circuits/WH10/0000_013/11_Data_halfMagic_theta_0000_mu_013_bound_XYXZ_rx005_ry010_rz000_xx013.qpy,d87abbf23e06a2c33d1e8c3c2fbc318e2640ec585de3deb8230001d53c471540,holography-on-ionq/Testing flow/Circuits/Data_batch/WH/Data_0000_013/11_Data_halfMagic_theta_0000_mu_013_bound_XYXZ_rx005_ry010_rz000_xx013.qpy,holography-on-ionq/Testing flow/wormhole_data_analysis.ipynb,WH10-D-C016,23a53462d3cc06e1,3,1500,1500
WH10,wh10_final_selected,0000_013,boundary,XYYX,12,12_Data_halfMagic_theta_0000_mu_013_bound_XYYX_rx005_ry010_rz000_xx013.qpy,data/executed_circuits/WH10/0000_013/12_Data_halfMagic_theta_0000_mu_013_bound_XYYX_rx005_ry010_rz000_xx013.qpy,5ad76a1ee05e11438f14a8cf671f58509d601f912e34e0f9c55b199755517c91,holography-on-ionq/Testing flow/Circuits/Data_batch/WH/Data_0000_013/12_Data_halfMagic_theta_0000_mu_013_bound_XYYX_rx005_ry010_rz000_xx013.qpy,holography-on-ionq/Testing flow/wormhole_data_analysis.ipynb,WH10-D-C016,23a53462d3cc06e1,3,1500,1500
WH10,wh10_final_selected,0000_013,boundary,XYYY,13,13_Data_halfMagic_theta_0000_mu_013_bound_XYYY_rx005_ry010_rz000_xx013.qpy,data/executed_circuits/WH10/0000_013/13_Data_halfMagic_theta_0000_mu_013_bound_XYYY_rx005_ry010_rz000_xx013.qpy,bc7ddfaf4ebeb7e96b29a8ebe73974d2a92173cf201fa0a06fb09ec667f45b57,holography-on-ionq/Testing flow/Circuits/Data_batch/WH/Data_0000_013/13_Data_halfMagic_theta_0000_mu_013_bound_XYYY_rx005_ry010_rz000_xx013.qpy,holography-on-ionq/Testing flow/wormhole_data_analysis.ipynb,WH10-D-C016,23a53462d3cc06e1,3,1500,1500
WH10,wh10_final_selected,0000_013,boundary,XYYZ,14,14_Data_halfMagic_theta_0000_mu_013_bound_XYYZ_rx005_ry010_rz000_xx013.qpy,data/executed_circuits/WH10/0000_013/14_Data_halfMagic_theta_0000_mu_013_bound_XYYZ_rx005_ry010_rz000_xx013.qpy,8e488307ad0df2652fc55d9f573f9ce78716f9c38cf2dba1eef3ffa5179abda3,holography-on-ionq/Testing flow/Circuits/Data_batch/WH/Data_0000_013/14_Data_halfMagic_theta_0000_mu_013_bound_XYYZ_rx005_ry010_rz000_xx013.qpy,holography-on-ionq/Testing flow/wormhole_data_analysis.ipynb,WH10-D-C016,23a53462d3cc06e1,3,1500,1500
WH10,wh10_final_selected,0000_013,boundary,XYZX,15,15_Data_halfMagic_theta_0000_mu_013_bound_XYZX_rx005_ry010_rz000_xx013.qpy,data/executed_circuits/WH10/0000_013/15_Data_halfMagic_theta_0000_mu_013_bound_XYZX_rx005_ry010_rz000_xx013.qpy,c724e37f54831b13c2d6e9482ee9018a23b5a01ba481d87d38b08d06726bd0ff,holography-on-ionq/Testing flow/Circuits/Data_batch/WH/Data_0000_013/15_Data_halfMagic_theta_0000_mu_013_bound_XYZX_rx005_ry010_rz000_xx013.qpy,holography-on-ionq/Testing flow/wormhole_data_analysis.ipynb,WH10-D-C016,23a53462d3cc06e1,3,1500,1500
WH10,wh10_final_selected,0000_013,boundary,XYZY,16,16_Data_halfMagic_theta_0000_mu_013_bound_XYZY_rx005_ry010_rz000_xx013.qpy,data/executed_circuits/WH10/0000_013/16_Data_halfMagic_theta_0000_mu_013_bound_XYZY_rx005_ry010_rz000_xx013.qpy,947b2f1fdda3c3a2d44d66afae1daeabfbe61c71aafe2d41f573b3fb1628582b,holography-on-ionq/Testing flow/Circuits/Data_batch/WH/Data_0000_013/16_Data_halfMagic_theta_0000_mu_013_bound_XYZY_rx005_ry010_rz000_xx013.qpy,holography-on-ionq/Testing flow/wormhole_data_analysis.ipynb,WH10-D-C016,23a53462d3cc06e1,3,1500,1500
WH10,wh10_final_selected,0000_013,boundary,XYZZ,17,17_Data_halfMagic_theta_0000_mu_013_bound_XYZZ_rx005_ry010_rz000_xx013.qpy,data/executed_circuits/WH10/0000_013/17_Data_halfMagic_theta_0000_mu_013_bound_XYZZ_rx005_ry010_rz000_xx013.qpy,f04a4ed7c724f8b1ec0234858a98968b7faef4d4c054f871735b7dd13fb74b14,holography-on-ionq/Testing flow/Circuits/Data_batch/WH/Data_0000_013/17_Data_halfMagic_theta_0000_mu_013_bound_XYZZ_rx005_ry010_rz000_xx013.qpy,holography-on-ionq/Testing flow/wormhole_data_analysis.ipynb,WH10-D-C016,23a53462d3cc06e1,3,1500,1500
WH10,wh10_final_selected,0000_013,boundary,XZXX,18,18_Data_halfMagic_theta_0000_mu_013_bound_XZXX_rx005_ry010_rz000_xx013.qpy,data/executed_circuits/WH10/0000_013/18_Data_halfMagic_theta_0000_mu_013_bound_XZXX_rx005_ry010_rz000_xx013.qpy,7bdfb09e60be865220886eab54ab5ded4b5fbcab8b040c671d3a730468319886,holography-on-ionq/Testing flow/Circuits/Data_batch/WH/Data_0000_013/18_Data_halfMagic_theta_0000_mu_013_bound_XZXX_rx005_ry010_rz000_xx013.qpy,holography-on-ionq/Testing flow/wormhole_data_analysis.ipynb,WH10-D-C016,23a53462d3cc06e1,3,1500,1500
WH10,wh10_final_selected,0000_013,boundary,XZXY,19,19_Data_halfMagic_theta_0000_mu_013_bound_XZXY_rx005_ry010_rz000_xx013.qpy,data/executed_circuits/WH10/0000_013/19_Data_halfMagic_theta_0000_mu_013_bound_XZXY_rx005_ry010_rz000_xx013.qpy,865e70e9f251ca98e3ae170bfa9d32b6cf0ed1fda9844dd252b8cc8cb4a13536,holography-on-ionq/Testing flow/Circuits/Data_batch/WH/Data_0000_013/19_Data_halfMagic_theta_0000_mu_013_bound_XZXY_rx005_ry010_rz000_xx013.qpy,holography-on-ionq/Testing flow/wormhole_data_analysis.ipynb,WH10-D-C016,23a53462d3cc06e1,3,1500,1500
WH10,wh10_final_selected,0000_013,boundary,XZXZ,20,20_Data_halfMagic_theta_0000_mu_013_bound_XZXZ_rx005_ry010_rz000_xx013.qpy,data/executed_circuits/WH10/0000_013/20_Data_halfMagic_theta_0000_mu_013_bound_XZXZ_rx005_ry010_rz000_xx013.qpy,098d06ed95a4a7816d6b75db4971a5a6086531a5d0e78fc94691b5529a14b513,holography-on-ionq/Testing flow/Circuits/Data_batch/WH/Data_0000_013/20_Data_halfMagic_theta_0000_mu_013_bound_XZXZ_rx005_ry010_rz000_xx013.qpy,holography-on-ionq/Testing flow/wormhole_data_analysis.ipynb,WH10-D-C016,23a53462d3cc06e1,3,1500,1500
WH10,wh10_final_selected,0000_013,boundary,XZYX,21,21_Data_halfMagic_theta_0000_mu_013_bound_XZYX_rx005_ry010_rz000_xx013.qpy,data/executed_circuits/WH10/0000_013/21_Data_halfMagic_theta_0000_mu_013_bound_XZYX_rx005_ry010_rz000_xx013.qpy,6df08e9c779bbbcfc346d7a2c107e1dbebb74f815ae635dc957435b6c6e2edcf,holography-on-ionq/Testing flow/Circuits/Data_batch/WH/Data_0000_013/21_Data_halfMagic_theta_0000_mu_013_bound_XZYX_rx005_ry010_rz000_xx013.qpy,holography-on-ionq/Testing flow/wormhole_data_analysis.ipynb,WH10-D-C016,23a53462d3cc06e1,3,1500,1500
WH10,wh10_final_selected,0000_013,boundary,XZYY,22,22_Data_halfMagic_theta_0000_mu_013_bound_XZYY_rx005_ry010_rz000_xx013.qpy,data/executed_circuits/WH10/0000_013/22_Data_halfMagic_theta_0000_mu_013_bound_XZYY_rx005_ry010_rz000_xx013.qpy,fc53f3f3ffd7e0461a716fc7bfcd4b24e95f34ce31a048f9fbdbc48d808f3bbd,holography-on-ionq/Testing flow/Circuits/Data_batch/WH/Data_0000_013/22_Data_halfMagic_theta_0000_mu_013_bound_XZYY_rx005_ry010_rz000_xx013.qpy,holography-on-ionq/Testing flow/wormhole_data_analysis.ipynb,WH10-D-C016,23a53462d3cc06e1,3,1500,1500
WH10,wh10_final_selected,0000_013,boundary,XZYZ,23,23_Data_halfMagic_theta_0000_mu_013_bound_XZYZ_rx005_ry010_rz000_xx013.qpy,data/executed_circuits/WH10/0000_013/23_Data_halfMagic_theta_0000_mu_013_bound_XZYZ_rx005_ry010_rz000_xx013.qpy,89f1b107c76b0e91190a89e5a908e2d3fe778874b5a5c09eb4f3dc5db9210d0e,holography-on-ionq/Testing flow/Circuits/Data_batch/WH/Data_0000_013/23_Data_halfMagic_theta_0000_mu_013_bound_XZYZ_rx005_ry010_rz000_xx013.qpy,holography-on-ionq/Testing flow/wormhole_data_analysis.ipynb,WH10-D-C016,23a53462d3cc06e1,3,1500,1500
WH10,wh10_final_selected,0000_013,boundary,XZZX,24,24_Data_halfMagic_theta_0000_mu_013_bound_XZZX_rx005_ry010_rz000_xx013.qpy,data/executed_circuits/WH10/0000_013/24_Data_halfMagic_theta_0000_mu_013_bound_XZZX_rx005_ry010_rz000_xx013.qpy,ecc5cb40902a7c6de07acf6a92b5c160b5e44b9a59a1e04889d75b4855e1c998,holography-on-ionq/Testing flow/Circuits/Data_batch/WH/Data_0000_013/24_Data_halfMagic_theta_0000_mu_013_bound_XZZX_rx005_ry010_rz000_xx013.qpy,holography-on-ionq/Testing flow/wormhole_data_analysis.ipynb,WH10-D-C016,23a53462d3cc06e1,3,1500,1500
WH10,wh10_final_selected,0000_013,boundary,XZZY,25,25_Data_halfMagic_theta_0000_mu_013_bound_XZZY_rx005_ry010_rz000_xx013.qpy,data/executed_circuits/WH10/0000_013/25_Data_halfMagic_theta_0000_mu_013_bound_XZZY_rx005_ry010_rz000_xx013.qpy,dec59c7bb1336ee69e83426af7ba4da45d3520ab21de71c14c9657209f6acb6f,holography-on-ionq/Testing flow/Circuits/Data_batch/WH/Data_0000_013/25_Data_halfMagic_theta_0000_mu_013_bound_XZZY_rx005_ry010_rz000_xx013.qpy,holography-on-ionq/Testing flow/wormhole_data_analysis.ipynb,WH10-D-C016,23a53462d3cc06e1,3,1500,1500
WH10,wh10_final_selected,0000_013,boundary,XZZZ,26,26_Data_halfMagic_theta_0000_mu_013_bound_XZZZ_rx005_ry010_rz000_xx013.qpy,data/executed_circuits/WH10/0000_013/26_Data_halfMagic_theta_0000_mu_013_bound_XZZZ_rx005_ry010_rz000_xx013.qpy,0c502922f1a1a18e6f6dfbcb6a0122fbfa61e62894bb75caecaa16f7b701c537,holography-on-ionq/Testing flow/Circuits/Data_batch/WH/Data_0000_013/26_Data_halfMagic_theta_0000_mu_013_bound_XZZZ_rx005_ry010_rz000_xx013.qpy,holography-on-ionq/Testing flow/wormhole_data_analysis.ipynb,WH10-D-C016,23a53462d3cc06e1,3,1500,1500
WH10,wh10_final_selected,0000_013,boundary,YXXX,27,27_Data_halfMagic_theta_0000_mu_013_bound_YXXX_rx005_ry010_rz000_xx013.qpy,data/executed_circuits/WH10/0000_013/27_Data_halfMagic_theta_0000_mu_013_bound_YXXX_rx005_ry010_rz000_xx013.qpy,b1b811ec8dc483521c283b111c37b465972a65fda96fdba962a169b56c1e8133,holography-on-ionq/Testing flow/Circuits/Data_batch/WH/Data_0000_013/27_Data_halfMagic_theta_0000_mu_013_bound_YXXX_rx005_ry010_rz000_xx013.qpy,holography-on-ionq/Testing flow/wormhole_data_analysis.ipynb,WH10-D-C016,23a53462d3cc06e1,3,1500,1500
WH10,wh10_final_selected,0000_013,boundary,YXXY,28,28_Data_halfMagic_theta_0000_mu_013_bound_YXXY_rx005_ry010_rz000_xx013.qpy,data/executed_circuits/WH10/0000_013/28_Data_halfMagic_theta_0000_mu_013_bound_YXXY_rx005_ry010_rz000_xx013.qpy,bfe6f58d933f9be9a0fc70bd827229d250aa6d56a16d79a9c6203fc92c323023,holography-on-ionq/Testing flow/Circuits/Data_batch/WH/Data_0000_013/28_Data_halfMagic_theta_0000_mu_013_bound_YXXY_rx005_ry010_rz000_xx013.qpy,holography-on-ionq/Testing flow/wormhole_data_analysis.ipynb,WH10-D-C016,23a53462d3cc06e1,3,1500,1500
WH10,wh10_final_selected,0000_013,boundary,YXXZ,29,29_Data_halfMagic_theta_0000_mu_013_bound_YXXZ_rx005_ry010_rz000_xx013.qpy,data/executed_circuits/WH10/0000_013/29_Data_halfMagic_theta_0000_mu_013_bound_YXXZ_rx005_ry010_rz000_xx013.qpy,a552a9098f27061a3b6c019e998a3a67282f28af18d67647ab060b660839c2f6,holography-on-ionq/Testing flow/Circuits/Data_batch/WH/Data_0000_013/29_Data_halfMagic_theta_0000_mu_013_bound_YXXZ_rx005_ry010_rz000_xx013.qpy,holography-on-ionq/Testing flow/wormhole_data_analysis.ipynb,WH10-D-C016,23a53462d3cc06e1,3,1500,1500
WH10,wh10_final_selected,0000_013,boundary,YXYX,30,30_Data_halfMagic_theta_0000_mu_013_bound_YXYX_rx005_ry010_rz000_xx013.qpy,data/executed_circuits/WH10/0000_013/30_Data_halfMagic_theta_0000_mu_013_bound_YXYX_rx005_ry010_rz000_xx013.qpy,1df5e889627455beafce3f0aba49458cfe39c4388ef546f34f46af6c1893146f,holography-on-ionq/Testing flow/Circuits/Data_batch/WH/Data_0000_013/30_Data_halfMagic_theta_0000_mu_013_bound_YXYX_rx005_ry010_rz000_xx013.qpy,holography-on-ionq/Testing flow/wormhole_data_analysis.ipynb,WH10-D-C016,23a53462d3cc06e1,3,1500,1500
WH10,wh10_final_selected,0000_013,boundary,YXYY,31,31_Data_halfMagic_theta_0000_mu_013_bound_YXYY_rx005_ry010_rz000_xx013.qpy,data/executed_circuits/WH10/0000_013/31_Data_halfMagic_theta_0000_mu_013_bound_YXYY_rx005_ry010_rz000_xx013.qpy,f5224ab7ac7dc6c3cf5bc7aa4d565d1f479b5647d6c299dfab550669e259ea80,holography-on-ionq/Testing flow/Circuits/Data_batch/WH/Data_0000_013/31_Data_halfMagic_theta_0000_mu_013_bound_YXYY_rx005_ry010_rz000_xx013.qpy,holography-on-ionq/Testing flow/wormhole_data_analysis.ipynb,WH10-D-C016,23a53462d3cc06e1,3,1500,1500
WH10,wh10_final_selected,0000_013,boundary,YXYZ,32,32_Data_halfMagic_theta_0000_mu_013_bound_YXYZ_rx005_ry010_rz000_xx013.qpy,data/executed_circuits/WH10/0000_013/32_Data_halfMagic_theta_0000_mu_013_bound_YXYZ_rx005_ry010_rz000_xx013.qpy,72c166596eca65f04bd16dec0c4dc3fedc11bc66b8cf8b1d74805e77c129776a,holography-on-ionq/Testing flow/Circuits/Data_batch/WH/Data_0000_013/32_Data_halfMagic_theta_0000_mu_013_bound_YXYZ_rx005_ry010_rz000_xx013.qpy,holography-on-ionq/Testing flow/wormhole_data_analysis.ipynb,WH10-D-C016,23a53462d3cc06e1,3,1500,1500
WH10,wh10_final_selected,0000_013,boundary,YXZX,33,33_Data_halfMagic_theta_0000_mu_013_bound_YXZX_rx005_ry010_rz000_xx013.qpy,data/executed_circuits/WH10/0000_013/33_Data_halfMagic_theta_0000_mu_013_bound_YXZX_rx005_ry010_rz000_xx013.qpy,a04060075bd4db18fdcbea177e62de5a2cb2fa4f63e85975d204fece8d7cd43a,holography-on-ionq/Testing flow/Circuits/Data_batch/WH/Data_0000_013/33_Data_halfMagic_theta_0000_mu_013_bound_YXZX_rx005_ry010_rz000_xx013.qpy,holography-on-ionq/Testing flow/wormhole_data_analysis.ipynb,WH10-D-C016,23a53462d3cc06e1,3,1500,1500
WH10,wh10_final_selected,0000_013,boundary,YXZY,34,34_Data_halfMagic_theta_0000_mu_013_bound_YXZY_rx005_ry010_rz000_xx013.qpy,data/executed_circuits/WH10/0000_013/34_Data_halfMagic_theta_0000_mu_013_bound_YXZY_rx005_ry010_rz000_xx013.qpy,e14c662845078b8381dfb0ea3cbbe8912b44e75fd3800f4d71e0ecb9de8c047a,holography-on-ionq/Testing flow/Circuits/Data_batch/WH/Data_0000_013/34_Data_halfMagic_theta_0000_mu_013_bound_YXZY_rx005_ry010_rz000_xx013.qpy,holography-on-ionq/Testing flow/wormhole_data_analysis.ipynb,WH10-D-C016,23a53462d3cc06e1,3,1500,1500
WH10,wh10_final_selected,0000_013,boundary,YXZZ,35,35_Data_halfMagic_theta_0000_mu_013_bound_YXZZ_rx005_ry010_rz000_xx013.qpy,data/executed_circuits/WH10/0000_013/35_Data_halfMagic_theta_0000_mu_013_bound_YXZZ_rx005_ry010_rz000_xx013.qpy,6c2e5ebbddbe391edf0aa9308bc58c9a915b262b7bfc44cda746efe3ae8479dd,holography-on-ionq/Testing flow/Circuits/Data_batch/WH/Data_0000_013/35_Data_halfMagic_theta_0000_mu_013_bound_YXZZ_rx005_ry010_rz000_xx013.qpy,holography-on-ionq/Testing flow/wormhole_data_analysis.ipynb,WH10-D-C016,23a53462d3cc06e1,3,1500,1500
WH10,wh10_final_selected,0000_013,boundary,YYXX,36,36_Data_halfMagic_theta_0000_mu_013_bound_YYXX_rx005_ry010_rz000_xx013.qpy,data/executed_circuits/WH10/0000_013/36_Data_halfMagic_theta_0000_mu_013_bound_YYXX_rx005_ry010_rz000_xx013.qpy,605a3b930e31550d3ce4c295efef66b206df5ed0f65ee9a861cc52cafd995a42,holography-on-ionq/Testing flow/Circuits/Data_batch/WH/Data_0000_013/36_Data_halfMagic_theta_0000_mu_013_bound_YYXX_rx005_ry010_rz000_xx013.qpy,holography-on-ionq/Testing flow/wormhole_data_analysis.ipynb,WH10-D-C016,23a53462d3cc06e1,3,1500,1500
WH10,wh10_final_selected,0000_013,boundary,YYXY,37,37_Data_halfMagic_theta_0000_mu_013_bound_YYXY_rx005_ry010_rz000_xx013.qpy,data/executed_circuits/WH10/0000_013/37_Data_halfMagic_theta_0000_mu_013_bound_YYXY_rx005_ry010_rz000_xx013.qpy,322f5a81b6588e2cc790b0d4bc0b21e7c47054eae19f8c8c60629be342a9d67f,holography-on-ionq/Testing flow/Circuits/Data_batch/WH/Data_0000_013/37_Data_halfMagic_theta_0000_mu_013_bound_YYXY_rx005_ry010_rz000_xx013.qpy,holography-on-ionq/Testing flow/wormhole_data_analysis.ipynb,WH10-D-C016,23a53462d3cc06e1,3,1500,1500
WH10,wh10_final_selected,0000_013,boundary,YYXZ,38,38_Data_halfMagic_theta_0000_mu_013_bound_YYXZ_rx005_ry010_rz000_xx013.qpy,data/executed_circuits/WH10/0000_013/38_Data_halfMagic_theta_0000_mu_013_bound_YYXZ_rx005_ry010_rz000_xx013.qpy,337de140de1ceac81fb14f8c53e033c1e19105af8c0d38c61556f6a64dd109a9,holography-on-ionq/Testing flow/Circuits/Data_batch/WH/Data_0000_013/38_Data_halfMagic_theta_0000_mu_013_bound_YYXZ_rx005_ry010_rz000_xx013.qpy,holography-on-ionq/Testing flow/wormhole_data_analysis.ipynb,WH10-D-C016,23a53462d3cc06e1,3,1500,1500
WH10,wh10_final_selected,0000_013,boundary,YYYX,39,39_Data_halfMagic_theta_0000_mu_013_bound_YYYX_rx005_ry010_rz000_xx013.qpy,data/executed_circuits/WH10/0000_013/39_Data_halfMagic_theta_0000_mu_013_bound_YYYX_rx005_ry010_rz000_xx013.qpy,b5244a2633a0f9bb0f0ca7f4624297c58053b4ddd9714a751d182d0de50ec200,holography-on-ionq/Testing flow/Circuits/Data_batch/WH/Data_0000_013/39_Data_halfMagic_theta_0000_mu_013_bound_YYYX_rx005_ry010_rz000_xx013.qpy,holography-on-ionq/Testing flow/wormhole_data_analysis.ipynb,WH10-D-C016,23a53462d3cc06e1,3,1500,1500
WH10,wh10_final_selected,0000_013,boundary,YYYY,40,40_Data_halfMagic_theta_0000_mu_013_bound_YYYY_rx005_ry010_rz000_xx013.qpy,data/executed_circuits/WH10/0000_013/40_Data_halfMagic_theta_0000_mu_013_bound_YYYY_rx005_ry010_rz000_xx013.qpy,2d0a7bab5743ea27efa639376d03da5ef18aa867e0d3e8e5c3f4a556dbae602e,holography-on-ionq/Testing flow/Circuits/Data_batch/WH/Data_0000_013/40_Data_halfMagic_theta_0000_mu_013_bound_YYYY_rx005_ry010_rz000_xx013.qpy,holography-on-ionq/Testing flow/wormhole_data_analysis.ipynb,WH10-D-C016,23a53462d3cc06e1,3,1500,1500
WH10,wh10_final_selected,0000_013,boundary,YYYZ,41,41_Data_halfMagic_theta_0000_mu_013_bound_YYYZ_rx005_ry010_rz000_xx013.qpy,data/executed_circuits/WH10/0000_013/41_Data_halfMagic_theta_0000_mu_013_bound_YYYZ_rx005_ry010_rz000_xx013.qpy,2f798daf8ecaa97f3c8214ac1a74511ea36395b3960e792cf158b41f3e822bb4,holography-on-ionq/Testing flow/Circuits/Data_batch/WH/Data_0000_013/41_Data_halfMagic_theta_0000_mu_013_bound_YYYZ_rx005_ry010_rz000_xx013.qpy,holography-on-ionq/Testing flow/wormhole_data_analysis.ipynb,WH10-D-C016,23a53462d3cc06e1,3,1500,1500
WH10,wh10_final_selected,0000_013,boundary,YYZX,42,42_Data_halfMagic_theta_0000_mu_013_bound_YYZX_rx005_ry010_rz000_xx013.qpy,data/executed_circuits/WH10/0000_013/42_Data_halfMagic_theta_0000_mu_013_bound_YYZX_rx005_ry010_rz000_xx013.qpy,1eca9977e304511cde416231c94110cc518352bcbd6de9ea1b6ca5a9131f6295,holography-on-ionq/Testing flow/Circuits/Data_batch/WH/Data_0000_013/42_Data_halfMagic_theta_0000_mu_013_bound_YYZX_rx005_ry010_rz000_xx013.qpy,holography-on-ionq/Testing flow/wormhole_data_analysis.ipynb,WH10-D-C016,23a53462d3cc06e1,3,1500,1500
WH10,wh10_final_selected,0000_013,boundary,YYZY,43,43_Data_halfMagic_theta_0000_mu_013_bound_YYZY_rx005_ry010_rz000_xx013.qpy,data/executed_circuits/WH10/0000_013/43_Data_halfMagic_theta_0000_mu_013_bound_YYZY_rx005_ry010_rz000_xx013.qpy,1292fcf83b3ea0cff2df46a7863068d1f8c845f067d8c707b354d74632009916,holography-on-ionq/Testing flow/Circuits/Data_batch/WH/Data_0000_013/43_Data_halfMagic_theta_0000_mu_013_bound_YYZY_rx005_ry010_rz000_xx013.qpy,holography-on-ionq/Testing flow/wormhole_data_analysis.ipynb,WH10-D-C016,23a53462d3cc06e1,3,1500,1500
WH10,wh10_final_selected,0000_013,boundary,YYZZ,44,44_Data_halfMagic_theta_0000_mu_013_bound_YYZZ_rx005_ry010_rz000_xx013.qpy,data/executed_circuits/WH10/0000_013/44_Data_halfMagic_theta_0000_mu_013_bound_YYZZ_rx005_ry010_rz000_xx013.qpy,c2621f48637a1c9b81efa3dce0a170bcca2fbd67b877d157e7e2c6efa5937064,holography-on-ionq/Testing flow/Circuits/Data_batch/WH/Data_0000_013/44_Data_halfMagic_theta_0000_mu_013_bound_YYZZ_rx005_ry010_rz000_xx013.qpy,holography-on-ionq/Testing flow/wormhole_data_analysis.ipynb,WH10-D-C016,23a53462d3cc06e1,3,1500,1500
WH10,wh10_final_selected,0000_013,boundary,YZXX,45,45_Data_halfMagic_theta_0000_mu_013_bound_YZXX_rx005_ry010_rz000_xx013.qpy,data/executed_circuits/WH10/0000_013/45_Data_halfMagic_theta_0000_mu_013_bound_YZXX_rx005_ry010_rz000_xx013.qpy,3ca17b8a9103c543122a0d725c808c212fb51b9dabb2152eb57c68f51f9d4b8f,holography-on-ionq/Testing flow/Circuits/Data_batch/WH/Data_0000_013/45_Data_halfMagic_theta_0000_mu_013_bound_YZXX_rx005_ry010_rz000_xx013.qpy,holography-on-ionq/Testing flow/wormhole_data_analysis.ipynb,WH10-D-C016,23a53462d3cc06e1,3,1500,1500
WH10,wh10_final_selected,0000_013,boundary,YZXY,46,46_Data_halfMagic_theta_0000_mu_013_bound_YZXY_rx005_ry010_rz000_xx013.qpy,data/executed_circuits/WH10/0000_013/46_Data_halfMagic_theta_0000_mu_013_bound_YZXY_rx005_ry010_rz000_xx013.qpy,0dea6d170102ae534ecf2b08b59e456d52307d528fb19e7c4633f587c71d024d,holography-on-ionq/Testing flow/Circuits/Data_batch/WH/Data_0000_013/46_Data_halfMagic_theta_0000_mu_013_bound_YZXY_rx005_ry010_rz000_xx013.qpy,holography-on-ionq/Testing flow/wormhole_data_analysis.ipynb,WH10-D-C016,23a53462d3cc06e1,3,1500,1500
WH10,wh10_final_selected,0000_013,boundary,YZXZ,47,47_Data_halfMagic_theta_0000_mu_013_bound_YZXZ_rx005_ry010_rz000_xx013.qpy,data/executed_circuits/WH10/0000_013/47_Data_halfMagic_theta_0000_mu_013_bound_YZXZ_rx005_ry010_rz000_xx013.qpy,3f759cd385f7b9d3bf0aff5ca32455839d1fcc12fac4a781b03d85c28ece3a96,holography-on-ionq/Testing flow/Circuits/Data_batch/WH/Data_0000_013/47_Data_halfMagic_theta_0000_mu_013_bound_YZXZ_rx005_ry010_rz000_xx013.qpy,holography-on-ionq/Testing flow/wormhole_data_analysis.ipynb,WH10-D-C016,23a53462d3cc06e1,3,1500,1500
WH10,wh10_final_selected,0000_013,boundary,YZYX,48,48_Data_halfMagic_theta_0000_mu_013_bound_YZYX_rx005_ry010_rz000_xx013.qpy,data/executed_circuits/WH10/0000_013/48_Data_halfMagic_theta_0000_mu_013_bound_YZYX_rx005_ry010_rz000_xx013.qpy,9d09323ef6433b54f0adc229dd6210e4ec4f7e19dc436404d504b526eebf8676,holography-on-ionq/Testing flow/Circuits/Data_batch/WH/Data_0000_013/48_Data_halfMagic_theta_0000_mu_013_bound_YZYX_rx005_ry010_rz000_xx013.qpy,holography-on-ionq/Testing flow/wormhole_data_analysis.ipynb,WH10-D-C016,23a53462d3cc06e1,3,1500,1500
WH10,wh10_final_selected,0000_013,boundary,YZYY,49,49_Data_halfMagic_theta_0000_mu_013_bound_YZYY_rx005_ry010_rz000_xx013.qpy,data/executed_circuits/WH10/0000_013/49_Data_halfMagic_theta_0000_mu_013_bound_YZYY_rx005_ry010_rz000_xx013.qpy,ed9d485ae82b59f523b2699dba013af1279ce6bd30e2b764450684ad13822ce3,holography-on-ionq/Testing flow/Circuits/Data_batch/WH/Data_0000_013/49_Data_halfMagic_theta_0000_mu_013_bound_YZYY_rx005_ry010_rz000_xx013.qpy,holography-on-ionq/Testing flow/wormhole_data_analysis.ipynb,WH10-D-C016,23a53462d3cc06e1,3,1500,1500
WH10,wh10_final_selected,0000_013,boundary,YZYZ,50,50_Data_halfMagic_theta_0000_mu_013_bound_YZYZ_rx005_ry010_rz000_xx013.qpy,data/executed_circuits/WH10/0000_013/50_Data_halfMagic_theta_0000_mu_013_bound_YZYZ_rx005_ry010_rz000_xx013.qpy,5c034f69e0ac6e24f0d56f2e7e0277daeb82dd74a1ff4ea0abeeee2b5d459d55,holography-on-ionq/Testing flow/Circuits/Data_batch/WH/Data_0000_013/50_Data_halfMagic_theta_0000_mu_013_bound_YZYZ_rx005_ry010_rz000_xx013.qpy,holography-on-ionq/Testing flow/wormhole_data_analysis.ipynb,WH10-D-C016,23a53462d3cc06e1,3,1500,1500
WH10,wh10_final_selected,0000_013,boundary,YZZX,51,51_Data_halfMagic_theta_0000_mu_013_bound_YZZX_rx005_ry010_rz000_xx013.qpy,data/executed_circuits/WH10/0000_013/51_Data_halfMagic_theta_0000_mu_013_bound_YZZX_rx005_ry010_rz000_xx013.qpy,7ef9a331173c76d39b03ee790fed3f7860b19c23d3c8072afd1f142f85c71274,holography-on-ionq/Testing flow/Circuits/Data_batch/WH/Data_0000_013/51_Data_halfMagic_theta_0000_mu_013_bound_YZZX_rx005_ry010_rz000_xx013.qpy,holography-on-ionq/Testing flow/wormhole_data_analysis.ipynb,WH10-D-C016,23a53462d3cc06e1,3,1500,1500
WH10,wh10_final_selected,0000_013,boundary,YZZY,52,52_Data_halfMagic_theta_0000_mu_013_bound_YZZY_rx005_ry010_rz000_xx013.qpy,data/executed_circuits/WH10/0000_013/52_Data_halfMagic_theta_0000_mu_013_bound_YZZY_rx005_ry010_rz000_xx013.qpy,b46b7c8d723d87062af38df61fa2fc52243f0f7addf3bbb929ab8874b3b455c1,holography-on-ionq/Testing flow/Circuits/Data_batch/WH/Data_0000_013/52_Data_halfMagic_theta_0000_mu_013_bound_YZZY_rx005_ry010_rz000_xx013.qpy,holography-on-ionq/Testing flow/wormhole_data_analysis.ipynb,WH10-D-C016,23a53462d3cc06e1,3,1500,1500
WH10,wh10_final_selected,0000_013,boundary,YZZZ,53,53_Data_halfMagic_theta_0000_mu_013_bound_YZZZ_rx005_ry010_rz000_xx013.qpy,data/executed_circuits/WH10/0000_013/53_Data_halfMagic_theta_0000_mu_013_bound_YZZZ_rx005_ry010_rz000_xx013.qpy,8c722b34d170a0ea6f38fd09d490292ee17e8c59e8a837fed83e278579d0d27b,holography-on-ionq/Testing flow/Circuits/Data_batch/WH/Data_0000_013/53_Data_halfMagic_theta_0000_mu_013_bound_YZZZ_rx005_ry010_rz000_xx013.qpy,holography-on-ionq/Testing flow/wormhole_data_analysis.ipynb,WH10-D-C016,23a53462d3cc06e1,3,1500,1500
WH10,wh10_final_selected,0000_013,boundary,ZXXX,54,54_Data_halfMagic_theta_0000_mu_013_bound_ZXXX_rx005_ry010_rz000_xx013.qpy,data/executed_circuits/WH10/0000_013/54_Data_halfMagic_theta_0000_mu_013_bound_ZXXX_rx005_ry010_rz000_xx013.qpy,427c1e9ae4e20107d7c5eb9011c60ef8c13da501f652de7f31354432cfbd0ff6,holography-on-ionq/Testing flow/Circuits/Data_batch/WH/Data_0000_013/54_Data_halfMagic_theta_0000_mu_013_bound_ZXXX_rx005_ry010_rz000_xx013.qpy,holography-on-ionq/Testing flow/wormhole_data_analysis.ipynb,WH10-D-C016,23a53462d3cc06e1,3,1500,1500
WH10,wh10_final_selected,0000_013,boundary,ZXXY,55,55_Data_halfMagic_theta_0000_mu_013_bound_ZXXY_rx005_ry010_rz000_xx013.qpy,data/executed_circuits/WH10/0000_013/55_Data_halfMagic_theta_0000_mu_013_bound_ZXXY_rx005_ry010_rz000_xx013.qpy,10a8ca490c8febdb66987349420d0325b9f4a3e5cbb9a3a31a48daee967aad30,holography-on-ionq/Testing flow/Circuits/Data_batch/WH/Data_0000_013/55_Data_halfMagic_theta_0000_mu_013_bound_ZXXY_rx005_ry010_rz000_xx013.qpy,holography-on-ionq/Testing flow/wormhole_data_analysis.ipynb,WH10-D-C016,23a53462d3cc06e1,3,1500,1500
WH10,wh10_final_selected,0000_013,boundary,ZXXZ,56,56_Data_halfMagic_theta_0000_mu_013_bound_ZXXZ_rx005_ry010_rz000_xx013.qpy,data/executed_circuits/WH10/0000_013/56_Data_halfMagic_theta_0000_mu_013_bound_ZXXZ_rx005_ry010_rz000_xx013.qpy,f5464c6808bd39ac5b88ffc8c8ba4983d4f8193b2bf652d62dfccbd547bf82e1,holography-on-ionq/Testing flow/Circuits/Data_batch/WH/Data_0000_013/56_Data_halfMagic_theta_0000_mu_013_bound_ZXXZ_rx005_ry010_rz000_xx013.qpy,holography-on-ionq/Testing flow/wormhole_data_analysis.ipynb,WH10-D-C016,23a53462d3cc06e1,3,1500,1500
WH10,wh10_final_selected,0000_013,boundary,ZXYX,57,57_Data_halfMagic_theta_0000_mu_013_bound_ZXYX_rx005_ry010_rz000_xx013.qpy,data/executed_circuits/WH10/0000_013/57_Data_halfMagic_theta_0000_mu_013_bound_ZXYX_rx005_ry010_rz000_xx013.qpy,1871a93db57f1f08f7e6d28287cb3f3bcc609bd9f8845b24445e26a7be1b99d3,holography-on-ionq/Testing flow/Circuits/Data_batch/WH/Data_0000_013/57_Data_halfMagic_theta_0000_mu_013_bound_ZXYX_rx005_ry010_rz000_xx013.qpy,holography-on-ionq/Testing flow/wormhole_data_analysis.ipynb,WH10-D-C016,23a53462d3cc06e1,3,1500,1500
WH10,wh10_final_selected,0000_013,boundary,ZXYY,58,58_Data_halfMagic_theta_0000_mu_013_bound_ZXYY_rx005_ry010_rz000_xx013.qpy,data/executed_circuits/WH10/0000_013/58_Data_halfMagic_theta_0000_mu_013_bound_ZXYY_rx005_ry010_rz000_xx013.qpy,2b0f50ec31fd74b6a05349e381f0a01afab5841be8caf4008fe6dde62eeb1ade,holography-on-ionq/Testing flow/Circuits/Data_batch/WH/Data_0000_013/58_Data_halfMagic_theta_0000_mu_013_bound_ZXYY_rx005_ry010_rz000_xx013.qpy,holography-on-ionq/Testing flow/wormhole_data_analysis.ipynb,WH10-D-C016,23a53462d3cc06e1,3,1500,1500
WH10,wh10_final_selected,0000_013,boundary,ZXYZ,59,59_Data_halfMagic_theta_0000_mu_013_bound_ZXYZ_rx005_ry010_rz000_xx013.qpy,data/executed_circuits/WH10/0000_013/59_Data_halfMagic_theta_0000_mu_013_bound_ZXYZ_rx005_ry010_rz000_xx013.qpy,9422df10a5a6f32b4181a53908c5bf1b3d98f446b9bb267d63644e3522a3b08f,holography-on-ionq/Testing flow/Circuits/Data_batch/WH/Data_0000_013/59_Data_halfMagic_theta_0000_mu_013_bound_ZXYZ_rx005_ry010_rz000_xx013.qpy,holography-on-ionq/Testing flow/wormhole_data_analysis.ipynb,WH10-D-C016,23a53462d3cc06e1,3,1500,1500
WH10,wh10_final_selected,0000_013,boundary,ZXZX,60,60_Data_halfMagic_theta_0000_mu_013_bound_ZXZX_rx005_ry010_rz000_xx013.qpy,data/executed_circuits/WH10/0000_013/60_Data_halfMagic_theta_0000_mu_013_bound_ZXZX_rx005_ry010_rz000_xx013.qpy,973638352331a983a090651157e5d3ab69f3378d0de91d2607d151f347b91e10,holography-on-ionq/Testing flow/Circuits/Data_batch/WH/Data_0000_013/60_Data_halfMagic_theta_0000_mu_013_bound_ZXZX_rx005_ry010_rz000_xx013.qpy,holography-on-ionq/Testing flow/wormhole_data_analysis.ipynb,WH10-D-C016,23a53462d3cc06e1,3,1500,1500
WH10,wh10_final_selected,0000_013,boundary,ZXZY,61,61_Data_halfMagic_theta_0000_mu_013_bound_ZXZY_rx005_ry010_rz000_xx013.qpy,data/executed_circuits/WH10/0000_013/61_Data_halfMagic_theta_0000_mu_013_bound_ZXZY_rx005_ry010_rz000_xx013.qpy,20ccb21fccdd03806acaf63604d39a59e4ce6e454ba8ac3bc05c933c15103433,holography-on-ionq/Testing flow/Circuits/Data_batch/WH/Data_0000_013/61_Data_halfMagic_theta_0000_mu_013_bound_ZXZY_rx005_ry010_rz000_xx013.qpy,holography-on-ionq/Testing flow/wormhole_data_analysis.ipynb,WH10-D-C016,23a53462d3cc06e1,3,1500,1500
WH10,wh10_final_selected,0000_013,boundary,ZXZZ,62,62_Data_halfMagic_theta_0000_mu_013_bound_ZXZZ_rx005_ry010_rz000_xx013.qpy,data/executed_circuits/WH10/0000_013/62_Data_halfMagic_theta_0000_mu_013_bound_ZXZZ_rx005_ry010_rz000_xx013.qpy,fed1faabea90958e1dd72fa88fd11e9cd10f111590c8f178e07752dffa42267e,holography-on-ionq/Testing flow/Circuits/Data_batch/WH/Data_0000_013/62_Data_halfMagic_theta_0000_mu_013_bound_ZXZZ_rx005_ry010_rz000_xx013.qpy,holography-on-ionq/Testing flow/wormhole_data_analysis.ipynb,WH10-D-C016,23a53462d3cc06e1,3,1500,1500
WH10,wh10_final_selected,0000_013,boundary,ZYXX,63,63_Data_halfMagic_theta_0000_mu_013_bound_ZYXX_rx005_ry010_rz000_xx013.qpy,data/executed_circuits/WH10/0000_013/63_Data_halfMagic_theta_0000_mu_013_bound_ZYXX_rx005_ry010_rz000_xx013.qpy,74dfa420774fe8c72b86e067c07402deff6f939b4c1117525b0af8494806c856,holography-on-ionq/Testing flow/Circuits/Data_batch/WH/Data_0000_013/63_Data_halfMagic_theta_0000_mu_013_bound_ZYXX_rx005_ry010_rz000_xx013.qpy,holography-on-ionq/Testing flow/wormhole_data_analysis.ipynb,WH10-D-C016,23a53462d3cc06e1,3,1500,1500
WH10,wh10_final_selected,0000_013,boundary,ZYXY,64,64_Data_halfMagic_theta_0000_mu_013_bound_ZYXY_rx005_ry010_rz000_xx013.qpy,data/executed_circuits/WH10/0000_013/64_Data_halfMagic_theta_0000_mu_013_bound_ZYXY_rx005_ry010_rz000_xx013.qpy,8ac56b2a3f1e9fa888c095b2e0da0d953c3bba49492c853f8f502a72a4952eed,holography-on-ionq/Testing flow/Circuits/Data_batch/WH/Data_0000_013/64_Data_halfMagic_theta_0000_mu_013_bound_ZYXY_rx005_ry010_rz000_xx013.qpy,holography-on-ionq/Testing flow/wormhole_data_analysis.ipynb,WH10-D-C016,23a53462d3cc06e1,3,1500,1500
WH10,wh10_final_selected,0000_013,boundary,ZYXZ,65,65_Data_halfMagic_theta_0000_mu_013_bound_ZYXZ_rx005_ry010_rz000_xx013.qpy,data/executed_circuits/WH10/0000_013/65_Data_halfMagic_theta_0000_mu_013_bound_ZYXZ_rx005_ry010_rz000_xx013.qpy,b1e3dbad34d007a886c1750659824d1c887611edd887571cc9adf1615ded93f1,holography-on-ionq/Testing flow/Circuits/Data_batch/WH/Data_0000_013/65_Data_halfMagic_theta_0000_mu_013_bound_ZYXZ_rx005_ry010_rz000_xx013.qpy,holography-on-ionq/Testing flow/wormhole_data_analysis.ipynb,WH10-D-C016,23a53462d3cc06e1,3,1500,1500
WH10,wh10_final_selected,0000_013,boundary,ZYYX,66,66_Data_halfMagic_theta_0000_mu_013_bound_ZYYX_rx005_ry010_rz000_xx013.qpy,data/executed_circuits/WH10/0000_013/66_Data_halfMagic_theta_0000_mu_013_bound_ZYYX_rx005_ry010_rz000_xx013.qpy,da258889a30a0764e5d850c414e4bebe2efbe7c448d69dfae6194e323a234972,holography-on-ionq/Testing flow/Circuits/Data_batch/WH/Data_0000_013/66_Data_halfMagic_theta_0000_mu_013_bound_ZYYX_rx005_ry010_rz000_xx013.qpy,holography-on-ionq/Testing flow/wormhole_data_analysis.ipynb,WH10-D-C016,23a53462d3cc06e1,3,1500,1500
WH10,wh10_final_selected,0000_013,boundary,ZYYY,67,67_Data_halfMagic_theta_0000_mu_013_bound_ZYYY_rx005_ry010_rz000_xx013.qpy,data/executed_circuits/WH10/0000_013/67_Data_halfMagic_theta_0000_mu_013_bound_ZYYY_rx005_ry010_rz000_xx013.qpy,1dff7a0eb87f8b7e6c579c687b57189c5bcb63145fe04f221cab833fecff6d63,holography-on-ionq/Testing flow/Circuits/Data_batch/WH/Data_0000_013/67_Data_halfMagic_theta_0000_mu_013_bound_ZYYY_rx005_ry010_rz000_xx013.qpy,holography-on-ionq/Testing flow/wormhole_data_analysis.ipynb,WH10-D-C016,23a53462d3cc06e1,3,1500,1500
WH10,wh10_final_selected,0000_013,boundary,ZYYZ,68,68_Data_halfMagic_theta_0000_mu_013_bound_ZYYZ_rx005_ry010_rz000_xx013.qpy,data/executed_circuits/WH10/0000_013/68_Data_halfMagic_theta_0000_mu_013_bound_ZYYZ_rx005_ry010_rz000_xx013.qpy,847025f5e0b730e15640aeea8ca6aaa6539b9364724075956e235d7a408ff157,holography-on-ionq/Testing flow/Circuits/Data_batch/WH/Data_0000_013/68_Data_halfMagic_theta_0000_mu_013_bound_ZYYZ_rx005_ry010_rz000_xx013.qpy,holography-on-ionq/Testing flow/wormhole_data_analysis.ipynb,WH10-D-C016,23a53462d3cc06e1,3,1500,1500
WH10,wh10_final_selected,0000_013,boundary,ZYZX,69,69_Data_halfMagic_theta_0000_mu_013_bound_ZYZX_rx005_ry010_rz000_xx013.qpy,data/executed_circuits/WH10/0000_013/69_Data_halfMagic_theta_0000_mu_013_bound_ZYZX_rx005_ry010_rz000_xx013.qpy,91ea05e3e2e2d218dc6fb793940a8c2eb648ceaba71ce40257c7bc07300a9120,holography-on-ionq/Testing flow/Circuits/Data_batch/WH/Data_0000_013/69_Data_halfMagic_theta_0000_mu_013_bound_ZYZX_rx005_ry010_rz000_xx013.qpy,holography-on-ionq/Testing flow/wormhole_data_analysis.ipynb,WH10-D-C016,23a53462d3cc06e1,3,1500,1500
WH10,wh10_final_selected,0000_013,boundary,ZYZY,70,70_Data_halfMagic_theta_0000_mu_013_bound_ZYZY_rx005_ry010_rz000_xx013.qpy,data/executed_circuits/WH10/0000_013/70_Data_halfMagic_theta_0000_mu_013_bound_ZYZY_rx005_ry010_rz000_xx013.qpy,d18f946130212718a2f1f96491af9cf433017f709c53e89eb60d0df736077c25,holography-on-ionq/Testing flow/Circuits/Data_batch/WH/Data_0000_013/70_Data_halfMagic_theta_0000_mu_013_bound_ZYZY_rx005_ry010_rz000_xx013.qpy,holography-on-ionq/Testing flow/wormhole_data_analysis.ipynb,WH10-D-C016,23a53462d3cc06e1,3,1500,1500
WH10,wh10_final_selected,0000_013,boundary,ZYZZ,71,71_Data_halfMagic_theta_0000_mu_013_bound_ZYZZ_rx005_ry010_rz000_xx013.qpy,data/executed_circuits/WH10/0000_013/71_Data_halfMagic_theta_0000_mu_013_bound_ZYZZ_rx005_ry010_rz000_xx013.qpy,ccc29eed2fc52aec5ec866605cbc46ee0cdc643b38b1ab0f329d9c6e6f936c70,holography-on-ionq/Testing flow/Circuits/Data_batch/WH/Data_0000_013/71_Data_halfMagic_theta_0000_mu_013_bound_ZYZZ_rx005_ry010_rz000_xx013.qpy,holography-on-ionq/Testing flow/wormhole_data_analysis.ipynb,WH10-D-C016,23a53462d3cc06e1,3,1500,1500
WH10,wh10_final_selected,0000_013,boundary,ZZXX,72,72_Data_halfMagic_theta_0000_mu_013_bound_ZZXX_rx005_ry010_rz000_xx013.qpy,data/executed_circuits/WH10/0000_013/72_Data_halfMagic_theta_0000_mu_013_bound_ZZXX_rx005_ry010_rz000_xx013.qpy,5f5b531e6983da044cef5746e73f15fa153edcd8d5df2ee282cfbdfd54e0627f,holography-on-ionq/Testing flow/Circuits/Data_batch/WH/Data_0000_013/72_Data_halfMagic_theta_0000_mu_013_bound_ZZXX_rx005_ry010_rz000_xx013.qpy,holography-on-ionq/Testing flow/wormhole_data_analysis.ipynb,WH10-D-C016,23a53462d3cc06e1,3,1500,1500
WH10,wh10_final_selected,0000_013,boundary,ZZXY,73,73_Data_halfMagic_theta_0000_mu_013_bound_ZZXY_rx005_ry010_rz000_xx013.qpy,data/executed_circuits/WH10/0000_013/73_Data_halfMagic_theta_0000_mu_013_bound_ZZXY_rx005_ry010_rz000_xx013.qpy,14795ff15fe19220b80cca098df84203bbec49427fa8a2560728153584acaf5c,holography-on-ionq/Testing flow/Circuits/Data_batch/WH/Data_0000_013/73_Data_halfMagic_theta_0000_mu_013_bound_ZZXY_rx005_ry010_rz000_xx013.qpy,holography-on-ionq/Testing flow/wormhole_data_analysis.ipynb,WH10-D-C016,23a53462d3cc06e1,3,1500,1500
WH10,wh10_final_selected,0000_013,boundary,ZZXZ,74,74_Data_halfMagic_theta_0000_mu_013_bound_ZZXZ_rx005_ry010_rz000_xx013.qpy,data/executed_circuits/WH10/0000_013/74_Data_halfMagic_theta_0000_mu_013_bound_ZZXZ_rx005_ry010_rz000_xx013.qpy,9a73d0df2dd0cb3a3d74efc8f7345c42fa4001efac1de09cf1df72e94b3c78ff,holography-on-ionq/Testing flow/Circuits/Data_batch/WH/Data_0000_013/74_Data_halfMagic_theta_0000_mu_013_bound_ZZXZ_rx005_ry010_rz000_xx013.qpy,holography-on-ionq/Testing flow/wormhole_data_analysis.ipynb,WH10-D-C016,23a53462d3cc06e1,3,1500,1500
WH10,wh10_final_selected,0000_013,boundary,ZZYX,75,75_Data_halfMagic_theta_0000_mu_013_bound_ZZYX_rx005_ry010_rz000_xx013.qpy,data/executed_circuits/WH10/0000_013/75_Data_halfMagic_theta_0000_mu_013_bound_ZZYX_rx005_ry010_rz000_xx013.qpy,dee9f37df882e4117d4fd54e6fb2e2eae25a6f7c46021141e35121d59ffb9a33,holography-on-ionq/Testing flow/Circuits/Data_batch/WH/Data_0000_013/75_Data_halfMagic_theta_0000_mu_013_bound_ZZYX_rx005_ry010_rz000_xx013.qpy,holography-on-ionq/Testing flow/wormhole_data_analysis.ipynb,WH10-D-C016,23a53462d3cc06e1,3,1500,1500
WH10,wh10_final_selected,0000_013,boundary,ZZYY,76,76_Data_halfMagic_theta_0000_mu_013_bound_ZZYY_rx005_ry010_rz000_xx013.qpy,data/executed_circuits/WH10/0000_013/76_Data_halfMagic_theta_0000_mu_013_bound_ZZYY_rx005_ry010_rz000_xx013.qpy,7759e6ab4cddf5cfaaee8dbade138e3edf7bed5972708df7dc169e6a4fbb0839,holography-on-ionq/Testing flow/Circuits/Data_batch/WH/Data_0000_013/76_Data_halfMagic_theta_0000_mu_013_bound_ZZYY_rx005_ry010_rz000_xx013.qpy,holography-on-ionq/Testing flow/wormhole_data_analysis.ipynb,WH10-D-C016,23a53462d3cc06e1,3,1500,1500
WH10,wh10_final_selected,0000_013,boundary,ZZYZ,77,77_Data_halfMagic_theta_0000_mu_013_bound_ZZYZ_rx005_ry010_rz000_xx013.qpy,data/executed_circuits/WH10/0000_013/77_Data_halfMagic_theta_0000_mu_013_bound_ZZYZ_rx005_ry010_rz000_xx013.qpy,b1e24c2538e1a7f7b8fa63c51189c27370af91ea761efefec83892ac9fc5e416,holography-on-ionq/Testing flow/Circuits/Data_batch/WH/Data_0000_013/77_Data_halfMagic_theta_0000_mu_013_bound_ZZYZ_rx005_ry010_rz000_xx013.qpy,holography-on-ionq/Testing flow/wormhole_data_analysis.ipynb,WH10-D-C016,23a53462d3cc06e1,3,1500,1500
WH10,wh10_final_selected,0000_013,boundary,ZZZX,78,78_Data_halfMagic_theta_0000_mu_013_bound_ZZZX_rx005_ry010_rz000_xx013.qpy,data/executed_circuits/WH10/0000_013/78_Data_halfMagic_theta_0000_mu_013_bound_ZZZX_rx005_ry010_rz000_xx013.qpy,6e5fc824dd05a1bb802504485fa382e14026802fb8222f7c7baab137fd94cd7c,holography-on-ionq/Testing flow/Circuits/Data_batch/WH/Data_0000_013/78_Data_halfMagic_theta_0000_mu_013_bound_ZZZX_rx005_ry010_rz000_xx013.qpy,holography-on-ionq/Testing flow/wormhole_data_analysis.ipynb,WH10-D-C016,23a53462d3cc06e1,3,1500,1500
WH10,wh10_final_selected,0000_013,boundary,ZZZY,79,79_Data_halfMagic_theta_0000_mu_013_bound_ZZZY_rx005_ry010_rz000_xx013.qpy,data/executed_circuits/WH10/0000_013/79_Data_halfMagic_theta_0000_mu_013_bound_ZZZY_rx005_ry010_rz000_xx013.qpy,1bec84c6a70eb5827ad900c618b214336ed5c43b93a6635f7eecc9c8e6078d38,holography-on-ionq/Testing flow/Circuits/Data_batch/WH/Data_0000_013/79_Data_halfMagic_theta_0000_mu_013_bound_ZZZY_rx005_ry010_rz000_xx013.qpy,holography-on-ionq/Testing flow/wormhole_data_analysis.ipynb,WH10-D-C016,23a53462d3cc06e1,3,1500,1500
WH10,wh10_final_selected,0000_013,boundary,ZZZZ,80,80_Data_halfMagic_theta_0000_mu_013_bound_ZZZZ_rx005_ry010_rz000_xx013.qpy,data/executed_circuits/WH10/0000_013/80_Data_halfMagic_theta_0000_mu_013_bound_ZZZZ_rx005_ry010_rz000_xx013.qpy,e8857c45e95e2f43eabe68f53e7c46fcfa0c9e9eb6807dab900d0799f746651a,holography-on-ionq/Testing flow/Circuits/Data_batch/WH/Data_0000_013/80_Data_halfMagic_theta_0000_mu_013_bound_ZZZZ_rx005_ry010_rz000_xx013.qpy,holography-on-ionq/Testing flow/wormhole_data_analysis.ipynb,WH10-D-C016,23a53462d3cc06e1,3,1500,1500
WH10,wh10_final_selected,0000_013,bulk,XX,81,81_Data_halfMagic_theta_0000_mu_013_bulk_XX_rx005_ry010_rz000_xx013.qpy,data/executed_circuits/WH10/0000_013/81_Data_halfMagic_theta_0000_mu_013_bulk_XX_rx005_ry010_rz000_xx013.qpy,f8d7001275c20aa6501ff75f98dc02a2214de5915c0c9922144e8c6479e746a2,holography-on-ionq/Testing flow/Circuits/Data_batch/WH/Data_0000_013/81_Data_halfMagic_theta_0000_mu_013_bulk_XX_rx005_ry010_rz000_xx013.qpy,holography-on-ionq/Testing flow/wormhole_data_analysis.ipynb,WH10-D-C016,23a53462d3cc06e1,3,1500,1500
WH10,wh10_final_selected,0000_013,bulk,XY,82,82_Data_halfMagic_theta_0000_mu_013_bulk_XY_rx005_ry010_rz000_xx013.qpy,data/executed_circuits/WH10/0000_013/82_Data_halfMagic_theta_0000_mu_013_bulk_XY_rx005_ry010_rz000_xx013.qpy,0cfaf0f2a4c4b0c90c35e98fdae06af512e61a4fcecf8480ae8e9e86e73f9de8,holography-on-ionq/Testing flow/Circuits/Data_batch/WH/Data_0000_013/82_Data_halfMagic_theta_0000_mu_013_bulk_XY_rx005_ry010_rz000_xx013.qpy,holography-on-ionq/Testing flow/wormhole_data_analysis.ipynb,WH10-D-C016,23a53462d3cc06e1,3,1500,1500
WH10,wh10_final_selected,0000_013,bulk,XZ,83,83_Data_halfMagic_theta_0000_mu_013_bulk_XZ_rx005_ry010_rz000_xx013.qpy,data/executed_circuits/WH10/0000_013/83_Data_halfMagic_theta_0000_mu_013_bulk_XZ_rx005_ry010_rz000_xx013.qpy,9ffbc1992d8c242e034ea1c7bc2b4349a56897821fcd7f417890b9ce7e552857,holography-on-ionq/Testing flow/Circuits/Data_batch/WH/Data_0000_013/83_Data_halfMagic_theta_0000_mu_013_bulk_XZ_rx005_ry010_rz000_xx013.qpy,holography-on-ionq/Testing flow/wormhole_data_analysis.ipynb,WH10-D-C016,23a53462d3cc06e1,3,1500,1500
WH10,wh10_final_selected,0000_013,bulk,YX,84,84_Data_halfMagic_theta_0000_mu_013_bulk_YX_rx005_ry010_rz000_xx013.qpy,data/executed_circuits/WH10/0000_013/84_Data_halfMagic_theta_0000_mu_013_bulk_YX_rx005_ry010_rz000_xx013.qpy,bc3f37cc980c98f4f59077833529696df5c2dd3a156a0aa7f235447e5681a4f3,holography-on-ionq/Testing flow/Circuits/Data_batch/WH/Data_0000_013/84_Data_halfMagic_theta_0000_mu_013_bulk_YX_rx005_ry010_rz000_xx013.qpy,holography-on-ionq/Testing flow/wormhole_data_analysis.ipynb,WH10-D-C016,23a53462d3cc06e1,3,1500,1500
WH10,wh10_final_selected,0000_013,bulk,YY,85,85_Data_halfMagic_theta_0000_mu_013_bulk_YY_rx005_ry010_rz000_xx013.qpy,data/executed_circuits/WH10/0000_013/85_Data_halfMagic_theta_0000_mu_013_bulk_YY_rx005_ry010_rz000_xx013.qpy,5be42e7440402839d1a8a81bbe0285a22c7993c72102fa139154b1f31c605d43,holography-on-ionq/Testing flow/Circuits/Data_batch/WH/Data_0000_013/85_Data_halfMagic_theta_0000_mu_013_bulk_YY_rx005_ry010_rz000_xx013.qpy,holography-on-ionq/Testing flow/wormhole_data_analysis.ipynb,WH10-D-C016,23a53462d3cc06e1,3,1500,1500
WH10,wh10_final_selected,0000_013,bulk,YZ,86,86_Data_halfMagic_theta_0000_mu_013_bulk_YZ_rx005_ry010_rz000_xx013.qpy,data/executed_circuits/WH10/0000_013/86_Data_halfMagic_theta_0000_mu_013_bulk_YZ_rx005_ry010_rz000_xx013.qpy,0289ebd3e23dc8d655209d4a5116dda0e5b5bc032882b9d676e7fc5836ef7ef2,holography-on-ionq/Testing flow/Circuits/Data_batch/WH/Data_0000_013/86_Data_halfMagic_theta_0000_mu_013_bulk_YZ_rx005_ry010_rz000_xx013.qpy,holography-on-ionq/Testing flow/wormhole_data_analysis.ipynb,WH10-D-C016,23a53462d3cc06e1,3,1500,1500
WH10,wh10_final_selected,0000_013,bulk,ZX,87,87_Data_halfMagic_theta_0000_mu_013_bulk_ZX_rx005_ry010_rz000_xx013.qpy,data/executed_circuits/WH10/0000_013/87_Data_halfMagic_theta_0000_mu_013_bulk_ZX_rx005_ry010_rz000_xx013.qpy,d97c27747e83ccdcba32188d390f2c033f343140d540417326780aba7af1dd6d,holography-on-ionq/Testing flow/Circuits/Data_batch/WH/Data_0000_013/87_Data_halfMagic_theta_0000_mu_013_bulk_ZX_rx005_ry010_rz000_xx013.qpy,holography-on-ionq/Testing flow/wormhole_data_analysis.ipynb,WH10-D-C016,23a53462d3cc06e1,3,1500,1500
WH10,wh10_final_selected,0000_013,bulk,ZY,88,88_Data_halfMagic_theta_0000_mu_013_bulk_ZY_rx005_ry010_rz000_xx013.qpy,data/executed_circuits/WH10/0000_013/88_Data_halfMagic_theta_0000_mu_013_bulk_ZY_rx005_ry010_rz000_xx013.qpy,ca5fce5b60026b32e9260495ff2ca1803bc817375c6e4927b85f4b5c2e9d1068,holography-on-ionq/Testing flow/Circuits/Data_batch/WH/Data_0000_013/88_Data_halfMagic_theta_0000_mu_013_bulk_ZY_rx005_ry010_rz000_xx013.qpy,holography-on-ionq/Testing flow/wormhole_data_analysis.ipynb,WH10-D-C016,23a53462d3cc06e1,3,1500,1500
WH10,wh10_final_selected,0000_013,bulk,ZZ,89,89_Data_halfMagic_theta_0000_mu_013_bulk_ZZ_rx005_ry010_rz000_xx013.qpy,data/executed_circuits/WH10/0000_013/89_Data_halfMagic_theta_0000_mu_013_bulk_ZZ_rx005_ry010_rz000_xx013.qpy,2f964e9defb002002349dd1cf072e0a8d9985469e1e94ac5599b93923f88f9f8,holography-on-ionq/Testing flow/Circuits/Data_batch/WH/Data_0000_013/89_Data_halfMagic_theta_0000_mu_013_bulk_ZZ_rx005_ry010_rz000_xx013.qpy,holography-on-ionq/Testing flow/wormhole_data_analysis.ipynb,WH10-D-C016,23a53462d3cc06e1,3,1500,1500
WH10,wh10_final_selected,0000_027,boundary,XXXX,0,00_Data_withMagic_theta_0000_mu_027_bound_XXXX_rx010_ry020_rz000_xx027.qpy,data/executed_circuits/WH10/0000_027/00_Data_withMagic_theta_0000_mu_027_bound_XXXX_rx010_ry020_rz000_xx027.qpy,f3518ea4a1509ee9a0dee50c773130ccf146cd1e87530556bf6466b25f924a27,holography-on-ionq/Testing flow/Circuits/Data_batch/WH/Data_0000_027/00_Data_withMagic_theta_0000_mu_027_bound_XXXX_rx010_ry020_rz000_xx027.qpy,holography-on-ionq/Testing flow/wormhole_data_analysis.ipynb,WH10-D-C016,23a53462d3cc06e1,4,1250,1250
WH10,wh10_final_selected,0000_027,boundary,XXXY,1,01_Data_withMagic_theta_0000_mu_027_bound_XXXY_rx010_ry020_rz000_xx027.qpy,data/executed_circuits/WH10/0000_027/01_Data_withMagic_theta_0000_mu_027_bound_XXXY_rx010_ry020_rz000_xx027.qpy,5eea920e4cffb154c345119c0bccb421991195184b7899878c8dcd4b5278b655,holography-on-ionq/Testing flow/Circuits/Data_batch/WH/Data_0000_027/01_Data_withMagic_theta_0000_mu_027_bound_XXXY_rx010_ry020_rz000_xx027.qpy,holography-on-ionq/Testing flow/wormhole_data_analysis.ipynb,WH10-D-C016,23a53462d3cc06e1,4,1250,1250
WH10,wh10_final_selected,0000_027,boundary,XXXZ,2,02_Data_withMagic_theta_0000_mu_027_bound_XXXZ_rx010_ry020_rz000_xx027.qpy,data/executed_circuits/WH10/0000_027/02_Data_withMagic_theta_0000_mu_027_bound_XXXZ_rx010_ry020_rz000_xx027.qpy,7970d385325c3c409affa7d4802bccb4ca7e5f8a31b95dabcea80c7d86ee2681,holography-on-ionq/Testing flow/Circuits/Data_batch/WH/Data_0000_027/02_Data_withMagic_theta_0000_mu_027_bound_XXXZ_rx010_ry020_rz000_xx027.qpy,holography-on-ionq/Testing flow/wormhole_data_analysis.ipynb,WH10-D-C016,23a53462d3cc06e1,4,1250,1250
WH10,wh10_final_selected,0000_027,boundary,XXYX,3,03_Data_withMagic_theta_0000_mu_027_bound_XXYX_rx010_ry020_rz000_xx027.qpy,data/executed_circuits/WH10/0000_027/03_Data_withMagic_theta_0000_mu_027_bound_XXYX_rx010_ry020_rz000_xx027.qpy,060d7c04e03335418a4cf5c8b0786d7dea2be723cde509a13bc23a8f63b5d25f,holography-on-ionq/Testing flow/Circuits/Data_batch/WH/Data_0000_027/03_Data_withMagic_theta_0000_mu_027_bound_XXYX_rx010_ry020_rz000_xx027.qpy,holography-on-ionq/Testing flow/wormhole_data_analysis.ipynb,WH10-D-C016,23a53462d3cc06e1,4,1250,1250
WH10,wh10_final_selected,0000_027,boundary,XXYY,4,04_Data_withMagic_theta_0000_mu_027_bound_XXYY_rx010_ry020_rz000_xx027.qpy,data/executed_circuits/WH10/0000_027/04_Data_withMagic_theta_0000_mu_027_bound_XXYY_rx010_ry020_rz000_xx027.qpy,049589287dd351b13fd9d9aaffacf7af225a1c3f446bd4258e4202835f41c899,holography-on-ionq/Testing flow/Circuits/Data_batch/WH/Data_0000_027/04_Data_withMagic_theta_0000_mu_027_bound_XXYY_rx010_ry020_rz000_xx027.qpy,holography-on-ionq/Testing flow/wormhole_data_analysis.ipynb,WH10-D-C016,23a53462d3cc06e1,4,1250,1250
WH10,wh10_final_selected,0000_027,boundary,XXYZ,5,05_Data_withMagic_theta_0000_mu_027_bound_XXYZ_rx010_ry020_rz000_xx027.qpy,data/executed_circuits/WH10/0000_027/05_Data_withMagic_theta_0000_mu_027_bound_XXYZ_rx010_ry020_rz000_xx027.qpy,c24249a143be1a066fb30bc9e4bca743181c8775e8f5ca61c069d60930a10455,holography-on-ionq/Testing flow/Circuits/Data_batch/WH/Data_0000_027/05_Data_withMagic_theta_0000_mu_027_bound_XXYZ_rx010_ry020_rz000_xx027.qpy,holography-on-ionq/Testing flow/wormhole_data_analysis.ipynb,WH10-D-C016,23a53462d3cc06e1,4,1250,1250
WH10,wh10_final_selected,0000_027,boundary,XXZX,6,06_Data_withMagic_theta_0000_mu_027_bound_XXZX_rx010_ry020_rz000_xx027.qpy,data/executed_circuits/WH10/0000_027/06_Data_withMagic_theta_0000_mu_027_bound_XXZX_rx010_ry020_rz000_xx027.qpy,a11d82ecacd3277d1df3ba56388a65feb304272ab1a32aadf0ac91d5c7f3679f,holography-on-ionq/Testing flow/Circuits/Data_batch/WH/Data_0000_027/06_Data_withMagic_theta_0000_mu_027_bound_XXZX_rx010_ry020_rz000_xx027.qpy,holography-on-ionq/Testing flow/wormhole_data_analysis.ipynb,WH10-D-C016,23a53462d3cc06e1,4,1250,1250
WH10,wh10_final_selected,0000_027,boundary,XXZY,7,07_Data_withMagic_theta_0000_mu_027_bound_XXZY_rx010_ry020_rz000_xx027.qpy,data/executed_circuits/WH10/0000_027/07_Data_withMagic_theta_0000_mu_027_bound_XXZY_rx010_ry020_rz000_xx027.qpy,1b502ec814ed92dbfd08eb17c7d417e664d6f2a0d02aa35e960743231988de71,holography-on-ionq/Testing flow/Circuits/Data_batch/WH/Data_0000_027/07_Data_withMagic_theta_0000_mu_027_bound_XXZY_rx010_ry020_rz000_xx027.qpy,holography-on-ionq/Testing flow/wormhole_data_analysis.ipynb,WH10-D-C016,23a53462d3cc06e1,4,1250,1250
WH10,wh10_final_selected,0000_027,boundary,XXZZ,8,08_Data_withMagic_theta_0000_mu_027_bound_XXZZ_rx010_ry020_rz000_xx027.qpy,data/executed_circuits/WH10/0000_027/08_Data_withMagic_theta_0000_mu_027_bound_XXZZ_rx010_ry020_rz000_xx027.qpy,e09aea35cf3c2b3271bdc1b2745341c9a603ce7161bce538ebbf6008ed660a3f,holography-on-ionq/Testing flow/Circuits/Data_batch/WH/Data_0000_027/08_Data_withMagic_theta_0000_mu_027_bound_XXZZ_rx010_ry020_rz000_xx027.qpy,holography-on-ionq/Testing flow/wormhole_data_analysis.ipynb,WH10-D-C016,23a53462d3cc06e1,4,1250,1250
WH10,wh10_final_selected,0000_027,boundary,XYXX,9,09_Data_withMagic_theta_0000_mu_027_bound_XYXX_rx010_ry020_rz000_xx027.qpy,data/executed_circuits/WH10/0000_027/09_Data_withMagic_theta_0000_mu_027_bound_XYXX_rx010_ry020_rz000_xx027.qpy,683c146d4402a47ec29c416064d01d5db32b7608ca4e0519ea01a947ad1b89e7,holography-on-ionq/Testing flow/Circuits/Data_batch/WH/Data_0000_027/09_Data_withMagic_theta_0000_mu_027_bound_XYXX_rx010_ry020_rz000_xx027.qpy,holography-on-ionq/Testing flow/wormhole_data_analysis.ipynb,WH10-D-C016,23a53462d3cc06e1,4,1250,1250
WH10,wh10_final_selected,0000_027,boundary,XYXY,10,10_Data_withMagic_theta_0000_mu_027_bound_XYXY_rx010_ry020_rz000_xx027.qpy,data/executed_circuits/WH10/0000_027/10_Data_withMagic_theta_0000_mu_027_bound_XYXY_rx010_ry020_rz000_xx027.qpy,92546a60179182f515f0cede7a02426985b02849c20cee2c0c815f337cc2ccf0,holography-on-ionq/Testing flow/Circuits/Data_batch/WH/Data_0000_027/10_Data_withMagic_theta_0000_mu_027_bound_XYXY_rx010_ry020_rz000_xx027.qpy,holography-on-ionq/Testing flow/wormhole_data_analysis.ipynb,WH10-D-C016,23a53462d3cc06e1,4,1250,1250
WH10,wh10_final_selected,0000_027,boundary,XYXZ,11,11_Data_withMagic_theta_0000_mu_027_bound_XYXZ_rx010_ry020_rz000_xx027.qpy,data/executed_circuits/WH10/0000_027/11_Data_withMagic_theta_0000_mu_027_bound_XYXZ_rx010_ry020_rz000_xx027.qpy,850db64e42c18d13a9bb000100e4dec11b6b9e1ab367408dc217c0ef7a0db4e8,holography-on-ionq/Testing flow/Circuits/Data_batch/WH/Data_0000_027/11_Data_withMagic_theta_0000_mu_027_bound_XYXZ_rx010_ry020_rz000_xx027.qpy,holography-on-ionq/Testing flow/wormhole_data_analysis.ipynb,WH10-D-C016,23a53462d3cc06e1,4,1250,1250
WH10,wh10_final_selected,0000_027,boundary,XYYX,12,12_Data_withMagic_theta_0000_mu_027_bound_XYYX_rx010_ry020_rz000_xx027.qpy,data/executed_circuits/WH10/0000_027/12_Data_withMagic_theta_0000_mu_027_bound_XYYX_rx010_ry020_rz000_xx027.qpy,62a25eef21367668ad3a4a4efafd520347cdeb7a755dfafe4e260ce1c8f6f987,holography-on-ionq/Testing flow/Circuits/Data_batch/WH/Data_0000_027/12_Data_withMagic_theta_0000_mu_027_bound_XYYX_rx010_ry020_rz000_xx027.qpy,holography-on-ionq/Testing flow/wormhole_data_analysis.ipynb,WH10-D-C016,23a53462d3cc06e1,4,1250,1250
WH10,wh10_final_selected,0000_027,boundary,XYYY,13,13_Data_withMagic_theta_0000_mu_027_bound_XYYY_rx010_ry020_rz000_xx027.qpy,data/executed_circuits/WH10/0000_027/13_Data_withMagic_theta_0000_mu_027_bound_XYYY_rx010_ry020_rz000_xx027.qpy,e99a7c3907a04f673b927cb7253473e8800a6614103a21e29362e2a875ebd674,holography-on-ionq/Testing flow/Circuits/Data_batch/WH/Data_0000_027/13_Data_withMagic_theta_0000_mu_027_bound_XYYY_rx010_ry020_rz000_xx027.qpy,holography-on-ionq/Testing flow/wormhole_data_analysis.ipynb,WH10-D-C016,23a53462d3cc06e1,4,1250,1250
WH10,wh10_final_selected,0000_027,boundary,XYYZ,14,14_Data_withMagic_theta_0000_mu_027_bound_XYYZ_rx010_ry020_rz000_xx027.qpy,data/executed_circuits/WH10/0000_027/14_Data_withMagic_theta_0000_mu_027_bound_XYYZ_rx010_ry020_rz000_xx027.qpy,f4f2b6888e296d83661548fa7f5d56e7add03a49e16fe9a11aae78cc92a41cb5,holography-on-ionq/Testing flow/Circuits/Data_batch/WH/Data_0000_027/14_Data_withMagic_theta_0000_mu_027_bound_XYYZ_rx010_ry020_rz000_xx027.qpy,holography-on-ionq/Testing flow/wormhole_data_analysis.ipynb,WH10-D-C016,23a53462d3cc06e1,4,1250,1250
WH10,wh10_final_selected,0000_027,boundary,XYZX,15,15_Data_withMagic_theta_0000_mu_027_bound_XYZX_rx010_ry020_rz000_xx027.qpy,data/executed_circuits/WH10/0000_027/15_Data_withMagic_theta_0000_mu_027_bound_XYZX_rx010_ry020_rz000_xx027.qpy,b51e62ac93397475ef1978db5deb43a80f5af6fb1faf9ed52f38fbecbd17a8ac,holography-on-ionq/Testing flow/Circuits/Data_batch/WH/Data_0000_027/15_Data_withMagic_theta_0000_mu_027_bound_XYZX_rx010_ry020_rz000_xx027.qpy,holography-on-ionq/Testing flow/wormhole_data_analysis.ipynb,WH10-D-C016,23a53462d3cc06e1,4,1250,1250
WH10,wh10_final_selected,0000_027,boundary,XYZY,16,16_Data_withMagic_theta_0000_mu_027_bound_XYZY_rx010_ry020_rz000_xx027.qpy,data/executed_circuits/WH10/0000_027/16_Data_withMagic_theta_0000_mu_027_bound_XYZY_rx010_ry020_rz000_xx027.qpy,9f68c1361542fa1f045fd0eba056837a8d9e8600253176127f70648d98733b83,holography-on-ionq/Testing flow/Circuits/Data_batch/WH/Data_0000_027/16_Data_withMagic_theta_0000_mu_027_bound_XYZY_rx010_ry020_rz000_xx027.qpy,holography-on-ionq/Testing flow/wormhole_data_analysis.ipynb,WH10-D-C016,23a53462d3cc06e1,4,1250,1250
WH10,wh10_final_selected,0000_027,boundary,XYZZ,17,17_Data_withMagic_theta_0000_mu_027_bound_XYZZ_rx010_ry020_rz000_xx027.qpy,data/executed_circuits/WH10/0000_027/17_Data_withMagic_theta_0000_mu_027_bound_XYZZ_rx010_ry020_rz000_xx027.qpy,1d95e3f8ab7fcce340a5140dcd20f639388a657713bd9ef3b349c9e7e9238aa5,holography-on-ionq/Testing flow/Circuits/Data_batch/WH/Data_0000_027/17_Data_withMagic_theta_0000_mu_027_bound_XYZZ_rx010_ry020_rz000_xx027.qpy,holography-on-ionq/Testing flow/wormhole_data_analysis.ipynb,WH10-D-C016,23a53462d3cc06e1,4,1250,1250
WH10,wh10_final_selected,0000_027,boundary,XZXX,18,18_Data_withMagic_theta_0000_mu_027_bound_XZXX_rx010_ry020_rz000_xx027.qpy,data/executed_circuits/WH10/0000_027/18_Data_withMagic_theta_0000_mu_027_bound_XZXX_rx010_ry020_rz000_xx027.qpy,625b2c87236c6be3ff8ec495262691fed225934e549b116d1df09570b2a7fdb0,holography-on-ionq/Testing flow/Circuits/Data_batch/WH/Data_0000_027/18_Data_withMagic_theta_0000_mu_027_bound_XZXX_rx010_ry020_rz000_xx027.qpy,holography-on-ionq/Testing flow/wormhole_data_analysis.ipynb,WH10-D-C016,23a53462d3cc06e1,4,1250,1250
WH10,wh10_final_selected,0000_027,boundary,XZXY,19,19_Data_withMagic_theta_0000_mu_027_bound_XZXY_rx010_ry020_rz000_xx027.qpy,data/executed_circuits/WH10/0000_027/19_Data_withMagic_theta_0000_mu_027_bound_XZXY_rx010_ry020_rz000_xx027.qpy,b157b7b7b310cda3b6852b2c88f0b9063d6aef320c42b5eec1d9d67f1a5b434d,holography-on-ionq/Testing flow/Circuits/Data_batch/WH/Data_0000_027/19_Data_withMagic_theta_0000_mu_027_bound_XZXY_rx010_ry020_rz000_xx027.qpy,holography-on-ionq/Testing flow/wormhole_data_analysis.ipynb,WH10-D-C016,23a53462d3cc06e1,4,1250,1250
WH10,wh10_final_selected,0000_027,boundary,XZXZ,20,20_Data_withMagic_theta_0000_mu_027_bound_XZXZ_rx010_ry020_rz000_xx027.qpy,data/executed_circuits/WH10/0000_027/20_Data_withMagic_theta_0000_mu_027_bound_XZXZ_rx010_ry020_rz000_xx027.qpy,4d1a70ca6bb4f299546a7c918dd2d0d12d9fed8a56f79f3efe61c1a65221d040,holography-on-ionq/Testing flow/Circuits/Data_batch/WH/Data_0000_027/20_Data_withMagic_theta_0000_mu_027_bound_XZXZ_rx010_ry020_rz000_xx027.qpy,holography-on-ionq/Testing flow/wormhole_data_analysis.ipynb,WH10-D-C016,23a53462d3cc06e1,4,1250,1250
WH10,wh10_final_selected,0000_027,boundary,XZYX,21,21_Data_withMagic_theta_0000_mu_027_bound_XZYX_rx010_ry020_rz000_xx027.qpy,data/executed_circuits/WH10/0000_027/21_Data_withMagic_theta_0000_mu_027_bound_XZYX_rx010_ry020_rz000_xx027.qpy,9469080662175ba72cd66b945540053b2595f01ef653bd14334c778ed56a6dd9,holography-on-ionq/Testing flow/Circuits/Data_batch/WH/Data_0000_027/21_Data_withMagic_theta_0000_mu_027_bound_XZYX_rx010_ry020_rz000_xx027.qpy,holography-on-ionq/Testing flow/wormhole_data_analysis.ipynb,WH10-D-C016,23a53462d3cc06e1,4,1250,1250
WH10,wh10_final_selected,0000_027,boundary,XZYY,22,22_Data_withMagic_theta_0000_mu_027_bound_XZYY_rx010_ry020_rz000_xx027.qpy,data/executed_circuits/WH10/0000_027/22_Data_withMagic_theta_0000_mu_027_bound_XZYY_rx010_ry020_rz000_xx027.qpy,16b9bb59064d37021bfe258bd8850086e7e103177a4f9f68b652e98d1cc1f9d6,holography-on-ionq/Testing flow/Circuits/Data_batch/WH/Data_0000_027/22_Data_withMagic_theta_0000_mu_027_bound_XZYY_rx010_ry020_rz000_xx027.qpy,holography-on-ionq/Testing flow/wormhole_data_analysis.ipynb,WH10-D-C016,23a53462d3cc06e1,4,1250,1250
WH10,wh10_final_selected,0000_027,boundary,XZYZ,23,23_Data_withMagic_theta_0000_mu_027_bound_XZYZ_rx010_ry020_rz000_xx027.qpy,data/executed_circuits/WH10/0000_027/23_Data_withMagic_theta_0000_mu_027_bound_XZYZ_rx010_ry020_rz000_xx027.qpy,feeb53d1fce91f1944b84fbef224cce01f9b5541b8c51dc7d98ba79e3be3a1fa,holography-on-ionq/Testing flow/Circuits/Data_batch/WH/Data_0000_027/23_Data_withMagic_theta_0000_mu_027_bound_XZYZ_rx010_ry020_rz000_xx027.qpy,holography-on-ionq/Testing flow/wormhole_data_analysis.ipynb,WH10-D-C016,23a53462d3cc06e1,4,1250,1250
WH10,wh10_final_selected,0000_027,boundary,XZZX,24,24_Data_withMagic_theta_0000_mu_027_bound_XZZX_rx010_ry020_rz000_xx027.qpy,data/executed_circuits/WH10/0000_027/24_Data_withMagic_theta_0000_mu_027_bound_XZZX_rx010_ry020_rz000_xx027.qpy,7f5f1a17120c1924c851bed50e97f6745e85d071dca8fcbd91d716e611a2ecd2,holography-on-ionq/Testing flow/Circuits/Data_batch/WH/Data_0000_027/24_Data_withMagic_theta_0000_mu_027_bound_XZZX_rx010_ry020_rz000_xx027.qpy,holography-on-ionq/Testing flow/wormhole_data_analysis.ipynb,WH10-D-C016,23a53462d3cc06e1,4,1250,1250
WH10,wh10_final_selected,0000_027,boundary,XZZY,25,25_Data_withMagic_theta_0000_mu_027_bound_XZZY_rx010_ry020_rz000_xx027.qpy,data/executed_circuits/WH10/0000_027/25_Data_withMagic_theta_0000_mu_027_bound_XZZY_rx010_ry020_rz000_xx027.qpy,422d536758bcc9c0b9cd0277df85e9ca4f3aa667f6635b6a9fde7e1ca8638a36,holography-on-ionq/Testing flow/Circuits/Data_batch/WH/Data_0000_027/25_Data_withMagic_theta_0000_mu_027_bound_XZZY_rx010_ry020_rz000_xx027.qpy,holography-on-ionq/Testing flow/wormhole_data_analysis.ipynb,WH10-D-C016,23a53462d3cc06e1,4,1250,1250
WH10,wh10_final_selected,0000_027,boundary,XZZZ,26,26_Data_withMagic_theta_0000_mu_027_bound_XZZZ_rx010_ry020_rz000_xx027.qpy,data/executed_circuits/WH10/0000_027/26_Data_withMagic_theta_0000_mu_027_bound_XZZZ_rx010_ry020_rz000_xx027.qpy,4e588e2dd15ad536e62cd172fcd441460854752c244708adcda69e243bf16c93,holography-on-ionq/Testing flow/Circuits/Data_batch/WH/Data_0000_027/26_Data_withMagic_theta_0000_mu_027_bound_XZZZ_rx010_ry020_rz000_xx027.qpy,holography-on-ionq/Testing flow/wormhole_data_analysis.ipynb,WH10-D-C016,23a53462d3cc06e1,4,1250,1250
WH10,wh10_final_selected,0000_027,boundary,YXXX,27,27_Data_withMagic_theta_0000_mu_027_bound_YXXX_rx010_ry020_rz000_xx027.qpy,data/executed_circuits/WH10/0000_027/27_Data_withMagic_theta_0000_mu_027_bound_YXXX_rx010_ry020_rz000_xx027.qpy,0b6e76839d43f69359ad684b5ed6ea6510a10e51af63e3e1cf4dda4db7d4a091,holography-on-ionq/Testing flow/Circuits/Data_batch/WH/Data_0000_027/27_Data_withMagic_theta_0000_mu_027_bound_YXXX_rx010_ry020_rz000_xx027.qpy,holography-on-ionq/Testing flow/wormhole_data_analysis.ipynb,WH10-D-C016,23a53462d3cc06e1,4,1250,1250
WH10,wh10_final_selected,0000_027,boundary,YXXY,28,28_Data_withMagic_theta_0000_mu_027_bound_YXXY_rx010_ry020_rz000_xx027.qpy,data/executed_circuits/WH10/0000_027/28_Data_withMagic_theta_0000_mu_027_bound_YXXY_rx010_ry020_rz000_xx027.qpy,8f443bf315c6065a956a500d076f84707e8b0fa6270cbd54f74c81e4a9d36887,holography-on-ionq/Testing flow/Circuits/Data_batch/WH/Data_0000_027/28_Data_withMagic_theta_0000_mu_027_bound_YXXY_rx010_ry020_rz000_xx027.qpy,holography-on-ionq/Testing flow/wormhole_data_analysis.ipynb,WH10-D-C016,23a53462d3cc06e1,4,1250,1250
WH10,wh10_final_selected,0000_027,boundary,YXXZ,29,29_Data_withMagic_theta_0000_mu_027_bound_YXXZ_rx010_ry020_rz000_xx027.qpy,data/executed_circuits/WH10/0000_027/29_Data_withMagic_theta_0000_mu_027_bound_YXXZ_rx010_ry020_rz000_xx027.qpy,e43b4662e9d0e4561b71c784c322272876e9bafa21b787a3cd3352408ccbfb2d,holography-on-ionq/Testing flow/Circuits/Data_batch/WH/Data_0000_027/29_Data_withMagic_theta_0000_mu_027_bound_YXXZ_rx010_ry020_rz000_xx027.qpy,holography-on-ionq/Testing flow/wormhole_data_analysis.ipynb,WH10-D-C016,23a53462d3cc06e1,4,1250,1250
WH10,wh10_final_selected,0000_027,boundary,YXYX,30,30_Data_withMagic_theta_0000_mu_027_bound_YXYX_rx010_ry020_rz000_xx027.qpy,data/executed_circuits/WH10/0000_027/30_Data_withMagic_theta_0000_mu_027_bound_YXYX_rx010_ry020_rz000_xx027.qpy,0359b8e4eb9d46928f8bb8b3a2df369ab97d0db67dc737f791058015d6138144,holography-on-ionq/Testing flow/Circuits/Data_batch/WH/Data_0000_027/30_Data_withMagic_theta_0000_mu_027_bound_YXYX_rx010_ry020_rz000_xx027.qpy,holography-on-ionq/Testing flow/wormhole_data_analysis.ipynb,WH10-D-C016,23a53462d3cc06e1,4,1250,1250
WH10,wh10_final_selected,0000_027,boundary,YXYY,31,31_Data_withMagic_theta_0000_mu_027_bound_YXYY_rx010_ry020_rz000_xx027.qpy,data/executed_circuits/WH10/0000_027/31_Data_withMagic_theta_0000_mu_027_bound_YXYY_rx010_ry020_rz000_xx027.qpy,892f44190a75ab4be32acbd9433b825c81a50be5a7d66feb9b526e77dd2b0f2f,holography-on-ionq/Testing flow/Circuits/Data_batch/WH/Data_0000_027/31_Data_withMagic_theta_0000_mu_027_bound_YXYY_rx010_ry020_rz000_xx027.qpy,holography-on-ionq/Testing flow/wormhole_data_analysis.ipynb,WH10-D-C016,23a53462d3cc06e1,4,1250,1250
WH10,wh10_final_selected,0000_027,boundary,YXYZ,32,32_Data_withMagic_theta_0000_mu_027_bound_YXYZ_rx010_ry020_rz000_xx027.qpy,data/executed_circuits/WH10/0000_027/32_Data_withMagic_theta_0000_mu_027_bound_YXYZ_rx010_ry020_rz000_xx027.qpy,60f34743f03c9f020b1f160b52feee9e638520478ce5887f438878e8012cff31,holography-on-ionq/Testing flow/Circuits/Data_batch/WH/Data_0000_027/32_Data_withMagic_theta_0000_mu_027_bound_YXYZ_rx010_ry020_rz000_xx027.qpy,holography-on-ionq/Testing flow/wormhole_data_analysis.ipynb,WH10-D-C016,23a53462d3cc06e1,4,1250,1250
WH10,wh10_final_selected,0000_027,boundary,YXZX,33,33_Data_withMagic_theta_0000_mu_027_bound_YXZX_rx010_ry020_rz000_xx027.qpy,data/executed_circuits/WH10/0000_027/33_Data_withMagic_theta_0000_mu_027_bound_YXZX_rx010_ry020_rz000_xx027.qpy,0839899acbde6c2087f8de412ff7a1526210066e8d868909f2dbf17141c9ef73,holography-on-ionq/Testing flow/Circuits/Data_batch/WH/Data_0000_027/33_Data_withMagic_theta_0000_mu_027_bound_YXZX_rx010_ry020_rz000_xx027.qpy,holography-on-ionq/Testing flow/wormhole_data_analysis.ipynb,WH10-D-C016,23a53462d3cc06e1,4,1250,1250
WH10,wh10_final_selected,0000_027,boundary,YXZY,34,34_Data_withMagic_theta_0000_mu_027_bound_YXZY_rx010_ry020_rz000_xx027.qpy,data/executed_circuits/WH10/0000_027/34_Data_withMagic_theta_0000_mu_027_bound_YXZY_rx010_ry020_rz000_xx027.qpy,69fe9571fb91189a531fc0521f0221f1a3bd903b38bcdf6fe2c23a44ac152389,holography-on-ionq/Testing flow/Circuits/Data_batch/WH/Data_0000_027/34_Data_withMagic_theta_0000_mu_027_bound_YXZY_rx010_ry020_rz000_xx027.qpy,holography-on-ionq/Testing flow/wormhole_data_analysis.ipynb,WH10-D-C016,23a53462d3cc06e1,4,1250,1250
WH10,wh10_final_selected,0000_027,boundary,YXZZ,35,35_Data_withMagic_theta_0000_mu_027_bound_YXZZ_rx010_ry020_rz000_xx027.qpy,data/executed_circuits/WH10/0000_027/35_Data_withMagic_theta_0000_mu_027_bound_YXZZ_rx010_ry020_rz000_xx027.qpy,8b0199813395237904294eee68f1deb80de798424dd9385cb7baca01134d163a,holography-on-ionq/Testing flow/Circuits/Data_batch/WH/Data_0000_027/35_Data_withMagic_theta_0000_mu_027_bound_YXZZ_rx010_ry020_rz000_xx027.qpy,holography-on-ionq/Testing flow/wormhole_data_analysis.ipynb,WH10-D-C016,23a53462d3cc06e1,4,1250,1250
WH10,wh10_final_selected,0000_027,boundary,YYXX,36,36_Data_withMagic_theta_0000_mu_027_bound_YYXX_rx010_ry020_rz000_xx027.qpy,data/executed_circuits/WH10/0000_027/36_Data_withMagic_theta_0000_mu_027_bound_YYXX_rx010_ry020_rz000_xx027.qpy,4fbf5aacb01693e587eba776d19f57e1c2fb9ff11e69086b1d991196286b8f60,holography-on-ionq/Testing flow/Circuits/Data_batch/WH/Data_0000_027/36_Data_withMagic_theta_0000_mu_027_bound_YYXX_rx010_ry020_rz000_xx027.qpy,holography-on-ionq/Testing flow/wormhole_data_analysis.ipynb,WH10-D-C016,23a53462d3cc06e1,4,1250,1250
WH10,wh10_final_selected,0000_027,boundary,YYXY,37,37_Data_withMagic_theta_0000_mu_027_bound_YYXY_rx010_ry020_rz000_xx027.qpy,data/executed_circuits/WH10/0000_027/37_Data_withMagic_theta_0000_mu_027_bound_YYXY_rx010_ry020_rz000_xx027.qpy,f39295c0e2c45d9d9dd332bbadc64484e14ecf2c00f67f8eb13f490ff69db5a0,holography-on-ionq/Testing flow/Circuits/Data_batch/WH/Data_0000_027/37_Data_withMagic_theta_0000_mu_027_bound_YYXY_rx010_ry020_rz000_xx027.qpy,holography-on-ionq/Testing flow/wormhole_data_analysis.ipynb,WH10-D-C016,23a53462d3cc06e1,4,1250,1250
WH10,wh10_final_selected,0000_027,boundary,YYXZ,38,38_Data_withMagic_theta_0000_mu_027_bound_YYXZ_rx010_ry020_rz000_xx027.qpy,data/executed_circuits/WH10/0000_027/38_Data_withMagic_theta_0000_mu_027_bound_YYXZ_rx010_ry020_rz000_xx027.qpy,0448f97d175f38824a3cf53213d4f6c205925cb5355641835b929d03411f72bb,holography-on-ionq/Testing flow/Circuits/Data_batch/WH/Data_0000_027/38_Data_withMagic_theta_0000_mu_027_bound_YYXZ_rx010_ry020_rz000_xx027.qpy,holography-on-ionq/Testing flow/wormhole_data_analysis.ipynb,WH10-D-C016,23a53462d3cc06e1,4,1250,1250
WH10,wh10_final_selected,0000_027,boundary,YYYX,39,39_Data_withMagic_theta_0000_mu_027_bound_YYYX_rx010_ry020_rz000_xx027.qpy,data/executed_circuits/WH10/0000_027/39_Data_withMagic_theta_0000_mu_027_bound_YYYX_rx010_ry020_rz000_xx027.qpy,11546280d15dc8c338a8c1f3d003ecb55cc4883e9b1226a58e2675d533611a2f,holography-on-ionq/Testing flow/Circuits/Data_batch/WH/Data_0000_027/39_Data_withMagic_theta_0000_mu_027_bound_YYYX_rx010_ry020_rz000_xx027.qpy,holography-on-ionq/Testing flow/wormhole_data_analysis.ipynb,WH10-D-C016,23a53462d3cc06e1,4,1250,1250
WH10,wh10_final_selected,0000_027,boundary,YYYY,40,40_Data_withMagic_theta_0000_mu_027_bound_YYYY_rx010_ry020_rz000_xx027.qpy,data/executed_circuits/WH10/0000_027/40_Data_withMagic_theta_0000_mu_027_bound_YYYY_rx010_ry020_rz000_xx027.qpy,50e318fb924c650eb5236bf580f248dd7d164b6b4ba941e2a5f96081685e5e3d,holography-on-ionq/Testing flow/Circuits/Data_batch/WH/Data_0000_027/40_Data_withMagic_theta_0000_mu_027_bound_YYYY_rx010_ry020_rz000_xx027.qpy,holography-on-ionq/Testing flow/wormhole_data_analysis.ipynb,WH10-D-C016,23a53462d3cc06e1,4,1250,1250
WH10,wh10_final_selected,0000_027,boundary,YYYZ,41,41_Data_withMagic_theta_0000_mu_027_bound_YYYZ_rx010_ry020_rz000_xx027.qpy,data/executed_circuits/WH10/0000_027/41_Data_withMagic_theta_0000_mu_027_bound_YYYZ_rx010_ry020_rz000_xx027.qpy,35a713164a26ad67675deca2a50dd1bb912ae63c33a76726371b4311c5221a3f,holography-on-ionq/Testing flow/Circuits/Data_batch/WH/Data_0000_027/41_Data_withMagic_theta_0000_mu_027_bound_YYYZ_rx010_ry020_rz000_xx027.qpy,holography-on-ionq/Testing flow/wormhole_data_analysis.ipynb,WH10-D-C016,23a53462d3cc06e1,4,1250,1250
WH10,wh10_final_selected,0000_027,boundary,YYZX,42,42_Data_withMagic_theta_0000_mu_027_bound_YYZX_rx010_ry020_rz000_xx027.qpy,data/executed_circuits/WH10/0000_027/42_Data_withMagic_theta_0000_mu_027_bound_YYZX_rx010_ry020_rz000_xx027.qpy,d8595e639f5e04a1cb67051c185ea48284b03778f823081556c9933a6f8f154d,holography-on-ionq/Testing flow/Circuits/Data_batch/WH/Data_0000_027/42_Data_withMagic_theta_0000_mu_027_bound_YYZX_rx010_ry020_rz000_xx027.qpy,holography-on-ionq/Testing flow/wormhole_data_analysis.ipynb,WH10-D-C016,23a53462d3cc06e1,4,1250,1250
WH10,wh10_final_selected,0000_027,boundary,YYZY,43,43_Data_withMagic_theta_0000_mu_027_bound_YYZY_rx010_ry020_rz000_xx027.qpy,data/executed_circuits/WH10/0000_027/43_Data_withMagic_theta_0000_mu_027_bound_YYZY_rx010_ry020_rz000_xx027.qpy,39e1adb572b0d953f449da9e7410f9183ddf93479441bfbc5157030629167fb6,holography-on-ionq/Testing flow/Circuits/Data_batch/WH/Data_0000_027/43_Data_withMagic_theta_0000_mu_027_bound_YYZY_rx010_ry020_rz000_xx027.qpy,holography-on-ionq/Testing flow/wormhole_data_analysis.ipynb,WH10-D-C016,23a53462d3cc06e1,4,1250,1250
WH10,wh10_final_selected,0000_027,boundary,YYZZ,44,44_Data_withMagic_theta_0000_mu_027_bound_YYZZ_rx010_ry020_rz000_xx027.qpy,data/executed_circuits/WH10/0000_027/44_Data_withMagic_theta_0000_mu_027_bound_YYZZ_rx010_ry020_rz000_xx027.qpy,50443ebe2bdc96fec48a5d6e7fc3f38201a9bdcffc2ab03fdfafa1eb56037d58,holography-on-ionq/Testing flow/Circuits/Data_batch/WH/Data_0000_027/44_Data_withMagic_theta_0000_mu_027_bound_YYZZ_rx010_ry020_rz000_xx027.qpy,holography-on-ionq/Testing flow/wormhole_data_analysis.ipynb,WH10-D-C016,23a53462d3cc06e1,4,1250,1250
WH10,wh10_final_selected,0000_027,boundary,YZXX,45,45_Data_withMagic_theta_0000_mu_027_bound_YZXX_rx010_ry020_rz000_xx027.qpy,data/executed_circuits/WH10/0000_027/45_Data_withMagic_theta_0000_mu_027_bound_YZXX_rx010_ry020_rz000_xx027.qpy,f4bfc06b8a24cafab3e2dcef848086b8ce4aa93cd0d5028acbefca3eb3e53dfb,holography-on-ionq/Testing flow/Circuits/Data_batch/WH/Data_0000_027/45_Data_withMagic_theta_0000_mu_027_bound_YZXX_rx010_ry020_rz000_xx027.qpy,holography-on-ionq/Testing flow/wormhole_data_analysis.ipynb,WH10-D-C016,23a53462d3cc06e1,4,1250,1250
WH10,wh10_final_selected,0000_027,boundary,YZXY,46,46_Data_withMagic_theta_0000_mu_027_bound_YZXY_rx010_ry020_rz000_xx027.qpy,data/executed_circuits/WH10/0000_027/46_Data_withMagic_theta_0000_mu_027_bound_YZXY_rx010_ry020_rz000_xx027.qpy,6e4d2ba205bacef84526e034f8814645ad7960ea487c4cf54f427babc07c0615,holography-on-ionq/Testing flow/Circuits/Data_batch/WH/Data_0000_027/46_Data_withMagic_theta_0000_mu_027_bound_YZXY_rx010_ry020_rz000_xx027.qpy,holography-on-ionq/Testing flow/wormhole_data_analysis.ipynb,WH10-D-C016,23a53462d3cc06e1,4,1250,1250
WH10,wh10_final_selected,0000_027,boundary,YZXZ,47,47_Data_withMagic_theta_0000_mu_027_bound_YZXZ_rx010_ry020_rz000_xx027.qpy,data/executed_circuits/WH10/0000_027/47_Data_withMagic_theta_0000_mu_027_bound_YZXZ_rx010_ry020_rz000_xx027.qpy,12c2364b0277a6c18e6ef0583a49fc72b85f96a0548f5ddc7859600780a2e915,holography-on-ionq/Testing flow/Circuits/Data_batch/WH/Data_0000_027/47_Data_withMagic_theta_0000_mu_027_bound_YZXZ_rx010_ry020_rz000_xx027.qpy,holography-on-ionq/Testing flow/wormhole_data_analysis.ipynb,WH10-D-C016,23a53462d3cc06e1,4,1250,1250
WH10,wh10_final_selected,0000_027,boundary,YZYX,48,48_Data_withMagic_theta_0000_mu_027_bound_YZYX_rx010_ry020_rz000_xx027.qpy,data/executed_circuits/WH10/0000_027/48_Data_withMagic_theta_0000_mu_027_bound_YZYX_rx010_ry020_rz000_xx027.qpy,49b52b887bd0fe5aac62c4a655258a9bde0be5022b1a3c893368f2574fb359d2,holography-on-ionq/Testing flow/Circuits/Data_batch/WH/Data_0000_027/48_Data_withMagic_theta_0000_mu_027_bound_YZYX_rx010_ry020_rz000_xx027.qpy,holography-on-ionq/Testing flow/wormhole_data_analysis.ipynb,WH10-D-C016,23a53462d3cc06e1,4,1250,1250
WH10,wh10_final_selected,0000_027,boundary,YZYY,49,49_Data_withMagic_theta_0000_mu_027_bound_YZYY_rx010_ry020_rz000_xx027.qpy,data/executed_circuits/WH10/0000_027/49_Data_withMagic_theta_0000_mu_027_bound_YZYY_rx010_ry020_rz000_xx027.qpy,a3bc2e8747dc65475222db9a6762c7a85becd764750ba6e141b1087f94af0b19,holography-on-ionq/Testing flow/Circuits/Data_batch/WH/Data_0000_027/49_Data_withMagic_theta_0000_mu_027_bound_YZYY_rx010_ry020_rz000_xx027.qpy,holography-on-ionq/Testing flow/wormhole_data_analysis.ipynb,WH10-D-C016,23a53462d3cc06e1,4,1250,1250
WH10,wh10_final_selected,0000_027,boundary,YZYZ,50,50_Data_withMagic_theta_0000_mu_027_bound_YZYZ_rx010_ry020_rz000_xx027.qpy,data/executed_circuits/WH10/0000_027/50_Data_withMagic_theta_0000_mu_027_bound_YZYZ_rx010_ry020_rz000_xx027.qpy,55af8899c957e496988d22a426bf9d6ed43b9200ab2b387c33f75a7a6b178931,holography-on-ionq/Testing flow/Circuits/Data_batch/WH/Data_0000_027/50_Data_withMagic_theta_0000_mu_027_bound_YZYZ_rx010_ry020_rz000_xx027.qpy,holography-on-ionq/Testing flow/wormhole_data_analysis.ipynb,WH10-D-C016,23a53462d3cc06e1,4,1250,1250
WH10,wh10_final_selected,0000_027,boundary,YZZX,51,51_Data_withMagic_theta_0000_mu_027_bound_YZZX_rx010_ry020_rz000_xx027.qpy,data/executed_circuits/WH10/0000_027/51_Data_withMagic_theta_0000_mu_027_bound_YZZX_rx010_ry020_rz000_xx027.qpy,0ab47d06bd093a87ccfa6bdd03356f401a7ad7c84a36282ee2faac3b75ac440d,holography-on-ionq/Testing flow/Circuits/Data_batch/WH/Data_0000_027/51_Data_withMagic_theta_0000_mu_027_bound_YZZX_rx010_ry020_rz000_xx027.qpy,holography-on-ionq/Testing flow/wormhole_data_analysis.ipynb,WH10-D-C016,23a53462d3cc06e1,4,1250,1250
WH10,wh10_final_selected,0000_027,boundary,YZZY,52,52_Data_withMagic_theta_0000_mu_027_bound_YZZY_rx010_ry020_rz000_xx027.qpy,data/executed_circuits/WH10/0000_027/52_Data_withMagic_theta_0000_mu_027_bound_YZZY_rx010_ry020_rz000_xx027.qpy,c927ce67d5cc2294667354f3a0e1daa3fd28a104a348e005a03e8e8a6e11be2b,holography-on-ionq/Testing flow/Circuits/Data_batch/WH/Data_0000_027/52_Data_withMagic_theta_0000_mu_027_bound_YZZY_rx010_ry020_rz000_xx027.qpy,holography-on-ionq/Testing flow/wormhole_data_analysis.ipynb,WH10-D-C016,23a53462d3cc06e1,4,1250,1250
WH10,wh10_final_selected,0000_027,boundary,YZZZ,53,53_Data_withMagic_theta_0000_mu_027_bound_YZZZ_rx010_ry020_rz000_xx027.qpy,data/executed_circuits/WH10/0000_027/53_Data_withMagic_theta_0000_mu_027_bound_YZZZ_rx010_ry020_rz000_xx027.qpy,834d509f3e7edfad7032acc026d5f68760917bb855a173999c2c3eb8753fd5be,holography-on-ionq/Testing flow/Circuits/Data_batch/WH/Data_0000_027/53_Data_withMagic_theta_0000_mu_027_bound_YZZZ_rx010_ry020_rz000_xx027.qpy,holography-on-ionq/Testing flow/wormhole_data_analysis.ipynb,WH10-D-C016,23a53462d3cc06e1,4,1250,1250
WH10,wh10_final_selected,0000_027,boundary,ZXXX,54,54_Data_withMagic_theta_0000_mu_027_bound_ZXXX_rx010_ry020_rz000_xx027.qpy,data/executed_circuits/WH10/0000_027/54_Data_withMagic_theta_0000_mu_027_bound_ZXXX_rx010_ry020_rz000_xx027.qpy,847a9c7784661695c30bbdb88444b04ff27bf1606eb7901553a1ff0a07b65948,holography-on-ionq/Testing flow/Circuits/Data_batch/WH/Data_0000_027/54_Data_withMagic_theta_0000_mu_027_bound_ZXXX_rx010_ry020_rz000_xx027.qpy,holography-on-ionq/Testing flow/wormhole_data_analysis.ipynb,WH10-D-C016,23a53462d3cc06e1,4,1250,1250
WH10,wh10_final_selected,0000_027,boundary,ZXXY,55,55_Data_withMagic_theta_0000_mu_027_bound_ZXXY_rx010_ry020_rz000_xx027.qpy,data/executed_circuits/WH10/0000_027/55_Data_withMagic_theta_0000_mu_027_bound_ZXXY_rx010_ry020_rz000_xx027.qpy,b4b184d745f9b2d81ddf4fa06dd1efc4d30017537669be54d825d45dea486977,holography-on-ionq/Testing flow/Circuits/Data_batch/WH/Data_0000_027/55_Data_withMagic_theta_0000_mu_027_bound_ZXXY_rx010_ry020_rz000_xx027.qpy,holography-on-ionq/Testing flow/wormhole_data_analysis.ipynb,WH10-D-C016,23a53462d3cc06e1,4,1250,1250
WH10,wh10_final_selected,0000_027,boundary,ZXXZ,56,56_Data_withMagic_theta_0000_mu_027_bound_ZXXZ_rx010_ry020_rz000_xx027.qpy,data/executed_circuits/WH10/0000_027/56_Data_withMagic_theta_0000_mu_027_bound_ZXXZ_rx010_ry020_rz000_xx027.qpy,2d541b07bb769d514206ddeeca2a1e72a1c5f833ba999bebc785cccc76755d52,holography-on-ionq/Testing flow/Circuits/Data_batch/WH/Data_0000_027/56_Data_withMagic_theta_0000_mu_027_bound_ZXXZ_rx010_ry020_rz000_xx027.qpy,holography-on-ionq/Testing flow/wormhole_data_analysis.ipynb,WH10-D-C016,23a53462d3cc06e1,4,1250,1250
WH10,wh10_final_selected,0000_027,boundary,ZXYX,57,57_Data_withMagic_theta_0000_mu_027_bound_ZXYX_rx010_ry020_rz000_xx027.qpy,data/executed_circuits/WH10/0000_027/57_Data_withMagic_theta_0000_mu_027_bound_ZXYX_rx010_ry020_rz000_xx027.qpy,20dac774e4a0c664349df7614f3b422681b9d8a5d2d544cd8eeb2300016a092b,holography-on-ionq/Testing flow/Circuits/Data_batch/WH/Data_0000_027/57_Data_withMagic_theta_0000_mu_027_bound_ZXYX_rx010_ry020_rz000_xx027.qpy,holography-on-ionq/Testing flow/wormhole_data_analysis.ipynb,WH10-D-C016,23a53462d3cc06e1,4,1250,1250
WH10,wh10_final_selected,0000_027,boundary,ZXYY,58,58_Data_withMagic_theta_0000_mu_027_bound_ZXYY_rx010_ry020_rz000_xx027.qpy,data/executed_circuits/WH10/0000_027/58_Data_withMagic_theta_0000_mu_027_bound_ZXYY_rx010_ry020_rz000_xx027.qpy,aa2812053d983cff02ae9e8c2c2d87ac211816beb08f1360112f6e81379f551c,holography-on-ionq/Testing flow/Circuits/Data_batch/WH/Data_0000_027/58_Data_withMagic_theta_0000_mu_027_bound_ZXYY_rx010_ry020_rz000_xx027.qpy,holography-on-ionq/Testing flow/wormhole_data_analysis.ipynb,WH10-D-C016,23a53462d3cc06e1,4,1250,1250
WH10,wh10_final_selected,0000_027,boundary,ZXYZ,59,59_Data_withMagic_theta_0000_mu_027_bound_ZXYZ_rx010_ry020_rz000_xx027.qpy,data/executed_circuits/WH10/0000_027/59_Data_withMagic_theta_0000_mu_027_bound_ZXYZ_rx010_ry020_rz000_xx027.qpy,8ba09729e56e4ca5531e3a3f938f2580f68ef1376f3835d43069382fc9ca2d39,holography-on-ionq/Testing flow/Circuits/Data_batch/WH/Data_0000_027/59_Data_withMagic_theta_0000_mu_027_bound_ZXYZ_rx010_ry020_rz000_xx027.qpy,holography-on-ionq/Testing flow/wormhole_data_analysis.ipynb,WH10-D-C016,23a53462d3cc06e1,4,1250,1250
WH10,wh10_final_selected,0000_027,boundary,ZXZX,60,60_Data_withMagic_theta_0000_mu_027_bound_ZXZX_rx010_ry020_rz000_xx027.qpy,data/executed_circuits/WH10/0000_027/60_Data_withMagic_theta_0000_mu_027_bound_ZXZX_rx010_ry020_rz000_xx027.qpy,c6db218e3a04ff4c977958161481afe4d57ae5a144dbac889e6bff3cf515bc71,holography-on-ionq/Testing flow/Circuits/Data_batch/WH/Data_0000_027/60_Data_withMagic_theta_0000_mu_027_bound_ZXZX_rx010_ry020_rz000_xx027.qpy,holography-on-ionq/Testing flow/wormhole_data_analysis.ipynb,WH10-D-C016,23a53462d3cc06e1,4,1250,1250
WH10,wh10_final_selected,0000_027,boundary,ZXZY,61,61_Data_withMagic_theta_0000_mu_027_bound_ZXZY_rx010_ry020_rz000_xx027.qpy,data/executed_circuits/WH10/0000_027/61_Data_withMagic_theta_0000_mu_027_bound_ZXZY_rx010_ry020_rz000_xx027.qpy,3d949ae55e3851798a81d879fd4341ece7dfec639f2b09abbff538405f0f4444,holography-on-ionq/Testing flow/Circuits/Data_batch/WH/Data_0000_027/61_Data_withMagic_theta_0000_mu_027_bound_ZXZY_rx010_ry020_rz000_xx027.qpy,holography-on-ionq/Testing flow/wormhole_data_analysis.ipynb,WH10-D-C016,23a53462d3cc06e1,4,1250,1250
WH10,wh10_final_selected,0000_027,boundary,ZXZZ,62,62_Data_withMagic_theta_0000_mu_027_bound_ZXZZ_rx010_ry020_rz000_xx027.qpy,data/executed_circuits/WH10/0000_027/62_Data_withMagic_theta_0000_mu_027_bound_ZXZZ_rx010_ry020_rz000_xx027.qpy,cfe41848dec5734c4b069fadd97e0e1d66bf10f0c9c757bec77e8c59cc5b44b2,holography-on-ionq/Testing flow/Circuits/Data_batch/WH/Data_0000_027/62_Data_withMagic_theta_0000_mu_027_bound_ZXZZ_rx010_ry020_rz000_xx027.qpy,holography-on-ionq/Testing flow/wormhole_data_analysis.ipynb,WH10-D-C016,23a53462d3cc06e1,4,1250,1250
WH10,wh10_final_selected,0000_027,boundary,ZYXX,63,63_Data_withMagic_theta_0000_mu_027_bound_ZYXX_rx010_ry020_rz000_xx027.qpy,data/executed_circuits/WH10/0000_027/63_Data_withMagic_theta_0000_mu_027_bound_ZYXX_rx010_ry020_rz000_xx027.qpy,8c118bebd20299baea8aa198fe7e7b1ff906a91ff8fecb70251b0cbdc2604898,holography-on-ionq/Testing flow/Circuits/Data_batch/WH/Data_0000_027/63_Data_withMagic_theta_0000_mu_027_bound_ZYXX_rx010_ry020_rz000_xx027.qpy,holography-on-ionq/Testing flow/wormhole_data_analysis.ipynb,WH10-D-C016,23a53462d3cc06e1,4,1250,1250
WH10,wh10_final_selected,0000_027,boundary,ZYXY,64,64_Data_withMagic_theta_0000_mu_027_bound_ZYXY_rx010_ry020_rz000_xx027.qpy,data/executed_circuits/WH10/0000_027/64_Data_withMagic_theta_0000_mu_027_bound_ZYXY_rx010_ry020_rz000_xx027.qpy,0d26b6220782fe347056cdde14f4496afbeb7d82605b3984be1e6e0b489e85ce,holography-on-ionq/Testing flow/Circuits/Data_batch/WH/Data_0000_027/64_Data_withMagic_theta_0000_mu_027_bound_ZYXY_rx010_ry020_rz000_xx027.qpy,holography-on-ionq/Testing flow/wormhole_data_analysis.ipynb,WH10-D-C016,23a53462d3cc06e1,4,1250,1250
WH10,wh10_final_selected,0000_027,boundary,ZYXZ,65,65_Data_withMagic_theta_0000_mu_027_bound_ZYXZ_rx010_ry020_rz000_xx027.qpy,data/executed_circuits/WH10/0000_027/65_Data_withMagic_theta_0000_mu_027_bound_ZYXZ_rx010_ry020_rz000_xx027.qpy,a577edba7915a84980f17380f1e04d94fae534fb596242ec8a15c319894be423,holography-on-ionq/Testing flow/Circuits/Data_batch/WH/Data_0000_027/65_Data_withMagic_theta_0000_mu_027_bound_ZYXZ_rx010_ry020_rz000_xx027.qpy,holography-on-ionq/Testing flow/wormhole_data_analysis.ipynb,WH10-D-C016,23a53462d3cc06e1,4,1250,1250
WH10,wh10_final_selected,0000_027,boundary,ZYYX,66,66_Data_withMagic_theta_0000_mu_027_bound_ZYYX_rx010_ry020_rz000_xx027.qpy,data/executed_circuits/WH10/0000_027/66_Data_withMagic_theta_0000_mu_027_bound_ZYYX_rx010_ry020_rz000_xx027.qpy,abc44077312e51a14b40c527761aa7dabf43ccc5687e07205b70eac511a190d9,holography-on-ionq/Testing flow/Circuits/Data_batch/WH/Data_0000_027/66_Data_withMagic_theta_0000_mu_027_bound_ZYYX_rx010_ry020_rz000_xx027.qpy,holography-on-ionq/Testing flow/wormhole_data_analysis.ipynb,WH10-D-C016,23a53462d3cc06e1,4,1250,1250
WH10,wh10_final_selected,0000_027,boundary,ZYYY,67,67_Data_withMagic_theta_0000_mu_027_bound_ZYYY_rx010_ry020_rz000_xx027.qpy,data/executed_circuits/WH10/0000_027/67_Data_withMagic_theta_0000_mu_027_bound_ZYYY_rx010_ry020_rz000_xx027.qpy,1d05d3ef94bedc38f88b6e3119ef9f32091ce69e61e067148ca78e3de0e9f2ae,holography-on-ionq/Testing flow/Circuits/Data_batch/WH/Data_0000_027/67_Data_withMagic_theta_0000_mu_027_bound_ZYYY_rx010_ry020_rz000_xx027.qpy,holography-on-ionq/Testing flow/wormhole_data_analysis.ipynb,WH10-D-C016,23a53462d3cc06e1,4,1250,1250
WH10,wh10_final_selected,0000_027,boundary,ZYYZ,68,68_Data_withMagic_theta_0000_mu_027_bound_ZYYZ_rx010_ry020_rz000_xx027.qpy,data/executed_circuits/WH10/0000_027/68_Data_withMagic_theta_0000_mu_027_bound_ZYYZ_rx010_ry020_rz000_xx027.qpy,be19949ba84e1949f838328ced84a9dc585dcb282252b4a77df5724680cbd9c8,holography-on-ionq/Testing flow/Circuits/Data_batch/WH/Data_0000_027/68_Data_withMagic_theta_0000_mu_027_bound_ZYYZ_rx010_ry020_rz000_xx027.qpy,holography-on-ionq/Testing flow/wormhole_data_analysis.ipynb,WH10-D-C016,23a53462d3cc06e1,4,1250,1250
WH10,wh10_final_selected,0000_027,boundary,ZYZX,69,69_Data_withMagic_theta_0000_mu_027_bound_ZYZX_rx010_ry020_rz000_xx027.qpy,data/executed_circuits/WH10/0000_027/69_Data_withMagic_theta_0000_mu_027_bound_ZYZX_rx010_ry020_rz000_xx027.qpy,f391959945dbef02b1425c56395c12acbc31798678eb1f8e3413153beca77bb9,holography-on-ionq/Testing flow/Circuits/Data_batch/WH/Data_0000_027/69_Data_withMagic_theta_0000_mu_027_bound_ZYZX_rx010_ry020_rz000_xx027.qpy,holography-on-ionq/Testing flow/wormhole_data_analysis.ipynb,WH10-D-C016,23a53462d3cc06e1,4,1250,1250
WH10,wh10_final_selected,0000_027,boundary,ZYZY,70,70_Data_withMagic_theta_0000_mu_027_bound_ZYZY_rx010_ry020_rz000_xx027.qpy,data/executed_circuits/WH10/0000_027/70_Data_withMagic_theta_0000_mu_027_bound_ZYZY_rx010_ry020_rz000_xx027.qpy,aebcadf5c54ba0d6acaa8bb09532dfd4efd7a8779b624d0ccc8c99f537ad4451,holography-on-ionq/Testing flow/Circuits/Data_batch/WH/Data_0000_027/70_Data_withMagic_theta_0000_mu_027_bound_ZYZY_rx010_ry020_rz000_xx027.qpy,holography-on-ionq/Testing flow/wormhole_data_analysis.ipynb,WH10-D-C016,23a53462d3cc06e1,4,1250,1250
WH10,wh10_final_selected,0000_027,boundary,ZYZZ,71,71_Data_withMagic_theta_0000_mu_027_bound_ZYZZ_rx010_ry020_rz000_xx027.qpy,data/executed_circuits/WH10/0000_027/71_Data_withMagic_theta_0000_mu_027_bound_ZYZZ_rx010_ry020_rz000_xx027.qpy,ef58b69fbb91b291d6d22207e29010044ffe218f0f840c79d0502be77c860776,holography-on-ionq/Testing flow/Circuits/Data_batch/WH/Data_0000_027/71_Data_withMagic_theta_0000_mu_027_bound_ZYZZ_rx010_ry020_rz000_xx027.qpy,holography-on-ionq/Testing flow/wormhole_data_analysis.ipynb,WH10-D-C016,23a53462d3cc06e1,4,1250,1250
WH10,wh10_final_selected,0000_027,boundary,ZZXX,72,72_Data_withMagic_theta_0000_mu_027_bound_ZZXX_rx010_ry020_rz000_xx027.qpy,data/executed_circuits/WH10/0000_027/72_Data_withMagic_theta_0000_mu_027_bound_ZZXX_rx010_ry020_rz000_xx027.qpy,6aeb50113ca7feb6cae0ce3156605f7d48e100250ae70afe87893636bb06df2d,holography-on-ionq/Testing flow/Circuits/Data_batch/WH/Data_0000_027/72_Data_withMagic_theta_0000_mu_027_bound_ZZXX_rx010_ry020_rz000_xx027.qpy,holography-on-ionq/Testing flow/wormhole_data_analysis.ipynb,WH10-D-C016,23a53462d3cc06e1,4,1250,1250
WH10,wh10_final_selected,0000_027,boundary,ZZXY,73,73_Data_withMagic_theta_0000_mu_027_bound_ZZXY_rx010_ry020_rz000_xx027.qpy,data/executed_circuits/WH10/0000_027/73_Data_withMagic_theta_0000_mu_027_bound_ZZXY_rx010_ry020_rz000_xx027.qpy,6aa14094c838e3d98698ed1380377253f7335b90a4019daaac9bb02835e0c0be,holography-on-ionq/Testing flow/Circuits/Data_batch/WH/Data_0000_027/73_Data_withMagic_theta_0000_mu_027_bound_ZZXY_rx010_ry020_rz000_xx027.qpy,holography-on-ionq/Testing flow/wormhole_data_analysis.ipynb,WH10-D-C016,23a53462d3cc06e1,4,1250,1250
WH10,wh10_final_selected,0000_027,boundary,ZZXZ,74,74_Data_withMagic_theta_0000_mu_027_bound_ZZXZ_rx010_ry020_rz000_xx027.qpy,data/executed_circuits/WH10/0000_027/74_Data_withMagic_theta_0000_mu_027_bound_ZZXZ_rx010_ry020_rz000_xx027.qpy,8d60e72c2132808dfcf97cea12a2282bd706da0074ab99ccd908bdd5ca6592e4,holography-on-ionq/Testing flow/Circuits/Data_batch/WH/Data_0000_027/74_Data_withMagic_theta_0000_mu_027_bound_ZZXZ_rx010_ry020_rz000_xx027.qpy,holography-on-ionq/Testing flow/wormhole_data_analysis.ipynb,WH10-D-C016,23a53462d3cc06e1,4,1250,1250
WH10,wh10_final_selected,0000_027,boundary,ZZYX,75,75_Data_withMagic_theta_0000_mu_027_bound_ZZYX_rx010_ry020_rz000_xx027.qpy,data/executed_circuits/WH10/0000_027/75_Data_withMagic_theta_0000_mu_027_bound_ZZYX_rx010_ry020_rz000_xx027.qpy,263d388d82b4922768ea00a086c7aad97ac9ff0da94ea5bea104b0f2b9090c3e,holography-on-ionq/Testing flow/Circuits/Data_batch/WH/Data_0000_027/75_Data_withMagic_theta_0000_mu_027_bound_ZZYX_rx010_ry020_rz000_xx027.qpy,holography-on-ionq/Testing flow/wormhole_data_analysis.ipynb,WH10-D-C016,23a53462d3cc06e1,4,1250,1250
WH10,wh10_final_selected,0000_027,boundary,ZZYY,76,76_Data_withMagic_theta_0000_mu_027_bound_ZZYY_rx010_ry020_rz000_xx027.qpy,data/executed_circuits/WH10/0000_027/76_Data_withMagic_theta_0000_mu_027_bound_ZZYY_rx010_ry020_rz000_xx027.qpy,d240ba4a7245de3b8972fa4b1c1b6ce2b65da925fa1a9e8ab6dc8be2f594adda,holography-on-ionq/Testing flow/Circuits/Data_batch/WH/Data_0000_027/76_Data_withMagic_theta_0000_mu_027_bound_ZZYY_rx010_ry020_rz000_xx027.qpy,holography-on-ionq/Testing flow/wormhole_data_analysis.ipynb,WH10-D-C016,23a53462d3cc06e1,4,1250,1250
WH10,wh10_final_selected,0000_027,boundary,ZZYZ,77,77_Data_withMagic_theta_0000_mu_027_bound_ZZYZ_rx010_ry020_rz000_xx027.qpy,data/executed_circuits/WH10/0000_027/77_Data_withMagic_theta_0000_mu_027_bound_ZZYZ_rx010_ry020_rz000_xx027.qpy,18421ceea98d86e5937597e9e041ab16a29e03dc830ac93df22fca97528e2f6f,holography-on-ionq/Testing flow/Circuits/Data_batch/WH/Data_0000_027/77_Data_withMagic_theta_0000_mu_027_bound_ZZYZ_rx010_ry020_rz000_xx027.qpy,holography-on-ionq/Testing flow/wormhole_data_analysis.ipynb,WH10-D-C016,23a53462d3cc06e1,4,1250,1250
WH10,wh10_final_selected,0000_027,boundary,ZZZX,78,78_Data_withMagic_theta_0000_mu_027_bound_ZZZX_rx010_ry020_rz000_xx027.qpy,data/executed_circuits/WH10/0000_027/78_Data_withMagic_theta_0000_mu_027_bound_ZZZX_rx010_ry020_rz000_xx027.qpy,cda9b7bd99c9c1b4c9169be9ea03791335db3b136c9983cb0d8a040ba4da252e,holography-on-ionq/Testing flow/Circuits/Data_batch/WH/Data_0000_027/78_Data_withMagic_theta_0000_mu_027_bound_ZZZX_rx010_ry020_rz000_xx027.qpy,holography-on-ionq/Testing flow/wormhole_data_analysis.ipynb,WH10-D-C016,23a53462d3cc06e1,4,1250,1250
WH10,wh10_final_selected,0000_027,boundary,ZZZY,79,79_Data_withMagic_theta_0000_mu_027_bound_ZZZY_rx010_ry020_rz000_xx027.qpy,data/executed_circuits/WH10/0000_027/79_Data_withMagic_theta_0000_mu_027_bound_ZZZY_rx010_ry020_rz000_xx027.qpy,1c5eeeef727090f001a7ff460806e3e3e130a6c1a0b29cc8da6575dc11bd21a1,holography-on-ionq/Testing flow/Circuits/Data_batch/WH/Data_0000_027/79_Data_withMagic_theta_0000_mu_027_bound_ZZZY_rx010_ry020_rz000_xx027.qpy,holography-on-ionq/Testing flow/wormhole_data_analysis.ipynb,WH10-D-C016,23a53462d3cc06e1,4,1250,1250
WH10,wh10_final_selected,0000_027,boundary,ZZZZ,80,80_Data_withMagic_theta_0000_mu_027_bound_ZZZZ_rx010_ry020_rz000_xx027.qpy,data/executed_circuits/WH10/0000_027/80_Data_withMagic_theta_0000_mu_027_bound_ZZZZ_rx010_ry020_rz000_xx027.qpy,de7b51b79eb5023e0104cefba5bf153ef88552167c7afeedfffb9144345e1208,holography-on-ionq/Testing flow/Circuits/Data_batch/WH/Data_0000_027/80_Data_withMagic_theta_0000_mu_027_bound_ZZZZ_rx010_ry020_rz000_xx027.qpy,holography-on-ionq/Testing flow/wormhole_data_analysis.ipynb,WH10-D-C016,23a53462d3cc06e1,4,1250,1250
WH10,wh10_final_selected,0000_027,bulk,XX,81,81_Data_withMagic_theta_0000_mu_027_bulk_XX_rx010_ry020_rz000_xx027.qpy,data/executed_circuits/WH10/0000_027/81_Data_withMagic_theta_0000_mu_027_bulk_XX_rx010_ry020_rz000_xx027.qpy,85033d3f2dcaccc4f6d11d6d6ac96bd06aa6ffd5ad706dff091706a1e2c9884b,holography-on-ionq/Testing flow/Circuits/Data_batch/WH/Data_0000_027/81_Data_withMagic_theta_0000_mu_027_bulk_XX_rx010_ry020_rz000_xx027.qpy,holography-on-ionq/Testing flow/wormhole_data_analysis.ipynb,WH10-D-C016,23a53462d3cc06e1,4,1250,1250
WH10,wh10_final_selected,0000_027,bulk,XY,82,82_Data_withMagic_theta_0000_mu_027_bulk_XY_rx010_ry020_rz000_xx027.qpy,data/executed_circuits/WH10/0000_027/82_Data_withMagic_theta_0000_mu_027_bulk_XY_rx010_ry020_rz000_xx027.qpy,5f4be872e4c302c7f311c1737802549f3a83e7b0873b4fc758ccec0babca2bf6,holography-on-ionq/Testing flow/Circuits/Data_batch/WH/Data_0000_027/82_Data_withMagic_theta_0000_mu_027_bulk_XY_rx010_ry020_rz000_xx027.qpy,holography-on-ionq/Testing flow/wormhole_data_analysis.ipynb,WH10-D-C016,23a53462d3cc06e1,4,1250,1250
WH10,wh10_final_selected,0000_027,bulk,XZ,83,83_Data_withMagic_theta_0000_mu_027_bulk_XZ_rx010_ry020_rz000_xx027.qpy,data/executed_circuits/WH10/0000_027/83_Data_withMagic_theta_0000_mu_027_bulk_XZ_rx010_ry020_rz000_xx027.qpy,5156256f7c7a66a414490050a1e3e779bb47f2c7a64e5339bb4e37cbd2f75251,holography-on-ionq/Testing flow/Circuits/Data_batch/WH/Data_0000_027/83_Data_withMagic_theta_0000_mu_027_bulk_XZ_rx010_ry020_rz000_xx027.qpy,holography-on-ionq/Testing flow/wormhole_data_analysis.ipynb,WH10-D-C016,23a53462d3cc06e1,4,1250,1250
WH10,wh10_final_selected,0000_027,bulk,YX,84,84_Data_withMagic_theta_0000_mu_027_bulk_YX_rx010_ry020_rz000_xx027.qpy,data/executed_circuits/WH10/0000_027/84_Data_withMagic_theta_0000_mu_027_bulk_YX_rx010_ry020_rz000_xx027.qpy,f309e41c416988ed7e32a9292b7d54f21aeb5977f00e521d592e8d087f4b6991,holography-on-ionq/Testing flow/Circuits/Data_batch/WH/Data_0000_027/84_Data_withMagic_theta_0000_mu_027_bulk_YX_rx010_ry020_rz000_xx027.qpy,holography-on-ionq/Testing flow/wormhole_data_analysis.ipynb,WH10-D-C016,23a53462d3cc06e1,4,1250,1250
WH10,wh10_final_selected,0000_027,bulk,YY,85,85_Data_withMagic_theta_0000_mu_027_bulk_YY_rx010_ry020_rz000_xx027.qpy,data/executed_circuits/WH10/0000_027/85_Data_withMagic_theta_0000_mu_027_bulk_YY_rx010_ry020_rz000_xx027.qpy,e58a29a4f641e5aeea8b1480aab47170283f269d69e659930bfa8af706b8d0a0,holography-on-ionq/Testing flow/Circuits/Data_batch/WH/Data_0000_027/85_Data_withMagic_theta_0000_mu_027_bulk_YY_rx010_ry020_rz000_xx027.qpy,holography-on-ionq/Testing flow/wormhole_data_analysis.ipynb,WH10-D-C016,23a53462d3cc06e1,4,1250,1250
WH10,wh10_final_selected,0000_027,bulk,YZ,86,86_Data_withMagic_theta_0000_mu_027_bulk_YZ_rx010_ry020_rz000_xx027.qpy,data/executed_circuits/WH10/0000_027/86_Data_withMagic_theta_0000_mu_027_bulk_YZ_rx010_ry020_rz000_xx027.qpy,147809fa8174d11ba17c37264a35a98c651d731f8d73462f012848963fdb3a8e,holography-on-ionq/Testing flow/Circuits/Data_batch/WH/Data_0000_027/86_Data_withMagic_theta_0000_mu_027_bulk_YZ_rx010_ry020_rz000_xx027.qpy,holography-on-ionq/Testing flow/wormhole_data_analysis.ipynb,WH10-D-C016,23a53462d3cc06e1,4,1250,1250
WH10,wh10_final_selected,0000_027,bulk,ZX,87,87_Data_withMagic_theta_0000_mu_027_bulk_ZX_rx010_ry020_rz000_xx027.qpy,data/executed_circuits/WH10/0000_027/87_Data_withMagic_theta_0000_mu_027_bulk_ZX_rx010_ry020_rz000_xx027.qpy,1db4b836c838abf3b2b0223f68445b51a187d8d5f269e5badc66d42f7c227d91,holography-on-ionq/Testing flow/Circuits/Data_batch/WH/Data_0000_027/87_Data_withMagic_theta_0000_mu_027_bulk_ZX_rx010_ry020_rz000_xx027.qpy,holography-on-ionq/Testing flow/wormhole_data_analysis.ipynb,WH10-D-C016,23a53462d3cc06e1,4,1250,1250
WH10,wh10_final_selected,0000_027,bulk,ZY,88,88_Data_withMagic_theta_0000_mu_027_bulk_ZY_rx010_ry020_rz000_xx027.qpy,data/executed_circuits/WH10/0000_027/88_Data_withMagic_theta_0000_mu_027_bulk_ZY_rx010_ry020_rz000_xx027.qpy,564ea6422e82776174612728b7db0f0cd21534a4548dcbf7c086bfc6e75b99c8,holography-on-ionq/Testing flow/Circuits/Data_batch/WH/Data_0000_027/88_Data_withMagic_theta_0000_mu_027_bulk_ZY_rx010_ry020_rz000_xx027.qpy,holography-on-ionq/Testing flow/wormhole_data_analysis.ipynb,WH10-D-C016,23a53462d3cc06e1,4,1250,1250
WH10,wh10_final_selected,0000_027,bulk,ZZ,89,89_Data_withMagic_theta_0000_mu_027_bulk_ZZ_rx010_ry020_rz000_xx027.qpy,data/executed_circuits/WH10/0000_027/89_Data_withMagic_theta_0000_mu_027_bulk_ZZ_rx010_ry020_rz000_xx027.qpy,a7abb5555da7260b01b65424715170da3e477214263f08ed54092eef83e8092e,holography-on-ionq/Testing flow/Circuits/Data_batch/WH/Data_0000_027/89_Data_withMagic_theta_0000_mu_027_bulk_ZZ_rx010_ry020_rz000_xx027.qpy,holography-on-ionq/Testing flow/wormhole_data_analysis.ipynb,WH10-D-C016,23a53462d3cc06e1,4,1250,1250
WH10,wh10_final_selected,0393_000,boundary,XXXX,0,00_Data_zeromagic_theta_0393_mu_000_bound_XXXX_rx000_ry000_rz000_xx000.qpy,data/executed_circuits/WH10/0393_000/00_Data_zeromagic_theta_0393_mu_000_bound_XXXX_rx000_ry000_rz000_xx000.qpy,1d3c69f8d2188c4a5cf3149a9ae22c4a564fba95396c5ede7c6d0bf68a00e637,holography-on-ionq/Testing flow/Circuits/Data_batch/WH/Data_0393_000/00_Data_zeromagic_theta_0393_mu_000_bound_XXXX_rx000_ry000_rz000_xx000.qpy,holography-on-ionq/Testing flow/wormhole_data_analysis.ipynb,WH10-D-C016,23a53462d3cc06e1,3,1250,1250
WH10,wh10_final_selected,0393_000,boundary,XXXY,1,01_Data_zeromagic_theta_0393_mu_000_bound_XXXY_rx000_ry000_rz000_xx000.qpy,data/executed_circuits/WH10/0393_000/01_Data_zeromagic_theta_0393_mu_000_bound_XXXY_rx000_ry000_rz000_xx000.qpy,41b935c4dffbcea8c4898698337c2358dac4e3f31df2cbd54f2cb9451822722f,holography-on-ionq/Testing flow/Circuits/Data_batch/WH/Data_0393_000/01_Data_zeromagic_theta_0393_mu_000_bound_XXXY_rx000_ry000_rz000_xx000.qpy,holography-on-ionq/Testing flow/wormhole_data_analysis.ipynb,WH10-D-C016,23a53462d3cc06e1,3,1250,1250
WH10,wh10_final_selected,0393_000,boundary,XXXZ,2,02_Data_zeromagic_theta_0393_mu_000_bound_XXXZ_rx000_ry000_rz000_xx000.qpy,data/executed_circuits/WH10/0393_000/02_Data_zeromagic_theta_0393_mu_000_bound_XXXZ_rx000_ry000_rz000_xx000.qpy,4e2299a8d46080c2786e967fddbbcf7d6ca7b5520eed31d333759ef34d79a106,holography-on-ionq/Testing flow/Circuits/Data_batch/WH/Data_0393_000/02_Data_zeromagic_theta_0393_mu_000_bound_XXXZ_rx000_ry000_rz000_xx000.qpy,holography-on-ionq/Testing flow/wormhole_data_analysis.ipynb,WH10-D-C016,23a53462d3cc06e1,3,1250,1250
WH10,wh10_final_selected,0393_000,boundary,XXYX,3,03_Data_zeromagic_theta_0393_mu_000_bound_XXYX_rx000_ry000_rz000_xx000.qpy,data/executed_circuits/WH10/0393_000/03_Data_zeromagic_theta_0393_mu_000_bound_XXYX_rx000_ry000_rz000_xx000.qpy,ace9a75c13841dfd6e0c0c9f51007098fd53712cbf9cca14878ffef97e8cfe8b,holography-on-ionq/Testing flow/Circuits/Data_batch/WH/Data_0393_000/03_Data_zeromagic_theta_0393_mu_000_bound_XXYX_rx000_ry000_rz000_xx000.qpy,holography-on-ionq/Testing flow/wormhole_data_analysis.ipynb,WH10-D-C016,23a53462d3cc06e1,3,1250,1250
WH10,wh10_final_selected,0393_000,boundary,XXYY,4,04_Data_zeromagic_theta_0393_mu_000_bound_XXYY_rx000_ry000_rz000_xx000.qpy,data/executed_circuits/WH10/0393_000/04_Data_zeromagic_theta_0393_mu_000_bound_XXYY_rx000_ry000_rz000_xx000.qpy,7d4f39633bbe0f6d4d8a5ae544a618d4e0699d82447512418aca7b8bd72b506f,holography-on-ionq/Testing flow/Circuits/Data_batch/WH/Data_0393_000/04_Data_zeromagic_theta_0393_mu_000_bound_XXYY_rx000_ry000_rz000_xx000.qpy,holography-on-ionq/Testing flow/wormhole_data_analysis.ipynb,WH10-D-C016,23a53462d3cc06e1,3,1250,1250
WH10,wh10_final_selected,0393_000,boundary,XXYZ,5,05_Data_zeromagic_theta_0393_mu_000_bound_XXYZ_rx000_ry000_rz000_xx000.qpy,data/executed_circuits/WH10/0393_000/05_Data_zeromagic_theta_0393_mu_000_bound_XXYZ_rx000_ry000_rz000_xx000.qpy,d35a8076ad8e7ba9d3f9cac830764d641debb4f9413d49aa8f0297a5ac309e16,holography-on-ionq/Testing flow/Circuits/Data_batch/WH/Data_0393_000/05_Data_zeromagic_theta_0393_mu_000_bound_XXYZ_rx000_ry000_rz000_xx000.qpy,holography-on-ionq/Testing flow/wormhole_data_analysis.ipynb,WH10-D-C016,23a53462d3cc06e1,3,1250,1250
WH10,wh10_final_selected,0393_000,boundary,XXZX,6,06_Data_zeromagic_theta_0393_mu_000_bound_XXZX_rx000_ry000_rz000_xx000.qpy,data/executed_circuits/WH10/0393_000/06_Data_zeromagic_theta_0393_mu_000_bound_XXZX_rx000_ry000_rz000_xx000.qpy,d5ac12e459763b5868c24b4a71ca523a748a8cb7421395febb531c413e129d19,holography-on-ionq/Testing flow/Circuits/Data_batch/WH/Data_0393_000/06_Data_zeromagic_theta_0393_mu_000_bound_XXZX_rx000_ry000_rz000_xx000.qpy,holography-on-ionq/Testing flow/wormhole_data_analysis.ipynb,WH10-D-C016,23a53462d3cc06e1,3,1250,1250
WH10,wh10_final_selected,0393_000,boundary,XXZY,7,07_Data_zeromagic_theta_0393_mu_000_bound_XXZY_rx000_ry000_rz000_xx000.qpy,data/executed_circuits/WH10/0393_000/07_Data_zeromagic_theta_0393_mu_000_bound_XXZY_rx000_ry000_rz000_xx000.qpy,d3ff5204dd9a5c35e49a51ac22b10b49a30ac133680d27543bed88ae11c493bb,holography-on-ionq/Testing flow/Circuits/Data_batch/WH/Data_0393_000/07_Data_zeromagic_theta_0393_mu_000_bound_XXZY_rx000_ry000_rz000_xx000.qpy,holography-on-ionq/Testing flow/wormhole_data_analysis.ipynb,WH10-D-C016,23a53462d3cc06e1,3,1250,1250
WH10,wh10_final_selected,0393_000,boundary,XXZZ,8,08_Data_zeromagic_theta_0393_mu_000_bound_XXZZ_rx000_ry000_rz000_xx000.qpy,data/executed_circuits/WH10/0393_000/08_Data_zeromagic_theta_0393_mu_000_bound_XXZZ_rx000_ry000_rz000_xx000.qpy,4b9af54cfe91e1199fd78ac90c2c1cd059eeb081f2d497ebda35fca50b53341c,holography-on-ionq/Testing flow/Circuits/Data_batch/WH/Data_0393_000/08_Data_zeromagic_theta_0393_mu_000_bound_XXZZ_rx000_ry000_rz000_xx000.qpy,holography-on-ionq/Testing flow/wormhole_data_analysis.ipynb,WH10-D-C016,23a53462d3cc06e1,3,1250,1250
WH10,wh10_final_selected,0393_000,boundary,XYXX,9,09_Data_zeromagic_theta_0393_mu_000_bound_XYXX_rx000_ry000_rz000_xx000.qpy,data/executed_circuits/WH10/0393_000/09_Data_zeromagic_theta_0393_mu_000_bound_XYXX_rx000_ry000_rz000_xx000.qpy,995df35b9c7569572ce9b47f9b92caf548b5a914cd674af61c08efc735b389c5,holography-on-ionq/Testing flow/Circuits/Data_batch/WH/Data_0393_000/09_Data_zeromagic_theta_0393_mu_000_bound_XYXX_rx000_ry000_rz000_xx000.qpy,holography-on-ionq/Testing flow/wormhole_data_analysis.ipynb,WH10-D-C016,23a53462d3cc06e1,3,1250,1250
WH10,wh10_final_selected,0393_000,boundary,XYXY,10,10_Data_zeromagic_theta_0393_mu_000_bound_XYXY_rx000_ry000_rz000_xx000.qpy,data/executed_circuits/WH10/0393_000/10_Data_zeromagic_theta_0393_mu_000_bound_XYXY_rx000_ry000_rz000_xx000.qpy,26c3fc4e16faa41e2800298926e6c2403a7e3f983d6abc2a3adc2f4800bfdc03,holography-on-ionq/Testing flow/Circuits/Data_batch/WH/Data_0393_000/10_Data_zeromagic_theta_0393_mu_000_bound_XYXY_rx000_ry000_rz000_xx000.qpy,holography-on-ionq/Testing flow/wormhole_data_analysis.ipynb,WH10-D-C016,23a53462d3cc06e1,3,1250,1250
WH10,wh10_final_selected,0393_000,boundary,XYXZ,11,11_Data_zeromagic_theta_0393_mu_000_bound_XYXZ_rx000_ry000_rz000_xx000.qpy,data/executed_circuits/WH10/0393_000/11_Data_zeromagic_theta_0393_mu_000_bound_XYXZ_rx000_ry000_rz000_xx000.qpy,028cb04e0bc97767d04196f0d7e79ef894c2a470acd6b00288a215752db0b8ea,holography-on-ionq/Testing flow/Circuits/Data_batch/WH/Data_0393_000/11_Data_zeromagic_theta_0393_mu_000_bound_XYXZ_rx000_ry000_rz000_xx000.qpy,holography-on-ionq/Testing flow/wormhole_data_analysis.ipynb,WH10-D-C016,23a53462d3cc06e1,3,1250,1250
WH10,wh10_final_selected,0393_000,boundary,XYYX,12,12_Data_zeromagic_theta_0393_mu_000_bound_XYYX_rx000_ry000_rz000_xx000.qpy,data/executed_circuits/WH10/0393_000/12_Data_zeromagic_theta_0393_mu_000_bound_XYYX_rx000_ry000_rz000_xx000.qpy,568a961387e3ef9799bad8e8f58628ed2bd976fefc55db4de835948649d557eb,holography-on-ionq/Testing flow/Circuits/Data_batch/WH/Data_0393_000/12_Data_zeromagic_theta_0393_mu_000_bound_XYYX_rx000_ry000_rz000_xx000.qpy,holography-on-ionq/Testing flow/wormhole_data_analysis.ipynb,WH10-D-C016,23a53462d3cc06e1,3,1250,1250
WH10,wh10_final_selected,0393_000,boundary,XYYY,13,13_Data_zeromagic_theta_0393_mu_000_bound_XYYY_rx000_ry000_rz000_xx000.qpy,data/executed_circuits/WH10/0393_000/13_Data_zeromagic_theta_0393_mu_000_bound_XYYY_rx000_ry000_rz000_xx000.qpy,09aa25abd0e9b43e9de7302b89f6d56f0c4782e0a773e35981b7c0de3f35ec0c,holography-on-ionq/Testing flow/Circuits/Data_batch/WH/Data_0393_000/13_Data_zeromagic_theta_0393_mu_000_bound_XYYY_rx000_ry000_rz000_xx000.qpy,holography-on-ionq/Testing flow/wormhole_data_analysis.ipynb,WH10-D-C016,23a53462d3cc06e1,3,1250,1250
WH10,wh10_final_selected,0393_000,boundary,XYYZ,14,14_Data_zeromagic_theta_0393_mu_000_bound_XYYZ_rx000_ry000_rz000_xx000.qpy,data/executed_circuits/WH10/0393_000/14_Data_zeromagic_theta_0393_mu_000_bound_XYYZ_rx000_ry000_rz000_xx000.qpy,fb124451bc6db26f56538dadd4dcc24563970c9e4b6e42d3d25b507041e2e3c0,holography-on-ionq/Testing flow/Circuits/Data_batch/WH/Data_0393_000/14_Data_zeromagic_theta_0393_mu_000_bound_XYYZ_rx000_ry000_rz000_xx000.qpy,holography-on-ionq/Testing flow/wormhole_data_analysis.ipynb,WH10-D-C016,23a53462d3cc06e1,3,1250,1250
WH10,wh10_final_selected,0393_000,boundary,XYZX,15,15_Data_zeromagic_theta_0393_mu_000_bound_XYZX_rx000_ry000_rz000_xx000.qpy,data/executed_circuits/WH10/0393_000/15_Data_zeromagic_theta_0393_mu_000_bound_XYZX_rx000_ry000_rz000_xx000.qpy,9feaaa63c699636a21f0655975fa739fd7381bb440a2b852d5199d6dec06de2e,holography-on-ionq/Testing flow/Circuits/Data_batch/WH/Data_0393_000/15_Data_zeromagic_theta_0393_mu_000_bound_XYZX_rx000_ry000_rz000_xx000.qpy,holography-on-ionq/Testing flow/wormhole_data_analysis.ipynb,WH10-D-C016,23a53462d3cc06e1,3,1250,1250
WH10,wh10_final_selected,0393_000,boundary,XYZY,16,16_Data_zeromagic_theta_0393_mu_000_bound_XYZY_rx000_ry000_rz000_xx000.qpy,data/executed_circuits/WH10/0393_000/16_Data_zeromagic_theta_0393_mu_000_bound_XYZY_rx000_ry000_rz000_xx000.qpy,cd3b9a41b7ae385eef41a6e341d7192c4fda4fad84c66c5269776243d1829d8e,holography-on-ionq/Testing flow/Circuits/Data_batch/WH/Data_0393_000/16_Data_zeromagic_theta_0393_mu_000_bound_XYZY_rx000_ry000_rz000_xx000.qpy,holography-on-ionq/Testing flow/wormhole_data_analysis.ipynb,WH10-D-C016,23a53462d3cc06e1,3,1250,1250
WH10,wh10_final_selected,0393_000,boundary,XYZZ,17,17_Data_zeromagic_theta_0393_mu_000_bound_XYZZ_rx000_ry000_rz000_xx000.qpy,data/executed_circuits/WH10/0393_000/17_Data_zeromagic_theta_0393_mu_000_bound_XYZZ_rx000_ry000_rz000_xx000.qpy,6e0d38dbde13e6b9e7501c259cd8ff66cd9e6729d255e8849dcde13e0c342d99,holography-on-ionq/Testing flow/Circuits/Data_batch/WH/Data_0393_000/17_Data_zeromagic_theta_0393_mu_000_bound_XYZZ_rx000_ry000_rz000_xx000.qpy,holography-on-ionq/Testing flow/wormhole_data_analysis.ipynb,WH10-D-C016,23a53462d3cc06e1,3,1250,1250
WH10,wh10_final_selected,0393_000,boundary,XZXX,18,18_Data_zeromagic_theta_0393_mu_000_bound_XZXX_rx000_ry000_rz000_xx000.qpy,data/executed_circuits/WH10/0393_000/18_Data_zeromagic_theta_0393_mu_000_bound_XZXX_rx000_ry000_rz000_xx000.qpy,1d56e687496bdc9a29ae63853a5dd763dbbe1cdbc3fcf9a6b582baa4ffd45133,holography-on-ionq/Testing flow/Circuits/Data_batch/WH/Data_0393_000/18_Data_zeromagic_theta_0393_mu_000_bound_XZXX_rx000_ry000_rz000_xx000.qpy,holography-on-ionq/Testing flow/wormhole_data_analysis.ipynb,WH10-D-C016,23a53462d3cc06e1,3,1250,1250
WH10,wh10_final_selected,0393_000,boundary,XZXY,19,19_Data_zeromagic_theta_0393_mu_000_bound_XZXY_rx000_ry000_rz000_xx000.qpy,data/executed_circuits/WH10/0393_000/19_Data_zeromagic_theta_0393_mu_000_bound_XZXY_rx000_ry000_rz000_xx000.qpy,92656ee9d576df5c5738dd062f1c0ed2048d272d374747b230d3a2b1b987203a,holography-on-ionq/Testing flow/Circuits/Data_batch/WH/Data_0393_000/19_Data_zeromagic_theta_0393_mu_000_bound_XZXY_rx000_ry000_rz000_xx000.qpy,holography-on-ionq/Testing flow/wormhole_data_analysis.ipynb,WH10-D-C016,23a53462d3cc06e1,3,1250,1250
WH10,wh10_final_selected,0393_000,boundary,XZXZ,20,20_Data_zeromagic_theta_0393_mu_000_bound_XZXZ_rx000_ry000_rz000_xx000.qpy,data/executed_circuits/WH10/0393_000/20_Data_zeromagic_theta_0393_mu_000_bound_XZXZ_rx000_ry000_rz000_xx000.qpy,7ec5d3d8a866dd58ceda9db80c893ccd18ed3fc9b80579e6be4983a6d407ec3e,holography-on-ionq/Testing flow/Circuits/Data_batch/WH/Data_0393_000/20_Data_zeromagic_theta_0393_mu_000_bound_XZXZ_rx000_ry000_rz000_xx000.qpy,holography-on-ionq/Testing flow/wormhole_data_analysis.ipynb,WH10-D-C016,23a53462d3cc06e1,3,1250,1250
WH10,wh10_final_selected,0393_000,boundary,XZYX,21,21_Data_zeromagic_theta_0393_mu_000_bound_XZYX_rx000_ry000_rz000_xx000.qpy,data/executed_circuits/WH10/0393_000/21_Data_zeromagic_theta_0393_mu_000_bound_XZYX_rx000_ry000_rz000_xx000.qpy,6099585a20455f00e8c9752f1da8d06fbc5fe8bf9d1935944f5abe939bd12d22,holography-on-ionq/Testing flow/Circuits/Data_batch/WH/Data_0393_000/21_Data_zeromagic_theta_0393_mu_000_bound_XZYX_rx000_ry000_rz000_xx000.qpy,holography-on-ionq/Testing flow/wormhole_data_analysis.ipynb,WH10-D-C016,23a53462d3cc06e1,3,1250,1250
WH10,wh10_final_selected,0393_000,boundary,XZYY,22,22_Data_zeromagic_theta_0393_mu_000_bound_XZYY_rx000_ry000_rz000_xx000.qpy,data/executed_circuits/WH10/0393_000/22_Data_zeromagic_theta_0393_mu_000_bound_XZYY_rx000_ry000_rz000_xx000.qpy,649de52e146d98fe33b205046b58bc19e82056cc70ed3f9ceed0cea38a00d200,holography-on-ionq/Testing flow/Circuits/Data_batch/WH/Data_0393_000/22_Data_zeromagic_theta_0393_mu_000_bound_XZYY_rx000_ry000_rz000_xx000.qpy,holography-on-ionq/Testing flow/wormhole_data_analysis.ipynb,WH10-D-C016,23a53462d3cc06e1,3,1250,1250
WH10,wh10_final_selected,0393_000,boundary,XZYZ,23,23_Data_zeromagic_theta_0393_mu_000_bound_XZYZ_rx000_ry000_rz000_xx000.qpy,data/executed_circuits/WH10/0393_000/23_Data_zeromagic_theta_0393_mu_000_bound_XZYZ_rx000_ry000_rz000_xx000.qpy,aefd2810a1f4fabaec05c4a0b52db68f63e71bda0dd856710eca226dca97146a,holography-on-ionq/Testing flow/Circuits/Data_batch/WH/Data_0393_000/23_Data_zeromagic_theta_0393_mu_000_bound_XZYZ_rx000_ry000_rz000_xx000.qpy,holography-on-ionq/Testing flow/wormhole_data_analysis.ipynb,WH10-D-C016,23a53462d3cc06e1,3,1250,1250
WH10,wh10_final_selected,0393_000,boundary,XZZX,24,24_Data_zeromagic_theta_0393_mu_000_bound_XZZX_rx000_ry000_rz000_xx000.qpy,data/executed_circuits/WH10/0393_000/24_Data_zeromagic_theta_0393_mu_000_bound_XZZX_rx000_ry000_rz000_xx000.qpy,0bf8b0a440b5df60ac73b8a685522b982b2a62f0651ce143243289cfc6a97afe,holography-on-ionq/Testing flow/Circuits/Data_batch/WH/Data_0393_000/24_Data_zeromagic_theta_0393_mu_000_bound_XZZX_rx000_ry000_rz000_xx000.qpy,holography-on-ionq/Testing flow/wormhole_data_analysis.ipynb,WH10-D-C016,23a53462d3cc06e1,3,1250,1250
WH10,wh10_final_selected,0393_000,boundary,XZZY,25,25_Data_zeromagic_theta_0393_mu_000_bound_XZZY_rx000_ry000_rz000_xx000.qpy,data/executed_circuits/WH10/0393_000/25_Data_zeromagic_theta_0393_mu_000_bound_XZZY_rx000_ry000_rz000_xx000.qpy,6b80a73589c9c2f3459425a45472958d169f72bc365a89f81ae63284feb9f0d4,holography-on-ionq/Testing flow/Circuits/Data_batch/WH/Data_0393_000/25_Data_zeromagic_theta_0393_mu_000_bound_XZZY_rx000_ry000_rz000_xx000.qpy,holography-on-ionq/Testing flow/wormhole_data_analysis.ipynb,WH10-D-C016,23a53462d3cc06e1,3,1250,1250
WH10,wh10_final_selected,0393_000,boundary,XZZZ,26,26_Data_zeromagic_theta_0393_mu_000_bound_XZZZ_rx000_ry000_rz000_xx000.qpy,data/executed_circuits/WH10/0393_000/26_Data_zeromagic_theta_0393_mu_000_bound_XZZZ_rx000_ry000_rz000_xx000.qpy,ce20fb55f1e5962330c3b19ebb9d4d1306e9bf70e694295b540c418db207404d,holography-on-ionq/Testing flow/Circuits/Data_batch/WH/Data_0393_000/26_Data_zeromagic_theta_0393_mu_000_bound_XZZZ_rx000_ry000_rz000_xx000.qpy,holography-on-ionq/Testing flow/wormhole_data_analysis.ipynb,WH10-D-C016,23a53462d3cc06e1,3,1250,1250
WH10,wh10_final_selected,0393_000,boundary,YXXX,27,27_Data_zeromagic_theta_0393_mu_000_bound_YXXX_rx000_ry000_rz000_xx000.qpy,data/executed_circuits/WH10/0393_000/27_Data_zeromagic_theta_0393_mu_000_bound_YXXX_rx000_ry000_rz000_xx000.qpy,420f815173999950c359dc66340a3c487eb94924ae6056a31927ee9aeb05c979,holography-on-ionq/Testing flow/Circuits/Data_batch/WH/Data_0393_000/27_Data_zeromagic_theta_0393_mu_000_bound_YXXX_rx000_ry000_rz000_xx000.qpy,holography-on-ionq/Testing flow/wormhole_data_analysis.ipynb,WH10-D-C016,23a53462d3cc06e1,3,1250,1250
WH10,wh10_final_selected,0393_000,boundary,YXXY,28,28_Data_zeromagic_theta_0393_mu_000_bound_YXXY_rx000_ry000_rz000_xx000.qpy,data/executed_circuits/WH10/0393_000/28_Data_zeromagic_theta_0393_mu_000_bound_YXXY_rx000_ry000_rz000_xx000.qpy,0f1753747c5d44680774333f4a07bbcfa0f25bba0e473cf543acaa4920a27fd4,holography-on-ionq/Testing flow/Circuits/Data_batch/WH/Data_0393_000/28_Data_zeromagic_theta_0393_mu_000_bound_YXXY_rx000_ry000_rz000_xx000.qpy,holography-on-ionq/Testing flow/wormhole_data_analysis.ipynb,WH10-D-C016,23a53462d3cc06e1,3,1250,1250
WH10,wh10_final_selected,0393_000,boundary,YXXZ,29,29_Data_zeromagic_theta_0393_mu_000_bound_YXXZ_rx000_ry000_rz000_xx000.qpy,data/executed_circuits/WH10/0393_000/29_Data_zeromagic_theta_0393_mu_000_bound_YXXZ_rx000_ry000_rz000_xx000.qpy,85d30b8db9a9017943c4c290cd0705be82e627627093667865efa01216c42837,holography-on-ionq/Testing flow/Circuits/Data_batch/WH/Data_0393_000/29_Data_zeromagic_theta_0393_mu_000_bound_YXXZ_rx000_ry000_rz000_xx000.qpy,holography-on-ionq/Testing flow/wormhole_data_analysis.ipynb,WH10-D-C016,23a53462d3cc06e1,3,1250,1250
WH10,wh10_final_selected,0393_000,boundary,YXYX,30,30_Data_zeromagic_theta_0393_mu_000_bound_YXYX_rx000_ry000_rz000_xx000.qpy,data/executed_circuits/WH10/0393_000/30_Data_zeromagic_theta_0393_mu_000_bound_YXYX_rx000_ry000_rz000_xx000.qpy,57afcf281d427ad970c65943e0b7efc32f9000d127c9130087a7955f93434359,holography-on-ionq/Testing flow/Circuits/Data_batch/WH/Data_0393_000/30_Data_zeromagic_theta_0393_mu_000_bound_YXYX_rx000_ry000_rz000_xx000.qpy,holography-on-ionq/Testing flow/wormhole_data_analysis.ipynb,WH10-D-C016,23a53462d3cc06e1,3,1250,1250
WH10,wh10_final_selected,0393_000,boundary,YXYY,31,31_Data_zeromagic_theta_0393_mu_000_bound_YXYY_rx000_ry000_rz000_xx000.qpy,data/executed_circuits/WH10/0393_000/31_Data_zeromagic_theta_0393_mu_000_bound_YXYY_rx000_ry000_rz000_xx000.qpy,21b724751304a9b65b78920bf5568ecb20910fb2bfd8c32157fa639cb981f4a1,holography-on-ionq/Testing flow/Circuits/Data_batch/WH/Data_0393_000/31_Data_zeromagic_theta_0393_mu_000_bound_YXYY_rx000_ry000_rz000_xx000.qpy,holography-on-ionq/Testing flow/wormhole_data_analysis.ipynb,WH10-D-C016,23a53462d3cc06e1,3,1250,1250
WH10,wh10_final_selected,0393_000,boundary,YXYZ,32,32_Data_zeromagic_theta_0393_mu_000_bound_YXYZ_rx000_ry000_rz000_xx000.qpy,data/executed_circuits/WH10/0393_000/32_Data_zeromagic_theta_0393_mu_000_bound_YXYZ_rx000_ry000_rz000_xx000.qpy,5e36f98298a5ac0032b839b18a61332f3e3e19090f42ef0b15d5b9a5f123524d,holography-on-ionq/Testing flow/Circuits/Data_batch/WH/Data_0393_000/32_Data_zeromagic_theta_0393_mu_000_bound_YXYZ_rx000_ry000_rz000_xx000.qpy,holography-on-ionq/Testing flow/wormhole_data_analysis.ipynb,WH10-D-C016,23a53462d3cc06e1,3,1250,1250
WH10,wh10_final_selected,0393_000,boundary,YXZX,33,33_Data_zeromagic_theta_0393_mu_000_bound_YXZX_rx000_ry000_rz000_xx000.qpy,data/executed_circuits/WH10/0393_000/33_Data_zeromagic_theta_0393_mu_000_bound_YXZX_rx000_ry000_rz000_xx000.qpy,66637a2c1b2d74cb4f6be50da539cbc929075802210ed5e94f4915f7e2eca47c,holography-on-ionq/Testing flow/Circuits/Data_batch/WH/Data_0393_000/33_Data_zeromagic_theta_0393_mu_000_bound_YXZX_rx000_ry000_rz000_xx000.qpy,holography-on-ionq/Testing flow/wormhole_data_analysis.ipynb,WH10-D-C016,23a53462d3cc06e1,3,1250,1250
WH10,wh10_final_selected,0393_000,boundary,YXZY,34,34_Data_zeromagic_theta_0393_mu_000_bound_YXZY_rx000_ry000_rz000_xx000.qpy,data/executed_circuits/WH10/0393_000/34_Data_zeromagic_theta_0393_mu_000_bound_YXZY_rx000_ry000_rz000_xx000.qpy,caf027e931919d16d82be13bcce6486dc1a1030f7ef798e0fc20414c0eca7a58,holography-on-ionq/Testing flow/Circuits/Data_batch/WH/Data_0393_000/34_Data_zeromagic_theta_0393_mu_000_bound_YXZY_rx000_ry000_rz000_xx000.qpy,holography-on-ionq/Testing flow/wormhole_data_analysis.ipynb,WH10-D-C016,23a53462d3cc06e1,3,1250,1250
WH10,wh10_final_selected,0393_000,boundary,YXZZ,35,35_Data_zeromagic_theta_0393_mu_000_bound_YXZZ_rx000_ry000_rz000_xx000.qpy,data/executed_circuits/WH10/0393_000/35_Data_zeromagic_theta_0393_mu_000_bound_YXZZ_rx000_ry000_rz000_xx000.qpy,27004bbb2b9bd38697305c54ec65e817223bb7a5bf57f2de257184f2d17569fb,holography-on-ionq/Testing flow/Circuits/Data_batch/WH/Data_0393_000/35_Data_zeromagic_theta_0393_mu_000_bound_YXZZ_rx000_ry000_rz000_xx000.qpy,holography-on-ionq/Testing flow/wormhole_data_analysis.ipynb,WH10-D-C016,23a53462d3cc06e1,3,1250,1250
WH10,wh10_final_selected,0393_000,boundary,YYXX,36,36_Data_zeromagic_theta_0393_mu_000_bound_YYXX_rx000_ry000_rz000_xx000.qpy,data/executed_circuits/WH10/0393_000/36_Data_zeromagic_theta_0393_mu_000_bound_YYXX_rx000_ry000_rz000_xx000.qpy,65d84cca1bba11f5642b20ab3e7447d55c3cb864d644db5af0abb15c13fceb6a,holography-on-ionq/Testing flow/Circuits/Data_batch/WH/Data_0393_000/36_Data_zeromagic_theta_0393_mu_000_bound_YYXX_rx000_ry000_rz000_xx000.qpy,holography-on-ionq/Testing flow/wormhole_data_analysis.ipynb,WH10-D-C016,23a53462d3cc06e1,3,1250,1250
WH10,wh10_final_selected,0393_000,boundary,YYXY,37,37_Data_zeromagic_theta_0393_mu_000_bound_YYXY_rx000_ry000_rz000_xx000.qpy,data/executed_circuits/WH10/0393_000/37_Data_zeromagic_theta_0393_mu_000_bound_YYXY_rx000_ry000_rz000_xx000.qpy,cf459969647f911fbfe9a1be33fc74cbd9b1cc94a2bf97b4636ac31d3457e6e6,holography-on-ionq/Testing flow/Circuits/Data_batch/WH/Data_0393_000/37_Data_zeromagic_theta_0393_mu_000_bound_YYXY_rx000_ry000_rz000_xx000.qpy,holography-on-ionq/Testing flow/wormhole_data_analysis.ipynb,WH10-D-C016,23a53462d3cc06e1,3,1250,1250
WH10,wh10_final_selected,0393_000,boundary,YYXZ,38,38_Data_zeromagic_theta_0393_mu_000_bound_YYXZ_rx000_ry000_rz000_xx000.qpy,data/executed_circuits/WH10/0393_000/38_Data_zeromagic_theta_0393_mu_000_bound_YYXZ_rx000_ry000_rz000_xx000.qpy,c5820c261566a6957a9239ce7e75205bbbdbef297618d3e5be6c38dabf9bb27e,holography-on-ionq/Testing flow/Circuits/Data_batch/WH/Data_0393_000/38_Data_zeromagic_theta_0393_mu_000_bound_YYXZ_rx000_ry000_rz000_xx000.qpy,holography-on-ionq/Testing flow/wormhole_data_analysis.ipynb,WH10-D-C016,23a53462d3cc06e1,3,1250,1250
WH10,wh10_final_selected,0393_000,boundary,YYYX,39,39_Data_zeromagic_theta_0393_mu_000_bound_YYYX_rx000_ry000_rz000_xx000.qpy,data/executed_circuits/WH10/0393_000/39_Data_zeromagic_theta_0393_mu_000_bound_YYYX_rx000_ry000_rz000_xx000.qpy,9ecff0423724bc9a1071d43914e9063ec66e603c325fa10bace54f0d3ef45c10,holography-on-ionq/Testing flow/Circuits/Data_batch/WH/Data_0393_000/39_Data_zeromagic_theta_0393_mu_000_bound_YYYX_rx000_ry000_rz000_xx000.qpy,holography-on-ionq/Testing flow/wormhole_data_analysis.ipynb,WH10-D-C016,23a53462d3cc06e1,3,1250,1250
WH10,wh10_final_selected,0393_000,boundary,YYYY,40,40_Data_zeromagic_theta_0393_mu_000_bound_YYYY_rx000_ry000_rz000_xx000.qpy,data/executed_circuits/WH10/0393_000/40_Data_zeromagic_theta_0393_mu_000_bound_YYYY_rx000_ry000_rz000_xx000.qpy,5fb6f6faf917afa53174aa6361a2d832a8845b2b5e1b6112be25990a0e02b9a4,holography-on-ionq/Testing flow/Circuits/Data_batch/WH/Data_0393_000/40_Data_zeromagic_theta_0393_mu_000_bound_YYYY_rx000_ry000_rz000_xx000.qpy,holography-on-ionq/Testing flow/wormhole_data_analysis.ipynb,WH10-D-C016,23a53462d3cc06e1,3,1250,1250
WH10,wh10_final_selected,0393_000,boundary,YYYZ,41,41_Data_zeromagic_theta_0393_mu_000_bound_YYYZ_rx000_ry000_rz000_xx000.qpy,data/executed_circuits/WH10/0393_000/41_Data_zeromagic_theta_0393_mu_000_bound_YYYZ_rx000_ry000_rz000_xx000.qpy,03f4c0b6ad97a3661f995c9831308aea12d8d665c91991bc791ee3beb24b4148,holography-on-ionq/Testing flow/Circuits/Data_batch/WH/Data_0393_000/41_Data_zeromagic_theta_0393_mu_000_bound_YYYZ_rx000_ry000_rz000_xx000.qpy,holography-on-ionq/Testing flow/wormhole_data_analysis.ipynb,WH10-D-C016,23a53462d3cc06e1,3,1250,1250
WH10,wh10_final_selected,0393_000,boundary,YYZX,42,42_Data_zeromagic_theta_0393_mu_000_bound_YYZX_rx000_ry000_rz000_xx000.qpy,data/executed_circuits/WH10/0393_000/42_Data_zeromagic_theta_0393_mu_000_bound_YYZX_rx000_ry000_rz000_xx000.qpy,ed25572b800f108f63bee2ef5828ade5b69e7cc78968d63f69e31878dc343768,holography-on-ionq/Testing flow/Circuits/Data_batch/WH/Data_0393_000/42_Data_zeromagic_theta_0393_mu_000_bound_YYZX_rx000_ry000_rz000_xx000.qpy,holography-on-ionq/Testing flow/wormhole_data_analysis.ipynb,WH10-D-C016,23a53462d3cc06e1,3,1250,1250
WH10,wh10_final_selected,0393_000,boundary,YYZY,43,43_Data_zeromagic_theta_0393_mu_000_bound_YYZY_rx000_ry000_rz000_xx000.qpy,data/executed_circuits/WH10/0393_000/43_Data_zeromagic_theta_0393_mu_000_bound_YYZY_rx000_ry000_rz000_xx000.qpy,ba31b73245cd5fa79eb3091f5211a73089ada00aea6d687ab17db52757540e50,holography-on-ionq/Testing flow/Circuits/Data_batch/WH/Data_0393_000/43_Data_zeromagic_theta_0393_mu_000_bound_YYZY_rx000_ry000_rz000_xx000.qpy,holography-on-ionq/Testing flow/wormhole_data_analysis.ipynb,WH10-D-C016,23a53462d3cc06e1,3,1250,1250
WH10,wh10_final_selected,0393_000,boundary,YYZZ,44,44_Data_zeromagic_theta_0393_mu_000_bound_YYZZ_rx000_ry000_rz000_xx000.qpy,data/executed_circuits/WH10/0393_000/44_Data_zeromagic_theta_0393_mu_000_bound_YYZZ_rx000_ry000_rz000_xx000.qpy,5081e04aa7e59290ea3e845528f3352cdfaaec820d66f9f4f29632854e7e1f68,holography-on-ionq/Testing flow/Circuits/Data_batch/WH/Data_0393_000/44_Data_zeromagic_theta_0393_mu_000_bound_YYZZ_rx000_ry000_rz000_xx000.qpy,holography-on-ionq/Testing flow/wormhole_data_analysis.ipynb,WH10-D-C016,23a53462d3cc06e1,3,1250,1250
WH10,wh10_final_selected,0393_000,boundary,YZXX,45,45_Data_zeromagic_theta_0393_mu_000_bound_YZXX_rx000_ry000_rz000_xx000.qpy,data/executed_circuits/WH10/0393_000/45_Data_zeromagic_theta_0393_mu_000_bound_YZXX_rx000_ry000_rz000_xx000.qpy,2acc3cfa851f5909a3d11b36bb47191cdb8e3ecde8e9ecb8a28c8f264ee7676b,holography-on-ionq/Testing flow/Circuits/Data_batch/WH/Data_0393_000/45_Data_zeromagic_theta_0393_mu_000_bound_YZXX_rx000_ry000_rz000_xx000.qpy,holography-on-ionq/Testing flow/wormhole_data_analysis.ipynb,WH10-D-C016,23a53462d3cc06e1,3,1250,1250
WH10,wh10_final_selected,0393_000,boundary,YZXY,46,46_Data_zeromagic_theta_0393_mu_000_bound_YZXY_rx000_ry000_rz000_xx000.qpy,data/executed_circuits/WH10/0393_000/46_Data_zeromagic_theta_0393_mu_000_bound_YZXY_rx000_ry000_rz000_xx000.qpy,fc38b1679c018946b789094d48215c459fd2082257d9521b5039209aec25217d,holography-on-ionq/Testing flow/Circuits/Data_batch/WH/Data_0393_000/46_Data_zeromagic_theta_0393_mu_000_bound_YZXY_rx000_ry000_rz000_xx000.qpy,holography-on-ionq/Testing flow/wormhole_data_analysis.ipynb,WH10-D-C016,23a53462d3cc06e1,3,1250,1250
WH10,wh10_final_selected,0393_000,boundary,YZXZ,47,47_Data_zeromagic_theta_0393_mu_000_bound_YZXZ_rx000_ry000_rz000_xx000.qpy,data/executed_circuits/WH10/0393_000/47_Data_zeromagic_theta_0393_mu_000_bound_YZXZ_rx000_ry000_rz000_xx000.qpy,fa5de530c1306cfd7ce9dc12bc49d2c543a8848c9bddfee09ef91589df937d60,holography-on-ionq/Testing flow/Circuits/Data_batch/WH/Data_0393_000/47_Data_zeromagic_theta_0393_mu_000_bound_YZXZ_rx000_ry000_rz000_xx000.qpy,holography-on-ionq/Testing flow/wormhole_data_analysis.ipynb,WH10-D-C016,23a53462d3cc06e1,3,1250,1250
WH10,wh10_final_selected,0393_000,boundary,YZYX,48,48_Data_zeromagic_theta_0393_mu_000_bound_YZYX_rx000_ry000_rz000_xx000.qpy,data/executed_circuits/WH10/0393_000/48_Data_zeromagic_theta_0393_mu_000_bound_YZYX_rx000_ry000_rz000_xx000.qpy,fe8411ffa33f52b6384797a9b0932d0f98b1a2dcf25bd9fb6be1fc5fc8557088,holography-on-ionq/Testing flow/Circuits/Data_batch/WH/Data_0393_000/48_Data_zeromagic_theta_0393_mu_000_bound_YZYX_rx000_ry000_rz000_xx000.qpy,holography-on-ionq/Testing flow/wormhole_data_analysis.ipynb,WH10-D-C016,23a53462d3cc06e1,3,1250,1250
WH10,wh10_final_selected,0393_000,boundary,YZYY,49,49_Data_zeromagic_theta_0393_mu_000_bound_YZYY_rx000_ry000_rz000_xx000.qpy,data/executed_circuits/WH10/0393_000/49_Data_zeromagic_theta_0393_mu_000_bound_YZYY_rx000_ry000_rz000_xx000.qpy,a05e32a160c9f94dc3b298b0396c9504a617de1ffb5fdf9163aede60ab698c8c,holography-on-ionq/Testing flow/Circuits/Data_batch/WH/Data_0393_000/49_Data_zeromagic_theta_0393_mu_000_bound_YZYY_rx000_ry000_rz000_xx000.qpy,holography-on-ionq/Testing flow/wormhole_data_analysis.ipynb,WH10-D-C016,23a53462d3cc06e1,3,1250,1250
WH10,wh10_final_selected,0393_000,boundary,YZYZ,50,50_Data_zeromagic_theta_0393_mu_000_bound_YZYZ_rx000_ry000_rz000_xx000.qpy,data/executed_circuits/WH10/0393_000/50_Data_zeromagic_theta_0393_mu_000_bound_YZYZ_rx000_ry000_rz000_xx000.qpy,30a566fccc01f4951b40431d2c83fa692deb76e8a3d6585e7c3f44b1790a369c,holography-on-ionq/Testing flow/Circuits/Data_batch/WH/Data_0393_000/50_Data_zeromagic_theta_0393_mu_000_bound_YZYZ_rx000_ry000_rz000_xx000.qpy,holography-on-ionq/Testing flow/wormhole_data_analysis.ipynb,WH10-D-C016,23a53462d3cc06e1,3,1250,1250
WH10,wh10_final_selected,0393_000,boundary,YZZX,51,51_Data_zeromagic_theta_0393_mu_000_bound_YZZX_rx000_ry000_rz000_xx000.qpy,data/executed_circuits/WH10/0393_000/51_Data_zeromagic_theta_0393_mu_000_bound_YZZX_rx000_ry000_rz000_xx000.qpy,211bb98cacf644632749656e146c7694b4cf8c8f09b302e7234b903f3b4ea51f,holography-on-ionq/Testing flow/Circuits/Data_batch/WH/Data_0393_000/51_Data_zeromagic_theta_0393_mu_000_bound_YZZX_rx000_ry000_rz000_xx000.qpy,holography-on-ionq/Testing flow/wormhole_data_analysis.ipynb,WH10-D-C016,23a53462d3cc06e1,3,1250,1250
WH10,wh10_final_selected,0393_000,boundary,YZZY,52,52_Data_zeromagic_theta_0393_mu_000_bound_YZZY_rx000_ry000_rz000_xx000.qpy,data/executed_circuits/WH10/0393_000/52_Data_zeromagic_theta_0393_mu_000_bound_YZZY_rx000_ry000_rz000_xx000.qpy,6ceb991cea179c754c1531e9d39e6164fd44771deea6fe774dc149196b2f5004,holography-on-ionq/Testing flow/Circuits/Data_batch/WH/Data_0393_000/52_Data_zeromagic_theta_0393_mu_000_bound_YZZY_rx000_ry000_rz000_xx000.qpy,holography-on-ionq/Testing flow/wormhole_data_analysis.ipynb,WH10-D-C016,23a53462d3cc06e1,3,1250,1250
WH10,wh10_final_selected,0393_000,boundary,YZZZ,53,53_Data_zeromagic_theta_0393_mu_000_bound_YZZZ_rx000_ry000_rz000_xx000.qpy,data/executed_circuits/WH10/0393_000/53_Data_zeromagic_theta_0393_mu_000_bound_YZZZ_rx000_ry000_rz000_xx000.qpy,9b550a69fd3a97ab6cff8dad09eb11306826220b06248f13e3b3f9b6d825def2,holography-on-ionq/Testing flow/Circuits/Data_batch/WH/Data_0393_000/53_Data_zeromagic_theta_0393_mu_000_bound_YZZZ_rx000_ry000_rz000_xx000.qpy,holography-on-ionq/Testing flow/wormhole_data_analysis.ipynb,WH10-D-C016,23a53462d3cc06e1,3,1250,1250
WH10,wh10_final_selected,0393_000,boundary,ZXXX,54,54_Data_zeromagic_theta_0393_mu_000_bound_ZXXX_rx000_ry000_rz000_xx000.qpy,data/executed_circuits/WH10/0393_000/54_Data_zeromagic_theta_0393_mu_000_bound_ZXXX_rx000_ry000_rz000_xx000.qpy,52b6e5315f8fce88d70d2711f4f75ac435f7145808ce5dae7e78f5908680ec52,holography-on-ionq/Testing flow/Circuits/Data_batch/WH/Data_0393_000/54_Data_zeromagic_theta_0393_mu_000_bound_ZXXX_rx000_ry000_rz000_xx000.qpy,holography-on-ionq/Testing flow/wormhole_data_analysis.ipynb,WH10-D-C016,23a53462d3cc06e1,3,1250,1250
WH10,wh10_final_selected,0393_000,boundary,ZXXY,55,55_Data_zeromagic_theta_0393_mu_000_bound_ZXXY_rx000_ry000_rz000_xx000.qpy,data/executed_circuits/WH10/0393_000/55_Data_zeromagic_theta_0393_mu_000_bound_ZXXY_rx000_ry000_rz000_xx000.qpy,86f63b68dc7e645dbb202d5a5f87d2e209ae09918d5f8f33b05dfb66177b9914,holography-on-ionq/Testing flow/Circuits/Data_batch/WH/Data_0393_000/55_Data_zeromagic_theta_0393_mu_000_bound_ZXXY_rx000_ry000_rz000_xx000.qpy,holography-on-ionq/Testing flow/wormhole_data_analysis.ipynb,WH10-D-C016,23a53462d3cc06e1,3,1250,1250
WH10,wh10_final_selected,0393_000,boundary,ZXXZ,56,56_Data_zeromagic_theta_0393_mu_000_bound_ZXXZ_rx000_ry000_rz000_xx000.qpy,data/executed_circuits/WH10/0393_000/56_Data_zeromagic_theta_0393_mu_000_bound_ZXXZ_rx000_ry000_rz000_xx000.qpy,e07a350d5d0cbf101b1f0b3ee27f7206af752e923afdb2844589df6406511b92,holography-on-ionq/Testing flow/Circuits/Data_batch/WH/Data_0393_000/56_Data_zeromagic_theta_0393_mu_000_bound_ZXXZ_rx000_ry000_rz000_xx000.qpy,holography-on-ionq/Testing flow/wormhole_data_analysis.ipynb,WH10-D-C016,23a53462d3cc06e1,3,1250,1250
WH10,wh10_final_selected,0393_000,boundary,ZXYX,57,57_Data_zeromagic_theta_0393_mu_000_bound_ZXYX_rx000_ry000_rz000_xx000.qpy,data/executed_circuits/WH10/0393_000/57_Data_zeromagic_theta_0393_mu_000_bound_ZXYX_rx000_ry000_rz000_xx000.qpy,e1e280998adc161cbeb983f7380983418c7390b9343e14fdba73e78348102d8b,holography-on-ionq/Testing flow/Circuits/Data_batch/WH/Data_0393_000/57_Data_zeromagic_theta_0393_mu_000_bound_ZXYX_rx000_ry000_rz000_xx000.qpy,holography-on-ionq/Testing flow/wormhole_data_analysis.ipynb,WH10-D-C016,23a53462d3cc06e1,3,1250,1250
WH10,wh10_final_selected,0393_000,boundary,ZXYY,58,58_Data_zeromagic_theta_0393_mu_000_bound_ZXYY_rx000_ry000_rz000_xx000.qpy,data/executed_circuits/WH10/0393_000/58_Data_zeromagic_theta_0393_mu_000_bound_ZXYY_rx000_ry000_rz000_xx000.qpy,a4aa6596411da4538c959d06b53e366e845fe7618247d129444af76e4d60e9ac,holography-on-ionq/Testing flow/Circuits/Data_batch/WH/Data_0393_000/58_Data_zeromagic_theta_0393_mu_000_bound_ZXYY_rx000_ry000_rz000_xx000.qpy,holography-on-ionq/Testing flow/wormhole_data_analysis.ipynb,WH10-D-C016,23a53462d3cc06e1,3,1250,1250
WH10,wh10_final_selected,0393_000,boundary,ZXYZ,59,59_Data_zeromagic_theta_0393_mu_000_bound_ZXYZ_rx000_ry000_rz000_xx000.qpy,data/executed_circuits/WH10/0393_000/59_Data_zeromagic_theta_0393_mu_000_bound_ZXYZ_rx000_ry000_rz000_xx000.qpy,a064a9f8e2eacee733c19993d97bb1bfee0e115a005c8181c44a1da2e5b0f69f,holography-on-ionq/Testing flow/Circuits/Data_batch/WH/Data_0393_000/59_Data_zeromagic_theta_0393_mu_000_bound_ZXYZ_rx000_ry000_rz000_xx000.qpy,holography-on-ionq/Testing flow/wormhole_data_analysis.ipynb,WH10-D-C016,23a53462d3cc06e1,3,1250,1250
WH10,wh10_final_selected,0393_000,boundary,ZXZX,60,60_Data_zeromagic_theta_0393_mu_000_bound_ZXZX_rx000_ry000_rz000_xx000.qpy,data/executed_circuits/WH10/0393_000/60_Data_zeromagic_theta_0393_mu_000_bound_ZXZX_rx000_ry000_rz000_xx000.qpy,068655c7f03ec8fc621a9ae78cb9a4ba0e3d56c1df21942f78bb64e756e666a6,holography-on-ionq/Testing flow/Circuits/Data_batch/WH/Data_0393_000/60_Data_zeromagic_theta_0393_mu_000_bound_ZXZX_rx000_ry000_rz000_xx000.qpy,holography-on-ionq/Testing flow/wormhole_data_analysis.ipynb,WH10-D-C016,23a53462d3cc06e1,3,1250,1250
WH10,wh10_final_selected,0393_000,boundary,ZXZY,61,61_Data_zeromagic_theta_0393_mu_000_bound_ZXZY_rx000_ry000_rz000_xx000.qpy,data/executed_circuits/WH10/0393_000/61_Data_zeromagic_theta_0393_mu_000_bound_ZXZY_rx000_ry000_rz000_xx000.qpy,1cd2cd9737d0ccff4e9d2d8bd05500613d8b6afdbfa9e8094f02f79ca8a871f5,holography-on-ionq/Testing flow/Circuits/Data_batch/WH/Data_0393_000/61_Data_zeromagic_theta_0393_mu_000_bound_ZXZY_rx000_ry000_rz000_xx000.qpy,holography-on-ionq/Testing flow/wormhole_data_analysis.ipynb,WH10-D-C016,23a53462d3cc06e1,3,1250,1250
WH10,wh10_final_selected,0393_000,boundary,ZXZZ,62,62_Data_zeromagic_theta_0393_mu_000_bound_ZXZZ_rx000_ry000_rz000_xx000.qpy,data/executed_circuits/WH10/0393_000/62_Data_zeromagic_theta_0393_mu_000_bound_ZXZZ_rx000_ry000_rz000_xx000.qpy,7a209e4331788e6922ac853e2f596894e04c4ee84a4314c81dc1dd1e14a8d6b6,holography-on-ionq/Testing flow/Circuits/Data_batch/WH/Data_0393_000/62_Data_zeromagic_theta_0393_mu_000_bound_ZXZZ_rx000_ry000_rz000_xx000.qpy,holography-on-ionq/Testing flow/wormhole_data_analysis.ipynb,WH10-D-C016,23a53462d3cc06e1,3,1250,1250
WH10,wh10_final_selected,0393_000,boundary,ZYXX,63,63_Data_zeromagic_theta_0393_mu_000_bound_ZYXX_rx000_ry000_rz000_xx000.qpy,data/executed_circuits/WH10/0393_000/63_Data_zeromagic_theta_0393_mu_000_bound_ZYXX_rx000_ry000_rz000_xx000.qpy,27f89c6b4d20f7e84f275e4e58d47e91322637b6c6fcf98cb5a7c2add5870356,holography-on-ionq/Testing flow/Circuits/Data_batch/WH/Data_0393_000/63_Data_zeromagic_theta_0393_mu_000_bound_ZYXX_rx000_ry000_rz000_xx000.qpy,holography-on-ionq/Testing flow/wormhole_data_analysis.ipynb,WH10-D-C016,23a53462d3cc06e1,3,1250,1250
WH10,wh10_final_selected,0393_000,boundary,ZYXY,64,64_Data_zeromagic_theta_0393_mu_000_bound_ZYXY_rx000_ry000_rz000_xx000.qpy,data/executed_circuits/WH10/0393_000/64_Data_zeromagic_theta_0393_mu_000_bound_ZYXY_rx000_ry000_rz000_xx000.qpy,bd2e209d50fb3ffb0f3478d392c12706557c19bf517e996c01da15e7ea42eec5,holography-on-ionq/Testing flow/Circuits/Data_batch/WH/Data_0393_000/64_Data_zeromagic_theta_0393_mu_000_bound_ZYXY_rx000_ry000_rz000_xx000.qpy,holography-on-ionq/Testing flow/wormhole_data_analysis.ipynb,WH10-D-C016,23a53462d3cc06e1,3,1250,1250
WH10,wh10_final_selected,0393_000,boundary,ZYXZ,65,65_Data_zeromagic_theta_0393_mu_000_bound_ZYXZ_rx000_ry000_rz000_xx000.qpy,data/executed_circuits/WH10/0393_000/65_Data_zeromagic_theta_0393_mu_000_bound_ZYXZ_rx000_ry000_rz000_xx000.qpy,fea9b5c46ba34dea47688e937d9b758a740c46503937ced1326ccb69526a924e,holography-on-ionq/Testing flow/Circuits/Data_batch/WH/Data_0393_000/65_Data_zeromagic_theta_0393_mu_000_bound_ZYXZ_rx000_ry000_rz000_xx000.qpy,holography-on-ionq/Testing flow/wormhole_data_analysis.ipynb,WH10-D-C016,23a53462d3cc06e1,3,1250,1250
WH10,wh10_final_selected,0393_000,boundary,ZYYX,66,66_Data_zeromagic_theta_0393_mu_000_bound_ZYYX_rx000_ry000_rz000_xx000.qpy,data/executed_circuits/WH10/0393_000/66_Data_zeromagic_theta_0393_mu_000_bound_ZYYX_rx000_ry000_rz000_xx000.qpy,1ffd5f86c2a1119cca0de2073afe0ee461ec06edeccdcaa0cc3daf6eb880e069,holography-on-ionq/Testing flow/Circuits/Data_batch/WH/Data_0393_000/66_Data_zeromagic_theta_0393_mu_000_bound_ZYYX_rx000_ry000_rz000_xx000.qpy,holography-on-ionq/Testing flow/wormhole_data_analysis.ipynb,WH10-D-C016,23a53462d3cc06e1,3,1250,1250
WH10,wh10_final_selected,0393_000,boundary,ZYYY,67,67_Data_zeromagic_theta_0393_mu_000_bound_ZYYY_rx000_ry000_rz000_xx000.qpy,data/executed_circuits/WH10/0393_000/67_Data_zeromagic_theta_0393_mu_000_bound_ZYYY_rx000_ry000_rz000_xx000.qpy,186fcb8fe22633f690893485fd98ac418546b3602046b7d1aec35b1252d24128,holography-on-ionq/Testing flow/Circuits/Data_batch/WH/Data_0393_000/67_Data_zeromagic_theta_0393_mu_000_bound_ZYYY_rx000_ry000_rz000_xx000.qpy,holography-on-ionq/Testing flow/wormhole_data_analysis.ipynb,WH10-D-C016,23a53462d3cc06e1,3,1250,1250
WH10,wh10_final_selected,0393_000,boundary,ZYYZ,68,68_Data_zeromagic_theta_0393_mu_000_bound_ZYYZ_rx000_ry000_rz000_xx000.qpy,data/executed_circuits/WH10/0393_000/68_Data_zeromagic_theta_0393_mu_000_bound_ZYYZ_rx000_ry000_rz000_xx000.qpy,e0cf04ba8596f4a05852c381e5ede1035de1d16785262d43f7b16acb919cf5b6,holography-on-ionq/Testing flow/Circuits/Data_batch/WH/Data_0393_000/68_Data_zeromagic_theta_0393_mu_000_bound_ZYYZ_rx000_ry000_rz000_xx000.qpy,holography-on-ionq/Testing flow/wormhole_data_analysis.ipynb,WH10-D-C016,23a53462d3cc06e1,3,1250,1250
WH10,wh10_final_selected,0393_000,boundary,ZYZX,69,69_Data_zeromagic_theta_0393_mu_000_bound_ZYZX_rx000_ry000_rz000_xx000.qpy,data/executed_circuits/WH10/0393_000/69_Data_zeromagic_theta_0393_mu_000_bound_ZYZX_rx000_ry000_rz000_xx000.qpy,64fd22d4e2b3067718c46495cf0824b18b91e20a0848c25c4112f311c83106be,holography-on-ionq/Testing flow/Circuits/Data_batch/WH/Data_0393_000/69_Data_zeromagic_theta_0393_mu_000_bound_ZYZX_rx000_ry000_rz000_xx000.qpy,holography-on-ionq/Testing flow/wormhole_data_analysis.ipynb,WH10-D-C016,23a53462d3cc06e1,3,1250,1250
WH10,wh10_final_selected,0393_000,boundary,ZYZY,70,70_Data_zeromagic_theta_0393_mu_000_bound_ZYZY_rx000_ry000_rz000_xx000.qpy,data/executed_circuits/WH10/0393_000/70_Data_zeromagic_theta_0393_mu_000_bound_ZYZY_rx000_ry000_rz000_xx000.qpy,e983502cd1421ba2ddc7b4218d8ea73ee3882b721d9cb3648e638503f7f05c72,holography-on-ionq/Testing flow/Circuits/Data_batch/WH/Data_0393_000/70_Data_zeromagic_theta_0393_mu_000_bound_ZYZY_rx000_ry000_rz000_xx000.qpy,holography-on-ionq/Testing flow/wormhole_data_analysis.ipynb,WH10-D-C016,23a53462d3cc06e1,3,1250,1250
WH10,wh10_final_selected,0393_000,boundary,ZYZZ,71,71_Data_zeromagic_theta_0393_mu_000_bound_ZYZZ_rx000_ry000_rz000_xx000.qpy,data/executed_circuits/WH10/0393_000/71_Data_zeromagic_theta_0393_mu_000_bound_ZYZZ_rx000_ry000_rz000_xx000.qpy,f89813d477a40f11a0419284dcf50838b6feaf692e774cc90173f4c6405dcba7,holography-on-ionq/Testing flow/Circuits/Data_batch/WH/Data_0393_000/71_Data_zeromagic_theta_0393_mu_000_bound_ZYZZ_rx000_ry000_rz000_xx000.qpy,holography-on-ionq/Testing flow/wormhole_data_analysis.ipynb,WH10-D-C016,23a53462d3cc06e1,3,1250,1250
WH10,wh10_final_selected,0393_000,boundary,ZZXX,72,72_Data_zeromagic_theta_0393_mu_000_bound_ZZXX_rx000_ry000_rz000_xx000.qpy,data/executed_circuits/WH10/0393_000/72_Data_zeromagic_theta_0393_mu_000_bound_ZZXX_rx000_ry000_rz000_xx000.qpy,ba94c763e3e6dfa96585ff24df54992d13574cf113c0d2c70cd9965fe1094e90,holography-on-ionq/Testing flow/Circuits/Data_batch/WH/Data_0393_000/72_Data_zeromagic_theta_0393_mu_000_bound_ZZXX_rx000_ry000_rz000_xx000.qpy,holography-on-ionq/Testing flow/wormhole_data_analysis.ipynb,WH10-D-C016,23a53462d3cc06e1,3,1250,1250
WH10,wh10_final_selected,0393_000,boundary,ZZXY,73,73_Data_zeromagic_theta_0393_mu_000_bound_ZZXY_rx000_ry000_rz000_xx000.qpy,data/executed_circuits/WH10/0393_000/73_Data_zeromagic_theta_0393_mu_000_bound_ZZXY_rx000_ry000_rz000_xx000.qpy,b20492085f94dafcceffdae435306d5d04c2aa625825a9f45046ffad362a2abe,holography-on-ionq/Testing flow/Circuits/Data_batch/WH/Data_0393_000/73_Data_zeromagic_theta_0393_mu_000_bound_ZZXY_rx000_ry000_rz000_xx000.qpy,holography-on-ionq/Testing flow/wormhole_data_analysis.ipynb,WH10-D-C016,23a53462d3cc06e1,3,1250,1250
WH10,wh10_final_selected,0393_000,boundary,ZZXZ,74,74_Data_zeromagic_theta_0393_mu_000_bound_ZZXZ_rx000_ry000_rz000_xx000.qpy,data/executed_circuits/WH10/0393_000/74_Data_zeromagic_theta_0393_mu_000_bound_ZZXZ_rx000_ry000_rz000_xx000.qpy,671392d3fd6b8f4986939955b3e376f9eff31182c4eb71a0759998dbac4705c3,holography-on-ionq/Testing flow/Circuits/Data_batch/WH/Data_0393_000/74_Data_zeromagic_theta_0393_mu_000_bound_ZZXZ_rx000_ry000_rz000_xx000.qpy,holography-on-ionq/Testing flow/wormhole_data_analysis.ipynb,WH10-D-C016,23a53462d3cc06e1,3,1250,1250
WH10,wh10_final_selected,0393_000,boundary,ZZYX,75,75_Data_zeromagic_theta_0393_mu_000_bound_ZZYX_rx000_ry000_rz000_xx000.qpy,data/executed_circuits/WH10/0393_000/75_Data_zeromagic_theta_0393_mu_000_bound_ZZYX_rx000_ry000_rz000_xx000.qpy,c3e9d7bb9948043e2cf8f359bd70670f9def56845b77ecc8249afe8bfc41632b,holography-on-ionq/Testing flow/Circuits/Data_batch/WH/Data_0393_000/75_Data_zeromagic_theta_0393_mu_000_bound_ZZYX_rx000_ry000_rz000_xx000.qpy,holography-on-ionq/Testing flow/wormhole_data_analysis.ipynb,WH10-D-C016,23a53462d3cc06e1,3,1250,1250
WH10,wh10_final_selected,0393_000,boundary,ZZYY,76,76_Data_zeromagic_theta_0393_mu_000_bound_ZZYY_rx000_ry000_rz000_xx000.qpy,data/executed_circuits/WH10/0393_000/76_Data_zeromagic_theta_0393_mu_000_bound_ZZYY_rx000_ry000_rz000_xx000.qpy,95fa9aae90b92f2cf0b003d06cbdc5ec182481c762228b6b3a70b03d0a809445,holography-on-ionq/Testing flow/Circuits/Data_batch/WH/Data_0393_000/76_Data_zeromagic_theta_0393_mu_000_bound_ZZYY_rx000_ry000_rz000_xx000.qpy,holography-on-ionq/Testing flow/wormhole_data_analysis.ipynb,WH10-D-C016,23a53462d3cc06e1,3,1250,1250
WH10,wh10_final_selected,0393_000,boundary,ZZYZ,77,77_Data_zeromagic_theta_0393_mu_000_bound_ZZYZ_rx000_ry000_rz000_xx000.qpy,data/executed_circuits/WH10/0393_000/77_Data_zeromagic_theta_0393_mu_000_bound_ZZYZ_rx000_ry000_rz000_xx000.qpy,83687e9f36144ab5c3475244746c226017324b4e225efe0aa96f85f34672fbc7,holography-on-ionq/Testing flow/Circuits/Data_batch/WH/Data_0393_000/77_Data_zeromagic_theta_0393_mu_000_bound_ZZYZ_rx000_ry000_rz000_xx000.qpy,holography-on-ionq/Testing flow/wormhole_data_analysis.ipynb,WH10-D-C016,23a53462d3cc06e1,3,1250,1250
WH10,wh10_final_selected,0393_000,boundary,ZZZX,78,78_Data_zeromagic_theta_0393_mu_000_bound_ZZZX_rx000_ry000_rz000_xx000.qpy,data/executed_circuits/WH10/0393_000/78_Data_zeromagic_theta_0393_mu_000_bound_ZZZX_rx000_ry000_rz000_xx000.qpy,e156aed25330b60e3b578a70f0664737d38fa8cbf0ee32c69cec3bf3368a2d32,holography-on-ionq/Testing flow/Circuits/Data_batch/WH/Data_0393_000/78_Data_zeromagic_theta_0393_mu_000_bound_ZZZX_rx000_ry000_rz000_xx000.qpy,holography-on-ionq/Testing flow/wormhole_data_analysis.ipynb,WH10-D-C016,23a53462d3cc06e1,3,1250,1250
WH10,wh10_final_selected,0393_000,boundary,ZZZY,79,79_Data_zeromagic_theta_0393_mu_000_bound_ZZZY_rx000_ry000_rz000_xx000.qpy,data/executed_circuits/WH10/0393_000/79_Data_zeromagic_theta_0393_mu_000_bound_ZZZY_rx000_ry000_rz000_xx000.qpy,b99d9f8be2b284989b0c26bcf0f39ebafe309f009445f4db7a9a6885dd26f7f4,holography-on-ionq/Testing flow/Circuits/Data_batch/WH/Data_0393_000/79_Data_zeromagic_theta_0393_mu_000_bound_ZZZY_rx000_ry000_rz000_xx000.qpy,holography-on-ionq/Testing flow/wormhole_data_analysis.ipynb,WH10-D-C016,23a53462d3cc06e1,3,1250,1250
WH10,wh10_final_selected,0393_000,boundary,ZZZZ,80,80_Data_zeromagic_theta_0393_mu_000_bound_ZZZZ_rx000_ry000_rz000_xx000.qpy,data/executed_circuits/WH10/0393_000/80_Data_zeromagic_theta_0393_mu_000_bound_ZZZZ_rx000_ry000_rz000_xx000.qpy,2253a23e748b122073fa0120586a2c627716a0968d64f6cfb750894b405444f1,holography-on-ionq/Testing flow/Circuits/Data_batch/WH/Data_0393_000/80_Data_zeromagic_theta_0393_mu_000_bound_ZZZZ_rx000_ry000_rz000_xx000.qpy,holography-on-ionq/Testing flow/wormhole_data_analysis.ipynb,WH10-D-C016,23a53462d3cc06e1,3,1250,1250
WH10,wh10_final_selected,0393_000,bulk,XX,81,81_Data_zeromagic_theta_0393_mu_000_bulk_XX_rx000_ry000_rz000_xx000.qpy,data/executed_circuits/WH10/0393_000/81_Data_zeromagic_theta_0393_mu_000_bulk_XX_rx000_ry000_rz000_xx000.qpy,764dce4e9984c678aa81ad27208285911d0ff267f0fe83d4f43ae165dd7a5107,holography-on-ionq/Testing flow/Circuits/Data_batch/WH/Data_0393_000/81_Data_zeromagic_theta_0393_mu_000_bulk_XX_rx000_ry000_rz000_xx000.qpy,holography-on-ionq/Testing flow/wormhole_data_analysis.ipynb,WH10-D-C016,23a53462d3cc06e1,3,1250,1250
WH10,wh10_final_selected,0393_000,bulk,XY,82,82_Data_zeromagic_theta_0393_mu_000_bulk_XY_rx000_ry000_rz000_xx000.qpy,data/executed_circuits/WH10/0393_000/82_Data_zeromagic_theta_0393_mu_000_bulk_XY_rx000_ry000_rz000_xx000.qpy,abe8d3f11a2cf7e9687700f96ec12ca4cdeb94c905a1524020bd65a97f8e6e5c,holography-on-ionq/Testing flow/Circuits/Data_batch/WH/Data_0393_000/82_Data_zeromagic_theta_0393_mu_000_bulk_XY_rx000_ry000_rz000_xx000.qpy,holography-on-ionq/Testing flow/wormhole_data_analysis.ipynb,WH10-D-C016,23a53462d3cc06e1,3,1250,1250
WH10,wh10_final_selected,0393_000,bulk,XZ,83,83_Data_zeromagic_theta_0393_mu_000_bulk_XZ_rx000_ry000_rz000_xx000.qpy,data/executed_circuits/WH10/0393_000/83_Data_zeromagic_theta_0393_mu_000_bulk_XZ_rx000_ry000_rz000_xx000.qpy,bc336f83d9bd6f9481bcc746ef7b8898a23ffcf73c21db2c842e01df44c4ca81,holography-on-ionq/Testing flow/Circuits/Data_batch/WH/Data_0393_000/83_Data_zeromagic_theta_0393_mu_000_bulk_XZ_rx000_ry000_rz000_xx000.qpy,holography-on-ionq/Testing flow/wormhole_data_analysis.ipynb,WH10-D-C016,23a53462d3cc06e1,3,1250,1250
WH10,wh10_final_selected,0393_000,bulk,YX,84,84_Data_zeromagic_theta_0393_mu_000_bulk_YX_rx000_ry000_rz000_xx000.qpy,data/executed_circuits/WH10/0393_000/84_Data_zeromagic_theta_0393_mu_000_bulk_YX_rx000_ry000_rz000_xx000.qpy,ea2065fe7ab2832a454c542262857fa688182dc13c233a3744d534ef335bd888,holography-on-ionq/Testing flow/Circuits/Data_batch/WH/Data_0393_000/84_Data_zeromagic_theta_0393_mu_000_bulk_YX_rx000_ry000_rz000_xx000.qpy,holography-on-ionq/Testing flow/wormhole_data_analysis.ipynb,WH10-D-C016,23a53462d3cc06e1,3,1250,1250
WH10,wh10_final_selected,0393_000,bulk,YY,85,85_Data_zeromagic_theta_0393_mu_000_bulk_YY_rx000_ry000_rz000_xx000.qpy,data/executed_circuits/WH10/0393_000/85_Data_zeromagic_theta_0393_mu_000_bulk_YY_rx000_ry000_rz000_xx000.qpy,ee559d8e70f56f5733245a2ee636babe02f123fb4bb667e7d3b9b500fa97b980,holography-on-ionq/Testing flow/Circuits/Data_batch/WH/Data_0393_000/85_Data_zeromagic_theta_0393_mu_000_bulk_YY_rx000_ry000_rz000_xx000.qpy,holography-on-ionq/Testing flow/wormhole_data_analysis.ipynb,WH10-D-C016,23a53462d3cc06e1,3,1250,1250
WH10,wh10_final_selected,0393_000,bulk,YZ,86,86_Data_zeromagic_theta_0393_mu_000_bulk_YZ_rx000_ry000_rz000_xx000.qpy,data/executed_circuits/WH10/0393_000/86_Data_zeromagic_theta_0393_mu_000_bulk_YZ_rx000_ry000_rz000_xx000.qpy,4d3b92f60c180bd40a6f112a8ba410bacf4fe2e95e226db1057408bd3215f4c7,holography-on-ionq/Testing flow/Circuits/Data_batch/WH/Data_0393_000/86_Data_zeromagic_theta_0393_mu_000_bulk_YZ_rx000_ry000_rz000_xx000.qpy,holography-on-ionq/Testing flow/wormhole_data_analysis.ipynb,WH10-D-C016,23a53462d3cc06e1,3,1250,1250
WH10,wh10_final_selected,0393_000,bulk,ZX,87,87_Data_zeromagic_theta_0393_mu_000_bulk_ZX_rx000_ry000_rz000_xx000.qpy,data/executed_circuits/WH10/0393_000/87_Data_zeromagic_theta_0393_mu_000_bulk_ZX_rx000_ry000_rz000_xx000.qpy,a1e40ae5205805e6b78405ab4b8b762d27523bc6ffbd665e6f3637886a32b035,holography-on-ionq/Testing flow/Circuits/Data_batch/WH/Data_0393_000/87_Data_zeromagic_theta_0393_mu_000_bulk_ZX_rx000_ry000_rz000_xx000.qpy,holography-on-ionq/Testing flow/wormhole_data_analysis.ipynb,WH10-D-C016,23a53462d3cc06e1,3,1250,1250
WH10,wh10_final_selected,0393_000,bulk,ZY,88,88_Data_zeromagic_theta_0393_mu_000_bulk_ZY_rx000_ry000_rz000_xx000.qpy,data/executed_circuits/WH10/0393_000/88_Data_zeromagic_theta_0393_mu_000_bulk_ZY_rx000_ry000_rz000_xx000.qpy,99757174d076f4d408c7dcfcbf2789b10742afbd8f918fbdc8d6c5b344d31689,holography-on-ionq/Testing flow/Circuits/Data_batch/WH/Data_0393_000/88_Data_zeromagic_theta_0393_mu_000_bulk_ZY_rx000_ry000_rz000_xx000.qpy,holography-on-ionq/Testing flow/wormhole_data_analysis.ipynb,WH10-D-C016,23a53462d3cc06e1,3,1250,1250
WH10,wh10_final_selected,0393_000,bulk,ZZ,89,89_Data_zeromagic_theta_0393_mu_000_bulk_ZZ_rx000_ry000_rz000_xx000.qpy,data/executed_circuits/WH10/0393_000/89_Data_zeromagic_theta_0393_mu_000_bulk_ZZ_rx000_ry000_rz000_xx000.qpy,1a0d47e3e4e7e212268f910fa44fd1037a1cdfc9094d2e483cc1bc052758a4cf,holography-on-ionq/Testing flow/Circuits/Data_batch/WH/Data_0393_000/89_Data_zeromagic_theta_0393_mu_000_bulk_ZZ_rx000_ry000_rz000_xx000.qpy,holography-on-ionq/Testing flow/wormhole_data_analysis.ipynb,WH10-D-C016,23a53462d3cc06e1,3,1250,1250
WH10,wh10_final_selected,0393_013,boundary,XXXX,0,00_Data_halfMagic_theta_0393_mu_013_bound_XXXX_rx005_ry010_rz000_xx013.qpy,data/executed_circuits/WH10/0393_013/00_Data_halfMagic_theta_0393_mu_013_bound_XXXX_rx005_ry010_rz000_xx013.qpy,80f1e4742266c5a8b09396c1b2a31b0186c9b73322714b85887fc8d224182a6b,holography-on-ionq/Testing flow/Circuits/Data_batch/WH/Data_0393_013/00_Data_halfMagic_theta_0393_mu_013_bound_XXXX_rx005_ry010_rz000_xx013.qpy,holography-on-ionq/Testing flow/wormhole_data_analysis.ipynb,WH10-D-C016,23a53462d3cc06e1,3,1500,1500
WH10,wh10_final_selected,0393_013,boundary,XXXY,1,01_Data_halfMagic_theta_0393_mu_013_bound_XXXY_rx005_ry010_rz000_xx013.qpy,data/executed_circuits/WH10/0393_013/01_Data_halfMagic_theta_0393_mu_013_bound_XXXY_rx005_ry010_rz000_xx013.qpy,571e7de4285f9370af7c8ab8c4c469f42bf57aa372d00e9390059ec7fa11066f,holography-on-ionq/Testing flow/Circuits/Data_batch/WH/Data_0393_013/01_Data_halfMagic_theta_0393_mu_013_bound_XXXY_rx005_ry010_rz000_xx013.qpy,holography-on-ionq/Testing flow/wormhole_data_analysis.ipynb,WH10-D-C016,23a53462d3cc06e1,3,1500,1500
WH10,wh10_final_selected,0393_013,boundary,XXXZ,2,02_Data_halfMagic_theta_0393_mu_013_bound_XXXZ_rx005_ry010_rz000_xx013.qpy,data/executed_circuits/WH10/0393_013/02_Data_halfMagic_theta_0393_mu_013_bound_XXXZ_rx005_ry010_rz000_xx013.qpy,61f76417e5e375c52a197de658afecd531fc11ef6916fba764b4392062b0d570,holography-on-ionq/Testing flow/Circuits/Data_batch/WH/Data_0393_013/02_Data_halfMagic_theta_0393_mu_013_bound_XXXZ_rx005_ry010_rz000_xx013.qpy,holography-on-ionq/Testing flow/wormhole_data_analysis.ipynb,WH10-D-C016,23a53462d3cc06e1,3,1500,1500
WH10,wh10_final_selected,0393_013,boundary,XXYX,3,03_Data_halfMagic_theta_0393_mu_013_bound_XXYX_rx005_ry010_rz000_xx013.qpy,data/executed_circuits/WH10/0393_013/03_Data_halfMagic_theta_0393_mu_013_bound_XXYX_rx005_ry010_rz000_xx013.qpy,eedc16a7349cdd7f2d6a583a7b855a70284e275e520b8ff7aaff111aa2249635,holography-on-ionq/Testing flow/Circuits/Data_batch/WH/Data_0393_013/03_Data_halfMagic_theta_0393_mu_013_bound_XXYX_rx005_ry010_rz000_xx013.qpy,holography-on-ionq/Testing flow/wormhole_data_analysis.ipynb,WH10-D-C016,23a53462d3cc06e1,3,1500,1500
WH10,wh10_final_selected,0393_013,boundary,XXYY,4,04_Data_halfMagic_theta_0393_mu_013_bound_XXYY_rx005_ry010_rz000_xx013.qpy,data/executed_circuits/WH10/0393_013/04_Data_halfMagic_theta_0393_mu_013_bound_XXYY_rx005_ry010_rz000_xx013.qpy,8c21adfab74109f220e6295f0fe145c1eb1ecb7c05e1f9f2c00f17a408cdad00,holography-on-ionq/Testing flow/Circuits/Data_batch/WH/Data_0393_013/04_Data_halfMagic_theta_0393_mu_013_bound_XXYY_rx005_ry010_rz000_xx013.qpy,holography-on-ionq/Testing flow/wormhole_data_analysis.ipynb,WH10-D-C016,23a53462d3cc06e1,3,1500,1500
WH10,wh10_final_selected,0393_013,boundary,XXYZ,5,05_Data_halfMagic_theta_0393_mu_013_bound_XXYZ_rx005_ry010_rz000_xx013.qpy,data/executed_circuits/WH10/0393_013/05_Data_halfMagic_theta_0393_mu_013_bound_XXYZ_rx005_ry010_rz000_xx013.qpy,cd02bfbe6cda7f1c8236afced7c4bdb1e8d38d359ae17ffee978881609fcf8a4,holography-on-ionq/Testing flow/Circuits/Data_batch/WH/Data_0393_013/05_Data_halfMagic_theta_0393_mu_013_bound_XXYZ_rx005_ry010_rz000_xx013.qpy,holography-on-ionq/Testing flow/wormhole_data_analysis.ipynb,WH10-D-C016,23a53462d3cc06e1,3,1500,1500
WH10,wh10_final_selected,0393_013,boundary,XXZX,6,06_Data_halfMagic_theta_0393_mu_013_bound_XXZX_rx005_ry010_rz000_xx013.qpy,data/executed_circuits/WH10/0393_013/06_Data_halfMagic_theta_0393_mu_013_bound_XXZX_rx005_ry010_rz000_xx013.qpy,15393fbf11d704dd50ec5de1be97fd8ec060417c474d7ebbf350adec44c82bf8,holography-on-ionq/Testing flow/Circuits/Data_batch/WH/Data_0393_013/06_Data_halfMagic_theta_0393_mu_013_bound_XXZX_rx005_ry010_rz000_xx013.qpy,holography-on-ionq/Testing flow/wormhole_data_analysis.ipynb,WH10-D-C016,23a53462d3cc06e1,3,1500,1500
WH10,wh10_final_selected,0393_013,boundary,XXZY,7,07_Data_halfMagic_theta_0393_mu_013_bound_XXZY_rx005_ry010_rz000_xx013.qpy,data/executed_circuits/WH10/0393_013/07_Data_halfMagic_theta_0393_mu_013_bound_XXZY_rx005_ry010_rz000_xx013.qpy,6eced56df60aa992054002010a11e1892180e5bc89d8dd8d000e9e3f5374fa57,holography-on-ionq/Testing flow/Circuits/Data_batch/WH/Data_0393_013/07_Data_halfMagic_theta_0393_mu_013_bound_XXZY_rx005_ry010_rz000_xx013.qpy,holography-on-ionq/Testing flow/wormhole_data_analysis.ipynb,WH10-D-C016,23a53462d3cc06e1,3,1500,1500
WH10,wh10_final_selected,0393_013,boundary,XXZZ,8,08_Data_halfMagic_theta_0393_mu_013_bound_XXZZ_rx005_ry010_rz000_xx013.qpy,data/executed_circuits/WH10/0393_013/08_Data_halfMagic_theta_0393_mu_013_bound_XXZZ_rx005_ry010_rz000_xx013.qpy,83dffaf293af1f40bd6e95d1707062766603f1bf206520dbea5d376228b73835,holography-on-ionq/Testing flow/Circuits/Data_batch/WH/Data_0393_013/08_Data_halfMagic_theta_0393_mu_013_bound_XXZZ_rx005_ry010_rz000_xx013.qpy,holography-on-ionq/Testing flow/wormhole_data_analysis.ipynb,WH10-D-C016,23a53462d3cc06e1,3,1500,1500
WH10,wh10_final_selected,0393_013,boundary,XYXX,9,09_Data_halfMagic_theta_0393_mu_013_bound_XYXX_rx005_ry010_rz000_xx013.qpy,data/executed_circuits/WH10/0393_013/09_Data_halfMagic_theta_0393_mu_013_bound_XYXX_rx005_ry010_rz000_xx013.qpy,e0e0283c0bcfdf86bfc9ed64cc574075f47fc35ad01351065973c8fecd3055e1,holography-on-ionq/Testing flow/Circuits/Data_batch/WH/Data_0393_013/09_Data_halfMagic_theta_0393_mu_013_bound_XYXX_rx005_ry010_rz000_xx013.qpy,holography-on-ionq/Testing flow/wormhole_data_analysis.ipynb,WH10-D-C016,23a53462d3cc06e1,3,1500,1500
WH10,wh10_final_selected,0393_013,boundary,XYXY,10,10_Data_halfMagic_theta_0393_mu_013_bound_XYXY_rx005_ry010_rz000_xx013.qpy,data/executed_circuits/WH10/0393_013/10_Data_halfMagic_theta_0393_mu_013_bound_XYXY_rx005_ry010_rz000_xx013.qpy,83292ccc8303dfca5d7f80e843851ffcf324d6225739948e480c9b73cc0248a1,holography-on-ionq/Testing flow/Circuits/Data_batch/WH/Data_0393_013/10_Data_halfMagic_theta_0393_mu_013_bound_XYXY_rx005_ry010_rz000_xx013.qpy,holography-on-ionq/Testing flow/wormhole_data_analysis.ipynb,WH10-D-C016,23a53462d3cc06e1,3,1500,1500
WH10,wh10_final_selected,0393_013,boundary,XYXZ,11,11_Data_halfMagic_theta_0393_mu_013_bound_XYXZ_rx005_ry010_rz000_xx013.qpy,data/executed_circuits/WH10/0393_013/11_Data_halfMagic_theta_0393_mu_013_bound_XYXZ_rx005_ry010_rz000_xx013.qpy,588da39cd11da0e0a53ee71f49f6d85355319a635bd21679573c3c23ad1d6e54,holography-on-ionq/Testing flow/Circuits/Data_batch/WH/Data_0393_013/11_Data_halfMagic_theta_0393_mu_013_bound_XYXZ_rx005_ry010_rz000_xx013.qpy,holography-on-ionq/Testing flow/wormhole_data_analysis.ipynb,WH10-D-C016,23a53462d3cc06e1,3,1500,1500
WH10,wh10_final_selected,0393_013,boundary,XYYX,12,12_Data_halfMagic_theta_0393_mu_013_bound_XYYX_rx005_ry010_rz000_xx013.qpy,data/executed_circuits/WH10/0393_013/12_Data_halfMagic_theta_0393_mu_013_bound_XYYX_rx005_ry010_rz000_xx013.qpy,41ed5384981f5217a9cd72c3d74f99eccf9f44240f425716720f7a2406c622e6,holography-on-ionq/Testing flow/Circuits/Data_batch/WH/Data_0393_013/12_Data_halfMagic_theta_0393_mu_013_bound_XYYX_rx005_ry010_rz000_xx013.qpy,holography-on-ionq/Testing flow/wormhole_data_analysis.ipynb,WH10-D-C016,23a53462d3cc06e1,3,1500,1500
WH10,wh10_final_selected,0393_013,boundary,XYYY,13,13_Data_halfMagic_theta_0393_mu_013_bound_XYYY_rx005_ry010_rz000_xx013.qpy,data/executed_circuits/WH10/0393_013/13_Data_halfMagic_theta_0393_mu_013_bound_XYYY_rx005_ry010_rz000_xx013.qpy,3839c302d44ba30cc5f780d873ae9dce006a83877160af4548d42a0e23ef329a,holography-on-ionq/Testing flow/Circuits/Data_batch/WH/Data_0393_013/13_Data_halfMagic_theta_0393_mu_013_bound_XYYY_rx005_ry010_rz000_xx013.qpy,holography-on-ionq/Testing flow/wormhole_data_analysis.ipynb,WH10-D-C016,23a53462d3cc06e1,3,1500,1500
WH10,wh10_final_selected,0393_013,boundary,XYYZ,14,14_Data_halfMagic_theta_0393_mu_013_bound_XYYZ_rx005_ry010_rz000_xx013.qpy,data/executed_circuits/WH10/0393_013/14_Data_halfMagic_theta_0393_mu_013_bound_XYYZ_rx005_ry010_rz000_xx013.qpy,7cbfa549d868945b426d91f123f1a70e65f218825df92f75f1b385a2e905e72b,holography-on-ionq/Testing flow/Circuits/Data_batch/WH/Data_0393_013/14_Data_halfMagic_theta_0393_mu_013_bound_XYYZ_rx005_ry010_rz000_xx013.qpy,holography-on-ionq/Testing flow/wormhole_data_analysis.ipynb,WH10-D-C016,23a53462d3cc06e1,3,1500,1500
WH10,wh10_final_selected,0393_013,boundary,XYZX,15,15_Data_halfMagic_theta_0393_mu_013_bound_XYZX_rx005_ry010_rz000_xx013.qpy,data/executed_circuits/WH10/0393_013/15_Data_halfMagic_theta_0393_mu_013_bound_XYZX_rx005_ry010_rz000_xx013.qpy,f157025701966188f5cb06f8291c474fba9df598fa3e95e914cedf76af41d089,holography-on-ionq/Testing flow/Circuits/Data_batch/WH/Data_0393_013/15_Data_halfMagic_theta_0393_mu_013_bound_XYZX_rx005_ry010_rz000_xx013.qpy,holography-on-ionq/Testing flow/wormhole_data_analysis.ipynb,WH10-D-C016,23a53462d3cc06e1,3,1500,1500
WH10,wh10_final_selected,0393_013,boundary,XYZY,16,16_Data_halfMagic_theta_0393_mu_013_bound_XYZY_rx005_ry010_rz000_xx013.qpy,data/executed_circuits/WH10/0393_013/16_Data_halfMagic_theta_0393_mu_013_bound_XYZY_rx005_ry010_rz000_xx013.qpy,12dd1394ff81b22e3b6818f5f297f3eabd9ee503299a2700137ab6567ea5ac11,holography-on-ionq/Testing flow/Circuits/Data_batch/WH/Data_0393_013/16_Data_halfMagic_theta_0393_mu_013_bound_XYZY_rx005_ry010_rz000_xx013.qpy,holography-on-ionq/Testing flow/wormhole_data_analysis.ipynb,WH10-D-C016,23a53462d3cc06e1,3,1500,1500
WH10,wh10_final_selected,0393_013,boundary,XYZZ,17,17_Data_halfMagic_theta_0393_mu_013_bound_XYZZ_rx005_ry010_rz000_xx013.qpy,data/executed_circuits/WH10/0393_013/17_Data_halfMagic_theta_0393_mu_013_bound_XYZZ_rx005_ry010_rz000_xx013.qpy,02af8387c8ed8241eb6dbbd5d5344e03886052eebf962d6c4cc53c00fb5c3978,holography-on-ionq/Testing flow/Circuits/Data_batch/WH/Data_0393_013/17_Data_halfMagic_theta_0393_mu_013_bound_XYZZ_rx005_ry010_rz000_xx013.qpy,holography-on-ionq/Testing flow/wormhole_data_analysis.ipynb,WH10-D-C016,23a53462d3cc06e1,3,1500,1500
WH10,wh10_final_selected,0393_013,boundary,XZXX,18,18_Data_halfMagic_theta_0393_mu_013_bound_XZXX_rx005_ry010_rz000_xx013.qpy,data/executed_circuits/WH10/0393_013/18_Data_halfMagic_theta_0393_mu_013_bound_XZXX_rx005_ry010_rz000_xx013.qpy,3e52d263e52b195f30b3a6abc1eaf4f1f3b2ff8ae6491f195a161bebe0cf6de4,holography-on-ionq/Testing flow/Circuits/Data_batch/WH/Data_0393_013/18_Data_halfMagic_theta_0393_mu_013_bound_XZXX_rx005_ry010_rz000_xx013.qpy,holography-on-ionq/Testing flow/wormhole_data_analysis.ipynb,WH10-D-C016,23a53462d3cc06e1,3,1500,1500
WH10,wh10_final_selected,0393_013,boundary,XZXY,19,19_Data_halfMagic_theta_0393_mu_013_bound_XZXY_rx005_ry010_rz000_xx013.qpy,data/executed_circuits/WH10/0393_013/19_Data_halfMagic_theta_0393_mu_013_bound_XZXY_rx005_ry010_rz000_xx013.qpy,69d96632213af4a60aaab52bb767c4d997354fd31e997b2b827a43b475615c53,holography-on-ionq/Testing flow/Circuits/Data_batch/WH/Data_0393_013/19_Data_halfMagic_theta_0393_mu_013_bound_XZXY_rx005_ry010_rz000_xx013.qpy,holography-on-ionq/Testing flow/wormhole_data_analysis.ipynb,WH10-D-C016,23a53462d3cc06e1,3,1500,1500
WH10,wh10_final_selected,0393_013,boundary,XZXZ,20,20_Data_halfMagic_theta_0393_mu_013_bound_XZXZ_rx005_ry010_rz000_xx013.qpy,data/executed_circuits/WH10/0393_013/20_Data_halfMagic_theta_0393_mu_013_bound_XZXZ_rx005_ry010_rz000_xx013.qpy,80b6beb9b3437950c932b606ee98f12b157379ca39792476c5ca273477d9438d,holography-on-ionq/Testing flow/Circuits/Data_batch/WH/Data_0393_013/20_Data_halfMagic_theta_0393_mu_013_bound_XZXZ_rx005_ry010_rz000_xx013.qpy,holography-on-ionq/Testing flow/wormhole_data_analysis.ipynb,WH10-D-C016,23a53462d3cc06e1,3,1500,1500
WH10,wh10_final_selected,0393_013,boundary,XZYX,21,21_Data_halfMagic_theta_0393_mu_013_bound_XZYX_rx005_ry010_rz000_xx013.qpy,data/executed_circuits/WH10/0393_013/21_Data_halfMagic_theta_0393_mu_013_bound_XZYX_rx005_ry010_rz000_xx013.qpy,56bd9ea5ba21beca252f54dad3e71d639766b6ee0cbf4c6100b5bc6192850067,holography-on-ionq/Testing flow/Circuits/Data_batch/WH/Data_0393_013/21_Data_halfMagic_theta_0393_mu_013_bound_XZYX_rx005_ry010_rz000_xx013.qpy,holography-on-ionq/Testing flow/wormhole_data_analysis.ipynb,WH10-D-C016,23a53462d3cc06e1,3,1500,1500
WH10,wh10_final_selected,0393_013,boundary,XZYY,22,22_Data_halfMagic_theta_0393_mu_013_bound_XZYY_rx005_ry010_rz000_xx013.qpy,data/executed_circuits/WH10/0393_013/22_Data_halfMagic_theta_0393_mu_013_bound_XZYY_rx005_ry010_rz000_xx013.qpy,7034652a2522f833fac74e43b90b658b66b1439844e03982a1b49674c0c428fe,holography-on-ionq/Testing flow/Circuits/Data_batch/WH/Data_0393_013/22_Data_halfMagic_theta_0393_mu_013_bound_XZYY_rx005_ry010_rz000_xx013.qpy,holography-on-ionq/Testing flow/wormhole_data_analysis.ipynb,WH10-D-C016,23a53462d3cc06e1,3,1500,1500
WH10,wh10_final_selected,0393_013,boundary,XZYZ,23,23_Data_halfMagic_theta_0393_mu_013_bound_XZYZ_rx005_ry010_rz000_xx013.qpy,data/executed_circuits/WH10/0393_013/23_Data_halfMagic_theta_0393_mu_013_bound_XZYZ_rx005_ry010_rz000_xx013.qpy,b4f606b7d81be44840e3c34596c3cf5d971d19d72a5404c0a8536d2b989931ed,holography-on-ionq/Testing flow/Circuits/Data_batch/WH/Data_0393_013/23_Data_halfMagic_theta_0393_mu_013_bound_XZYZ_rx005_ry010_rz000_xx013.qpy,holography-on-ionq/Testing flow/wormhole_data_analysis.ipynb,WH10-D-C016,23a53462d3cc06e1,3,1500,1500
WH10,wh10_final_selected,0393_013,boundary,XZZX,24,24_Data_halfMagic_theta_0393_mu_013_bound_XZZX_rx005_ry010_rz000_xx013.qpy,data/executed_circuits/WH10/0393_013/24_Data_halfMagic_theta_0393_mu_013_bound_XZZX_rx005_ry010_rz000_xx013.qpy,271572a4d2b9eb2b67a48742b8c21bc780d72e9b9f0f31b0b16200ea3f6495d2,holography-on-ionq/Testing flow/Circuits/Data_batch/WH/Data_0393_013/24_Data_halfMagic_theta_0393_mu_013_bound_XZZX_rx005_ry010_rz000_xx013.qpy,holography-on-ionq/Testing flow/wormhole_data_analysis.ipynb,WH10-D-C016,23a53462d3cc06e1,3,1500,1500
WH10,wh10_final_selected,0393_013,boundary,XZZY,25,25_Data_halfMagic_theta_0393_mu_013_bound_XZZY_rx005_ry010_rz000_xx013.qpy,data/executed_circuits/WH10/0393_013/25_Data_halfMagic_theta_0393_mu_013_bound_XZZY_rx005_ry010_rz000_xx013.qpy,af25c5d707ed01164a2130cfc73ad1356c5fee98985711edc02a8a1a7bb25a68,holography-on-ionq/Testing flow/Circuits/Data_batch/WH/Data_0393_013/25_Data_halfMagic_theta_0393_mu_013_bound_XZZY_rx005_ry010_rz000_xx013.qpy,holography-on-ionq/Testing flow/wormhole_data_analysis.ipynb,WH10-D-C016,23a53462d3cc06e1,3,1500,1500
WH10,wh10_final_selected,0393_013,boundary,XZZZ,26,26_Data_halfMagic_theta_0393_mu_013_bound_XZZZ_rx005_ry010_rz000_xx013.qpy,data/executed_circuits/WH10/0393_013/26_Data_halfMagic_theta_0393_mu_013_bound_XZZZ_rx005_ry010_rz000_xx013.qpy,7a54071e2e2e044275525673f4483d5af2c651b2c7e27bfeedab5c0f81450a96,holography-on-ionq/Testing flow/Circuits/Data_batch/WH/Data_0393_013/26_Data_halfMagic_theta_0393_mu_013_bound_XZZZ_rx005_ry010_rz000_xx013.qpy,holography-on-ionq/Testing flow/wormhole_data_analysis.ipynb,WH10-D-C016,23a53462d3cc06e1,3,1500,1500
WH10,wh10_final_selected,0393_013,boundary,YXXX,27,27_Data_halfMagic_theta_0393_mu_013_bound_YXXX_rx005_ry010_rz000_xx013.qpy,data/executed_circuits/WH10/0393_013/27_Data_halfMagic_theta_0393_mu_013_bound_YXXX_rx005_ry010_rz000_xx013.qpy,98dc041ad9a18dedb1c3ffd2856ed82a1a63750a351878ab69c135343ed1f1a4,holography-on-ionq/Testing flow/Circuits/Data_batch/WH/Data_0393_013/27_Data_halfMagic_theta_0393_mu_013_bound_YXXX_rx005_ry010_rz000_xx013.qpy,holography-on-ionq/Testing flow/wormhole_data_analysis.ipynb,WH10-D-C016,23a53462d3cc06e1,3,1500,1500
WH10,wh10_final_selected,0393_013,boundary,YXXY,28,28_Data_halfMagic_theta_0393_mu_013_bound_YXXY_rx005_ry010_rz000_xx013.qpy,data/executed_circuits/WH10/0393_013/28_Data_halfMagic_theta_0393_mu_013_bound_YXXY_rx005_ry010_rz000_xx013.qpy,ed41d6428b442af69f6ae75c4715628c3c9750aae329d82d1f6dfaff4340546b,holography-on-ionq/Testing flow/Circuits/Data_batch/WH/Data_0393_013/28_Data_halfMagic_theta_0393_mu_013_bound_YXXY_rx005_ry010_rz000_xx013.qpy,holography-on-ionq/Testing flow/wormhole_data_analysis.ipynb,WH10-D-C016,23a53462d3cc06e1,3,1500,1500
WH10,wh10_final_selected,0393_013,boundary,YXXZ,29,29_Data_halfMagic_theta_0393_mu_013_bound_YXXZ_rx005_ry010_rz000_xx013.qpy,data/executed_circuits/WH10/0393_013/29_Data_halfMagic_theta_0393_mu_013_bound_YXXZ_rx005_ry010_rz000_xx013.qpy,9044d772ba258b8c4a1f75569fb75c2601101d6289c0c6c0940327acd6f40962,holography-on-ionq/Testing flow/Circuits/Data_batch/WH/Data_0393_013/29_Data_halfMagic_theta_0393_mu_013_bound_YXXZ_rx005_ry010_rz000_xx013.qpy,holography-on-ionq/Testing flow/wormhole_data_analysis.ipynb,WH10-D-C016,23a53462d3cc06e1,3,1500,1500
WH10,wh10_final_selected,0393_013,boundary,YXYX,30,30_Data_halfMagic_theta_0393_mu_013_bound_YXYX_rx005_ry010_rz000_xx013.qpy,data/executed_circuits/WH10/0393_013/30_Data_halfMagic_theta_0393_mu_013_bound_YXYX_rx005_ry010_rz000_xx013.qpy,35eeb22998464a43e72f37292e112927f5f35e581377c9108a8f8614f709cbdc,holography-on-ionq/Testing flow/Circuits/Data_batch/WH/Data_0393_013/30_Data_halfMagic_theta_0393_mu_013_bound_YXYX_rx005_ry010_rz000_xx013.qpy,holography-on-ionq/Testing flow/wormhole_data_analysis.ipynb,WH10-D-C016,23a53462d3cc06e1,3,1500,1500
WH10,wh10_final_selected,0393_013,boundary,YXYY,31,31_Data_halfMagic_theta_0393_mu_013_bound_YXYY_rx005_ry010_rz000_xx013.qpy,data/executed_circuits/WH10/0393_013/31_Data_halfMagic_theta_0393_mu_013_bound_YXYY_rx005_ry010_rz000_xx013.qpy,b09ca486c8b65d319e2b1febfb72f9fc4045fed1d3224701245cb44492bd002c,holography-on-ionq/Testing flow/Circuits/Data_batch/WH/Data_0393_013/31_Data_halfMagic_theta_0393_mu_013_bound_YXYY_rx005_ry010_rz000_xx013.qpy,holography-on-ionq/Testing flow/wormhole_data_analysis.ipynb,WH10-D-C016,23a53462d3cc06e1,3,1500,1500
WH10,wh10_final_selected,0393_013,boundary,YXYZ,32,32_Data_halfMagic_theta_0393_mu_013_bound_YXYZ_rx005_ry010_rz000_xx013.qpy,data/executed_circuits/WH10/0393_013/32_Data_halfMagic_theta_0393_mu_013_bound_YXYZ_rx005_ry010_rz000_xx013.qpy,b2b9ee6952cb137a5c1ff6c0edc8704e65cc42cb37ced4616b96fe2871c1c55b,holography-on-ionq/Testing flow/Circuits/Data_batch/WH/Data_0393_013/32_Data_halfMagic_theta_0393_mu_013_bound_YXYZ_rx005_ry010_rz000_xx013.qpy,holography-on-ionq/Testing flow/wormhole_data_analysis.ipynb,WH10-D-C016,23a53462d3cc06e1,3,1500,1500
WH10,wh10_final_selected,0393_013,boundary,YXZX,33,33_Data_halfMagic_theta_0393_mu_013_bound_YXZX_rx005_ry010_rz000_xx013.qpy,data/executed_circuits/WH10/0393_013/33_Data_halfMagic_theta_0393_mu_013_bound_YXZX_rx005_ry010_rz000_xx013.qpy,72f0eee79c2defbfb852bd012954a639516e843354e3a904571baa138a4b8039,holography-on-ionq/Testing flow/Circuits/Data_batch/WH/Data_0393_013/33_Data_halfMagic_theta_0393_mu_013_bound_YXZX_rx005_ry010_rz000_xx013.qpy,holography-on-ionq/Testing flow/wormhole_data_analysis.ipynb,WH10-D-C016,23a53462d3cc06e1,3,1500,1500
WH10,wh10_final_selected,0393_013,boundary,YXZY,34,34_Data_halfMagic_theta_0393_mu_013_bound_YXZY_rx005_ry010_rz000_xx013.qpy,data/executed_circuits/WH10/0393_013/34_Data_halfMagic_theta_0393_mu_013_bound_YXZY_rx005_ry010_rz000_xx013.qpy,38d11e7c2ae6826e0ebf9fbb8fdf5e4a3f9c0858d7649f2c9768242639698af9,holography-on-ionq/Testing flow/Circuits/Data_batch/WH/Data_0393_013/34_Data_halfMagic_theta_0393_mu_013_bound_YXZY_rx005_ry010_rz000_xx013.qpy,holography-on-ionq/Testing flow/wormhole_data_analysis.ipynb,WH10-D-C016,23a53462d3cc06e1,3,1500,1500
WH10,wh10_final_selected,0393_013,boundary,YXZZ,35,35_Data_halfMagic_theta_0393_mu_013_bound_YXZZ_rx005_ry010_rz000_xx013.qpy,data/executed_circuits/WH10/0393_013/35_Data_halfMagic_theta_0393_mu_013_bound_YXZZ_rx005_ry010_rz000_xx013.qpy,f2302b9bf3ac29dbc61d43814a178d66876add04f6eb21ac63f9ba0fe28b993c,holography-on-ionq/Testing flow/Circuits/Data_batch/WH/Data_0393_013/35_Data_halfMagic_theta_0393_mu_013_bound_YXZZ_rx005_ry010_rz000_xx013.qpy,holography-on-ionq/Testing flow/wormhole_data_analysis.ipynb,WH10-D-C016,23a53462d3cc06e1,3,1500,1500
WH10,wh10_final_selected,0393_013,boundary,YYXX,36,36_Data_halfMagic_theta_0393_mu_013_bound_YYXX_rx005_ry010_rz000_xx013.qpy,data/executed_circuits/WH10/0393_013/36_Data_halfMagic_theta_0393_mu_013_bound_YYXX_rx005_ry010_rz000_xx013.qpy,79094f2aba3666ee1522cf6f416b2c98edd0fcfd68d16a17a1fe10e03bf731c8,holography-on-ionq/Testing flow/Circuits/Data_batch/WH/Data_0393_013/36_Data_halfMagic_theta_0393_mu_013_bound_YYXX_rx005_ry010_rz000_xx013.qpy,holography-on-ionq/Testing flow/wormhole_data_analysis.ipynb,WH10-D-C016,23a53462d3cc06e1,3,1500,1500
WH10,wh10_final_selected,0393_013,boundary,YYXY,37,37_Data_halfMagic_theta_0393_mu_013_bound_YYXY_rx005_ry010_rz000_xx013.qpy,data/executed_circuits/WH10/0393_013/37_Data_halfMagic_theta_0393_mu_013_bound_YYXY_rx005_ry010_rz000_xx013.qpy,ac0c8c8dd6ab61249acf69e0e26118252780291fc3f1a7ed118e7f8ffdd9512e,holography-on-ionq/Testing flow/Circuits/Data_batch/WH/Data_0393_013/37_Data_halfMagic_theta_0393_mu_013_bound_YYXY_rx005_ry010_rz000_xx013.qpy,holography-on-ionq/Testing flow/wormhole_data_analysis.ipynb,WH10-D-C016,23a53462d3cc06e1,3,1500,1500
WH10,wh10_final_selected,0393_013,boundary,YYXZ,38,38_Data_halfMagic_theta_0393_mu_013_bound_YYXZ_rx005_ry010_rz000_xx013.qpy,data/executed_circuits/WH10/0393_013/38_Data_halfMagic_theta_0393_mu_013_bound_YYXZ_rx005_ry010_rz000_xx013.qpy,26fef23b516b2a74a84dfb924c537a934951ede65edb1f32dfaf42cf95a11e71,holography-on-ionq/Testing flow/Circuits/Data_batch/WH/Data_0393_013/38_Data_halfMagic_theta_0393_mu_013_bound_YYXZ_rx005_ry010_rz000_xx013.qpy,holography-on-ionq/Testing flow/wormhole_data_analysis.ipynb,WH10-D-C016,23a53462d3cc06e1,3,1500,1500
WH10,wh10_final_selected,0393_013,boundary,YYYX,39,39_Data_halfMagic_theta_0393_mu_013_bound_YYYX_rx005_ry010_rz000_xx013.qpy,data/executed_circuits/WH10/0393_013/39_Data_halfMagic_theta_0393_mu_013_bound_YYYX_rx005_ry010_rz000_xx013.qpy,405ce4a3f70c90aa7ecd4d48f0c7a97fad1b8cf5bbc58d305dc6efb6b3a29aea,holography-on-ionq/Testing flow/Circuits/Data_batch/WH/Data_0393_013/39_Data_halfMagic_theta_0393_mu_013_bound_YYYX_rx005_ry010_rz000_xx013.qpy,holography-on-ionq/Testing flow/wormhole_data_analysis.ipynb,WH10-D-C016,23a53462d3cc06e1,3,1500,1500
WH10,wh10_final_selected,0393_013,boundary,YYYY,40,40_Data_halfMagic_theta_0393_mu_013_bound_YYYY_rx005_ry010_rz000_xx013.qpy,data/executed_circuits/WH10/0393_013/40_Data_halfMagic_theta_0393_mu_013_bound_YYYY_rx005_ry010_rz000_xx013.qpy,72e536015b7c46728522545377fc2c2abe8ebc2d9f9199f4d960718198b3b2cb,holography-on-ionq/Testing flow/Circuits/Data_batch/WH/Data_0393_013/40_Data_halfMagic_theta_0393_mu_013_bound_YYYY_rx005_ry010_rz000_xx013.qpy,holography-on-ionq/Testing flow/wormhole_data_analysis.ipynb,WH10-D-C016,23a53462d3cc06e1,3,1500,1500
WH10,wh10_final_selected,0393_013,boundary,YYYZ,41,41_Data_halfMagic_theta_0393_mu_013_bound_YYYZ_rx005_ry010_rz000_xx013.qpy,data/executed_circuits/WH10/0393_013/41_Data_halfMagic_theta_0393_mu_013_bound_YYYZ_rx005_ry010_rz000_xx013.qpy,8498eefb73d4045ab940326fa6e5bd6beebc58c175411d6dff0d306b90ee173d,holography-on-ionq/Testing flow/Circuits/Data_batch/WH/Data_0393_013/41_Data_halfMagic_theta_0393_mu_013_bound_YYYZ_rx005_ry010_rz000_xx013.qpy,holography-on-ionq/Testing flow/wormhole_data_analysis.ipynb,WH10-D-C016,23a53462d3cc06e1,3,1500,1500
WH10,wh10_final_selected,0393_013,boundary,YYZX,42,42_Data_halfMagic_theta_0393_mu_013_bound_YYZX_rx005_ry010_rz000_xx013.qpy,data/executed_circuits/WH10/0393_013/42_Data_halfMagic_theta_0393_mu_013_bound_YYZX_rx005_ry010_rz000_xx013.qpy,a45c7bc1c1fb4d7655c75802f00e932e3c2b70f1ece6e57eae59ff32dc0fda38,holography-on-ionq/Testing flow/Circuits/Data_batch/WH/Data_0393_013/42_Data_halfMagic_theta_0393_mu_013_bound_YYZX_rx005_ry010_rz000_xx013.qpy,holography-on-ionq/Testing flow/wormhole_data_analysis.ipynb,WH10-D-C016,23a53462d3cc06e1,3,1500,1500
WH10,wh10_final_selected,0393_013,boundary,YYZY,43,43_Data_halfMagic_theta_0393_mu_013_bound_YYZY_rx005_ry010_rz000_xx013.qpy,data/executed_circuits/WH10/0393_013/43_Data_halfMagic_theta_0393_mu_013_bound_YYZY_rx005_ry010_rz000_xx013.qpy,88201a73daf724e700b132253e4263204fbaf2118026643cd23801e3b0aa8e7b,holography-on-ionq/Testing flow/Circuits/Data_batch/WH/Data_0393_013/43_Data_halfMagic_theta_0393_mu_013_bound_YYZY_rx005_ry010_rz000_xx013.qpy,holography-on-ionq/Testing flow/wormhole_data_analysis.ipynb,WH10-D-C016,23a53462d3cc06e1,3,1500,1500
WH10,wh10_final_selected,0393_013,boundary,YYZZ,44,44_Data_halfMagic_theta_0393_mu_013_bound_YYZZ_rx005_ry010_rz000_xx013.qpy,data/executed_circuits/WH10/0393_013/44_Data_halfMagic_theta_0393_mu_013_bound_YYZZ_rx005_ry010_rz000_xx013.qpy,fcf051bea7ba2b60cbc47cbd0e8033e37f2d458a6d45cda5d33032dbc447a3d0,holography-on-ionq/Testing flow/Circuits/Data_batch/WH/Data_0393_013/44_Data_halfMagic_theta_0393_mu_013_bound_YYZZ_rx005_ry010_rz000_xx013.qpy,holography-on-ionq/Testing flow/wormhole_data_analysis.ipynb,WH10-D-C016,23a53462d3cc06e1,3,1500,1500
WH10,wh10_final_selected,0393_013,boundary,YZXX,45,45_Data_halfMagic_theta_0393_mu_013_bound_YZXX_rx005_ry010_rz000_xx013.qpy,data/executed_circuits/WH10/0393_013/45_Data_halfMagic_theta_0393_mu_013_bound_YZXX_rx005_ry010_rz000_xx013.qpy,240cbedfff52df8ac7d09402cd42e146cb3cbe2f7c01c80621d719d7da5e457d,holography-on-ionq/Testing flow/Circuits/Data_batch/WH/Data_0393_013/45_Data_halfMagic_theta_0393_mu_013_bound_YZXX_rx005_ry010_rz000_xx013.qpy,holography-on-ionq/Testing flow/wormhole_data_analysis.ipynb,WH10-D-C016,23a53462d3cc06e1,3,1500,1500
WH10,wh10_final_selected,0393_013,boundary,YZXY,46,46_Data_halfMagic_theta_0393_mu_013_bound_YZXY_rx005_ry010_rz000_xx013.qpy,data/executed_circuits/WH10/0393_013/46_Data_halfMagic_theta_0393_mu_013_bound_YZXY_rx005_ry010_rz000_xx013.qpy,3bf12675257b33d2b520ad7c7e6e62d06902ad818eed993ac68d1bd366cb93c3,holography-on-ionq/Testing flow/Circuits/Data_batch/WH/Data_0393_013/46_Data_halfMagic_theta_0393_mu_013_bound_YZXY_rx005_ry010_rz000_xx013.qpy,holography-on-ionq/Testing flow/wormhole_data_analysis.ipynb,WH10-D-C016,23a53462d3cc06e1,3,1500,1500
WH10,wh10_final_selected,0393_013,boundary,YZXZ,47,47_Data_halfMagic_theta_0393_mu_013_bound_YZXZ_rx005_ry010_rz000_xx013.qpy,data/executed_circuits/WH10/0393_013/47_Data_halfMagic_theta_0393_mu_013_bound_YZXZ_rx005_ry010_rz000_xx013.qpy,1376af7a76146047f1086a119c25e596817183c34b811884adb5a13c76d0ef9f,holography-on-ionq/Testing flow/Circuits/Data_batch/WH/Data_0393_013/47_Data_halfMagic_theta_0393_mu_013_bound_YZXZ_rx005_ry010_rz000_xx013.qpy,holography-on-ionq/Testing flow/wormhole_data_analysis.ipynb,WH10-D-C016,23a53462d3cc06e1,3,1500,1500
WH10,wh10_final_selected,0393_013,boundary,YZYX,48,48_Data_halfMagic_theta_0393_mu_013_bound_YZYX_rx005_ry010_rz000_xx013.qpy,data/executed_circuits/WH10/0393_013/48_Data_halfMagic_theta_0393_mu_013_bound_YZYX_rx005_ry010_rz000_xx013.qpy,2ff0245b1dc869cd380cefc89ba577f46f4bdbaf3902f62709b9a2ffd7cd0e12,holography-on-ionq/Testing flow/Circuits/Data_batch/WH/Data_0393_013/48_Data_halfMagic_theta_0393_mu_013_bound_YZYX_rx005_ry010_rz000_xx013.qpy,holography-on-ionq/Testing flow/wormhole_data_analysis.ipynb,WH10-D-C016,23a53462d3cc06e1,3,1500,1500
WH10,wh10_final_selected,0393_013,boundary,YZYY,49,49_Data_halfMagic_theta_0393_mu_013_bound_YZYY_rx005_ry010_rz000_xx013.qpy,data/executed_circuits/WH10/0393_013/49_Data_halfMagic_theta_0393_mu_013_bound_YZYY_rx005_ry010_rz000_xx013.qpy,6bcddfef0871dc9e5f98ccef9e1e8bc45046b63e60d2dc4022976ee6e8ea30cb,holography-on-ionq/Testing flow/Circuits/Data_batch/WH/Data_0393_013/49_Data_halfMagic_theta_0393_mu_013_bound_YZYY_rx005_ry010_rz000_xx013.qpy,holography-on-ionq/Testing flow/wormhole_data_analysis.ipynb,WH10-D-C016,23a53462d3cc06e1,3,1500,1500
WH10,wh10_final_selected,0393_013,boundary,YZYZ,50,50_Data_halfMagic_theta_0393_mu_013_bound_YZYZ_rx005_ry010_rz000_xx013.qpy,data/executed_circuits/WH10/0393_013/50_Data_halfMagic_theta_0393_mu_013_bound_YZYZ_rx005_ry010_rz000_xx013.qpy,c4a50a26fcbadfc658b756d0eb53ed7517759435e0892ad1086a94aeeb29380b,holography-on-ionq/Testing flow/Circuits/Data_batch/WH/Data_0393_013/50_Data_halfMagic_theta_0393_mu_013_bound_YZYZ_rx005_ry010_rz000_xx013.qpy,holography-on-ionq/Testing flow/wormhole_data_analysis.ipynb,WH10-D-C016,23a53462d3cc06e1,3,1500,1500
WH10,wh10_final_selected,0393_013,boundary,YZZX,51,51_Data_halfMagic_theta_0393_mu_013_bound_YZZX_rx005_ry010_rz000_xx013.qpy,data/executed_circuits/WH10/0393_013/51_Data_halfMagic_theta_0393_mu_013_bound_YZZX_rx005_ry010_rz000_xx013.qpy,4ba6623575131b9a73625256b38b80d9b6ca851e16ec11e6fe068b522a904535,holography-on-ionq/Testing flow/Circuits/Data_batch/WH/Data_0393_013/51_Data_halfMagic_theta_0393_mu_013_bound_YZZX_rx005_ry010_rz000_xx013.qpy,holography-on-ionq/Testing flow/wormhole_data_analysis.ipynb,WH10-D-C016,23a53462d3cc06e1,3,1500,1500
WH10,wh10_final_selected,0393_013,boundary,YZZY,52,52_Data_halfMagic_theta_0393_mu_013_bound_YZZY_rx005_ry010_rz000_xx013.qpy,data/executed_circuits/WH10/0393_013/52_Data_halfMagic_theta_0393_mu_013_bound_YZZY_rx005_ry010_rz000_xx013.qpy,389329c9517f0aa293477d02c5b12f6e9d3f39a70648dd671ad42788fb767fd7,holography-on-ionq/Testing flow/Circuits/Data_batch/WH/Data_0393_013/52_Data_halfMagic_theta_0393_mu_013_bound_YZZY_rx005_ry010_rz000_xx013.qpy,holography-on-ionq/Testing flow/wormhole_data_analysis.ipynb,WH10-D-C016,23a53462d3cc06e1,3,1500,1500
WH10,wh10_final_selected,0393_013,boundary,YZZZ,53,53_Data_halfMagic_theta_0393_mu_013_bound_YZZZ_rx005_ry010_rz000_xx013.qpy,data/executed_circuits/WH10/0393_013/53_Data_halfMagic_theta_0393_mu_013_bound_YZZZ_rx005_ry010_rz000_xx013.qpy,cbbd8cdfdcbeee9949b05db782c2dc28a043c6a020d676ec4be102657a14fd7e,holography-on-ionq/Testing flow/Circuits/Data_batch/WH/Data_0393_013/53_Data_halfMagic_theta_0393_mu_013_bound_YZZZ_rx005_ry010_rz000_xx013.qpy,holography-on-ionq/Testing flow/wormhole_data_analysis.ipynb,WH10-D-C016,23a53462d3cc06e1,3,1500,1500
WH10,wh10_final_selected,0393_013,boundary,ZXXX,54,54_Data_halfMagic_theta_0393_mu_013_bound_ZXXX_rx005_ry010_rz000_xx013.qpy,data/executed_circuits/WH10/0393_013/54_Data_halfMagic_theta_0393_mu_013_bound_ZXXX_rx005_ry010_rz000_xx013.qpy,7a091f4c9988b37f23b70a1fc98dfb768ca0ba36fd5b6c70fd3db37a7c3a4457,holography-on-ionq/Testing flow/Circuits/Data_batch/WH/Data_0393_013/54_Data_halfMagic_theta_0393_mu_013_bound_ZXXX_rx005_ry010_rz000_xx013.qpy,holography-on-ionq/Testing flow/wormhole_data_analysis.ipynb,WH10-D-C016,23a53462d3cc06e1,3,1500,1500
WH10,wh10_final_selected,0393_013,boundary,ZXXY,55,55_Data_halfMagic_theta_0393_mu_013_bound_ZXXY_rx005_ry010_rz000_xx013.qpy,data/executed_circuits/WH10/0393_013/55_Data_halfMagic_theta_0393_mu_013_bound_ZXXY_rx005_ry010_rz000_xx013.qpy,fbab187843c80c218a54e80968bf36791ce6eb4a2f8d3d010e2932ac8e036e33,holography-on-ionq/Testing flow/Circuits/Data_batch/WH/Data_0393_013/55_Data_halfMagic_theta_0393_mu_013_bound_ZXXY_rx005_ry010_rz000_xx013.qpy,holography-on-ionq/Testing flow/wormhole_data_analysis.ipynb,WH10-D-C016,23a53462d3cc06e1,3,1500,1500
WH10,wh10_final_selected,0393_013,boundary,ZXXZ,56,56_Data_halfMagic_theta_0393_mu_013_bound_ZXXZ_rx005_ry010_rz000_xx013.qpy,data/executed_circuits/WH10/0393_013/56_Data_halfMagic_theta_0393_mu_013_bound_ZXXZ_rx005_ry010_rz000_xx013.qpy,f3292f729924def7e70e3cc3a5486de346dd45e05a32b964638d8651d32b24e6,holography-on-ionq/Testing flow/Circuits/Data_batch/WH/Data_0393_013/56_Data_halfMagic_theta_0393_mu_013_bound_ZXXZ_rx005_ry010_rz000_xx013.qpy,holography-on-ionq/Testing flow/wormhole_data_analysis.ipynb,WH10-D-C016,23a53462d3cc06e1,3,1500,1500
WH10,wh10_final_selected,0393_013,boundary,ZXYX,57,57_Data_halfMagic_theta_0393_mu_013_bound_ZXYX_rx005_ry010_rz000_xx013.qpy,data/executed_circuits/WH10/0393_013/57_Data_halfMagic_theta_0393_mu_013_bound_ZXYX_rx005_ry010_rz000_xx013.qpy,3aa742b00e7920798e6bef050622300c48a4bf5c738a84b5d3e071cf1f724f97,holography-on-ionq/Testing flow/Circuits/Data_batch/WH/Data_0393_013/57_Data_halfMagic_theta_0393_mu_013_bound_ZXYX_rx005_ry010_rz000_xx013.qpy,holography-on-ionq/Testing flow/wormhole_data_analysis.ipynb,WH10-D-C016,23a53462d3cc06e1,3,1500,1500
WH10,wh10_final_selected,0393_013,boundary,ZXYY,58,58_Data_halfMagic_theta_0393_mu_013_bound_ZXYY_rx005_ry010_rz000_xx013.qpy,data/executed_circuits/WH10/0393_013/58_Data_halfMagic_theta_0393_mu_013_bound_ZXYY_rx005_ry010_rz000_xx013.qpy,eb68fa4006c297a745ff873900cc7d571f55777d2bf98e00b1df0a89b9f29922,holography-on-ionq/Testing flow/Circuits/Data_batch/WH/Data_0393_013/58_Data_halfMagic_theta_0393_mu_013_bound_ZXYY_rx005_ry010_rz000_xx013.qpy,holography-on-ionq/Testing flow/wormhole_data_analysis.ipynb,WH10-D-C016,23a53462d3cc06e1,3,1500,1500
WH10,wh10_final_selected,0393_013,boundary,ZXYZ,59,59_Data_halfMagic_theta_0393_mu_013_bound_ZXYZ_rx005_ry010_rz000_xx013.qpy,data/executed_circuits/WH10/0393_013/59_Data_halfMagic_theta_0393_mu_013_bound_ZXYZ_rx005_ry010_rz000_xx013.qpy,bb3b2016b113bf73564d2758b5b025cea7d543c75008469f0c5e1b53081113c4,holography-on-ionq/Testing flow/Circuits/Data_batch/WH/Data_0393_013/59_Data_halfMagic_theta_0393_mu_013_bound_ZXYZ_rx005_ry010_rz000_xx013.qpy,holography-on-ionq/Testing flow/wormhole_data_analysis.ipynb,WH10-D-C016,23a53462d3cc06e1,3,1500,1500
WH10,wh10_final_selected,0393_013,boundary,ZXZX,60,60_Data_halfMagic_theta_0393_mu_013_bound_ZXZX_rx005_ry010_rz000_xx013.qpy,data/executed_circuits/WH10/0393_013/60_Data_halfMagic_theta_0393_mu_013_bound_ZXZX_rx005_ry010_rz000_xx013.qpy,ca5c065b442832faff3f575eeae309004ad492e32458ed1c50e769b0bfc9baf8,holography-on-ionq/Testing flow/Circuits/Data_batch/WH/Data_0393_013/60_Data_halfMagic_theta_0393_mu_013_bound_ZXZX_rx005_ry010_rz000_xx013.qpy,holography-on-ionq/Testing flow/wormhole_data_analysis.ipynb,WH10-D-C016,23a53462d3cc06e1,3,1500,1500
WH10,wh10_final_selected,0393_013,boundary,ZXZY,61,61_Data_halfMagic_theta_0393_mu_013_bound_ZXZY_rx005_ry010_rz000_xx013.qpy,data/executed_circuits/WH10/0393_013/61_Data_halfMagic_theta_0393_mu_013_bound_ZXZY_rx005_ry010_rz000_xx013.qpy,16355a3b256030bc0321f67254f174fe034bad95112205865086f2fba7c43e6b,holography-on-ionq/Testing flow/Circuits/Data_batch/WH/Data_0393_013/61_Data_halfMagic_theta_0393_mu_013_bound_ZXZY_rx005_ry010_rz000_xx013.qpy,holography-on-ionq/Testing flow/wormhole_data_analysis.ipynb,WH10-D-C016,23a53462d3cc06e1,3,1500,1500
WH10,wh10_final_selected,0393_013,boundary,ZXZZ,62,62_Data_halfMagic_theta_0393_mu_013_bound_ZXZZ_rx005_ry010_rz000_xx013.qpy,data/executed_circuits/WH10/0393_013/62_Data_halfMagic_theta_0393_mu_013_bound_ZXZZ_rx005_ry010_rz000_xx013.qpy,eaf9732635cb4fa449c7505e8bac8331def22f9c4d0f15a75dcaa1ddebb6061b,holography-on-ionq/Testing flow/Circuits/Data_batch/WH/Data_0393_013/62_Data_halfMagic_theta_0393_mu_013_bound_ZXZZ_rx005_ry010_rz000_xx013.qpy,holography-on-ionq/Testing flow/wormhole_data_analysis.ipynb,WH10-D-C016,23a53462d3cc06e1,3,1500,1500
WH10,wh10_final_selected,0393_013,boundary,ZYXX,63,63_Data_halfMagic_theta_0393_mu_013_bound_ZYXX_rx005_ry010_rz000_xx013.qpy,data/executed_circuits/WH10/0393_013/63_Data_halfMagic_theta_0393_mu_013_bound_ZYXX_rx005_ry010_rz000_xx013.qpy,31deda9edc3443dd567140f9095a4597043f02337b95eb1c446c5a8c4fc11f75,holography-on-ionq/Testing flow/Circuits/Data_batch/WH/Data_0393_013/63_Data_halfMagic_theta_0393_mu_013_bound_ZYXX_rx005_ry010_rz000_xx013.qpy,holography-on-ionq/Testing flow/wormhole_data_analysis.ipynb,WH10-D-C016,23a53462d3cc06e1,3,1500,1500
WH10,wh10_final_selected,0393_013,boundary,ZYXY,64,64_Data_halfMagic_theta_0393_mu_013_bound_ZYXY_rx005_ry010_rz000_xx013.qpy,data/executed_circuits/WH10/0393_013/64_Data_halfMagic_theta_0393_mu_013_bound_ZYXY_rx005_ry010_rz000_xx013.qpy,fece4b33d4ef1e096bfbf410723cc85531acdc62bff3efd1b86cec7061be84b8,holography-on-ionq/Testing flow/Circuits/Data_batch/WH/Data_0393_013/64_Data_halfMagic_theta_0393_mu_013_bound_ZYXY_rx005_ry010_rz000_xx013.qpy,holography-on-ionq/Testing flow/wormhole_data_analysis.ipynb,WH10-D-C016,23a53462d3cc06e1,3,1500,1500
WH10,wh10_final_selected,0393_013,boundary,ZYXZ,65,65_Data_halfMagic_theta_0393_mu_013_bound_ZYXZ_rx005_ry010_rz000_xx013.qpy,data/executed_circuits/WH10/0393_013/65_Data_halfMagic_theta_0393_mu_013_bound_ZYXZ_rx005_ry010_rz000_xx013.qpy,5f10b9b53389df5b1c7d5157ee012e85e8fa1007249394ce1b383c21b79a1a3c,holography-on-ionq/Testing flow/Circuits/Data_batch/WH/Data_0393_013/65_Data_halfMagic_theta_0393_mu_013_bound_ZYXZ_rx005_ry010_rz000_xx013.qpy,holography-on-ionq/Testing flow/wormhole_data_analysis.ipynb,WH10-D-C016,23a53462d3cc06e1,3,1500,1500
WH10,wh10_final_selected,0393_013,boundary,ZYYX,66,66_Data_halfMagic_theta_0393_mu_013_bound_ZYYX_rx005_ry010_rz000_xx013.qpy,data/executed_circuits/WH10/0393_013/66_Data_halfMagic_theta_0393_mu_013_bound_ZYYX_rx005_ry010_rz000_xx013.qpy,6ccd68faba12901a46f445789cb67f3158561c98184ed71e8ed4261f512cfffd,holography-on-ionq/Testing flow/Circuits/Data_batch/WH/Data_0393_013/66_Data_halfMagic_theta_0393_mu_013_bound_ZYYX_rx005_ry010_rz000_xx013.qpy,holography-on-ionq/Testing flow/wormhole_data_analysis.ipynb,WH10-D-C016,23a53462d3cc06e1,3,1500,1500
WH10,wh10_final_selected,0393_013,boundary,ZYYY,67,67_Data_halfMagic_theta_0393_mu_013_bound_ZYYY_rx005_ry010_rz000_xx013.qpy,data/executed_circuits/WH10/0393_013/67_Data_halfMagic_theta_0393_mu_013_bound_ZYYY_rx005_ry010_rz000_xx013.qpy,4fcf3a1bfa97c0527fbb5f8fa6abecfeeeddf42067aef9683dd869c449a2c7df,holography-on-ionq/Testing flow/Circuits/Data_batch/WH/Data_0393_013/67_Data_halfMagic_theta_0393_mu_013_bound_ZYYY_rx005_ry010_rz000_xx013.qpy,holography-on-ionq/Testing flow/wormhole_data_analysis.ipynb,WH10-D-C016,23a53462d3cc06e1,3,1500,1500
WH10,wh10_final_selected,0393_013,boundary,ZYYZ,68,68_Data_halfMagic_theta_0393_mu_013_bound_ZYYZ_rx005_ry010_rz000_xx013.qpy,data/executed_circuits/WH10/0393_013/68_Data_halfMagic_theta_0393_mu_013_bound_ZYYZ_rx005_ry010_rz000_xx013.qpy,f444319005be8050c7fe0af35a148f204b15c6bf4d3074ce4dd8ecee6fa257fb,holography-on-ionq/Testing flow/Circuits/Data_batch/WH/Data_0393_013/68_Data_halfMagic_theta_0393_mu_013_bound_ZYYZ_rx005_ry010_rz000_xx013.qpy,holography-on-ionq/Testing flow/wormhole_data_analysis.ipynb,WH10-D-C016,23a53462d3cc06e1,3,1500,1500
WH10,wh10_final_selected,0393_013,boundary,ZYZX,69,69_Data_halfMagic_theta_0393_mu_013_bound_ZYZX_rx005_ry010_rz000_xx013.qpy,data/executed_circuits/WH10/0393_013/69_Data_halfMagic_theta_0393_mu_013_bound_ZYZX_rx005_ry010_rz000_xx013.qpy,7d18587ef2442d475c691e6193e707ac92017036ef3f8fa2d754179fb729f296,holography-on-ionq/Testing flow/Circuits/Data_batch/WH/Data_0393_013/69_Data_halfMagic_theta_0393_mu_013_bound_ZYZX_rx005_ry010_rz000_xx013.qpy,holography-on-ionq/Testing flow/wormhole_data_analysis.ipynb,WH10-D-C016,23a53462d3cc06e1,3,1500,1500
WH10,wh10_final_selected,0393_013,boundary,ZYZY,70,70_Data_halfMagic_theta_0393_mu_013_bound_ZYZY_rx005_ry010_rz000_xx013.qpy,data/executed_circuits/WH10/0393_013/70_Data_halfMagic_theta_0393_mu_013_bound_ZYZY_rx005_ry010_rz000_xx013.qpy,c0e5ef68eb0779b371d3375f2fd340f284f2d81676d18ea4a7597468d14f5ad8,holography-on-ionq/Testing flow/Circuits/Data_batch/WH/Data_0393_013/70_Data_halfMagic_theta_0393_mu_013_bound_ZYZY_rx005_ry010_rz000_xx013.qpy,holography-on-ionq/Testing flow/wormhole_data_analysis.ipynb,WH10-D-C016,23a53462d3cc06e1,3,1500,1500
WH10,wh10_final_selected,0393_013,boundary,ZYZZ,71,71_Data_halfMagic_theta_0393_mu_013_bound_ZYZZ_rx005_ry010_rz000_xx013.qpy,data/executed_circuits/WH10/0393_013/71_Data_halfMagic_theta_0393_mu_013_bound_ZYZZ_rx005_ry010_rz000_xx013.qpy,aae5ae79fd937e583bc40937c045b7b7e9eebfcd2d18b3bbcc0e3573c388bdfd,holography-on-ionq/Testing flow/Circuits/Data_batch/WH/Data_0393_013/71_Data_halfMagic_theta_0393_mu_013_bound_ZYZZ_rx005_ry010_rz000_xx013.qpy,holography-on-ionq/Testing flow/wormhole_data_analysis.ipynb,WH10-D-C016,23a53462d3cc06e1,3,1500,1500
WH10,wh10_final_selected,0393_013,boundary,ZZXX,72,72_Data_halfMagic_theta_0393_mu_013_bound_ZZXX_rx005_ry010_rz000_xx013.qpy,data/executed_circuits/WH10/0393_013/72_Data_halfMagic_theta_0393_mu_013_bound_ZZXX_rx005_ry010_rz000_xx013.qpy,d6d32d2fdc411bd5bc73945bcd8298dee82c789b1e9906564462583df95a205c,holography-on-ionq/Testing flow/Circuits/Data_batch/WH/Data_0393_013/72_Data_halfMagic_theta_0393_mu_013_bound_ZZXX_rx005_ry010_rz000_xx013.qpy,holography-on-ionq/Testing flow/wormhole_data_analysis.ipynb,WH10-D-C016,23a53462d3cc06e1,3,1500,1500
WH10,wh10_final_selected,0393_013,boundary,ZZXY,73,73_Data_halfMagic_theta_0393_mu_013_bound_ZZXY_rx005_ry010_rz000_xx013.qpy,data/executed_circuits/WH10/0393_013/73_Data_halfMagic_theta_0393_mu_013_bound_ZZXY_rx005_ry010_rz000_xx013.qpy,9d6578dc25da0e9656761dc7b7cc00b367c1a5b0f85c07699030fbb4d90af433,holography-on-ionq/Testing flow/Circuits/Data_batch/WH/Data_0393_013/73_Data_halfMagic_theta_0393_mu_013_bound_ZZXY_rx005_ry010_rz000_xx013.qpy,holography-on-ionq/Testing flow/wormhole_data_analysis.ipynb,WH10-D-C016,23a53462d3cc06e1,3,1500,1500
WH10,wh10_final_selected,0393_013,boundary,ZZXZ,74,74_Data_halfMagic_theta_0393_mu_013_bound_ZZXZ_rx005_ry010_rz000_xx013.qpy,data/executed_circuits/WH10/0393_013/74_Data_halfMagic_theta_0393_mu_013_bound_ZZXZ_rx005_ry010_rz000_xx013.qpy,489b171e9c01f64ee3a141b1186adb562c8539b76d8dc91f3f0332585d8808e7,holography-on-ionq/Testing flow/Circuits/Data_batch/WH/Data_0393_013/74_Data_halfMagic_theta_0393_mu_013_bound_ZZXZ_rx005_ry010_rz000_xx013.qpy,holography-on-ionq/Testing flow/wormhole_data_analysis.ipynb,WH10-D-C016,23a53462d3cc06e1,3,1500,1500
WH10,wh10_final_selected,0393_013,boundary,ZZYX,75,75_Data_halfMagic_theta_0393_mu_013_bound_ZZYX_rx005_ry010_rz000_xx013.qpy,data/executed_circuits/WH10/0393_013/75_Data_halfMagic_theta_0393_mu_013_bound_ZZYX_rx005_ry010_rz000_xx013.qpy,3e5af621545fb7b08a92974cbcb069ea07afa0ac244aec36e7ab11def9d9190c,holography-on-ionq/Testing flow/Circuits/Data_batch/WH/Data_0393_013/75_Data_halfMagic_theta_0393_mu_013_bound_ZZYX_rx005_ry010_rz000_xx013.qpy,holography-on-ionq/Testing flow/wormhole_data_analysis.ipynb,WH10-D-C016,23a53462d3cc06e1,3,1500,1500
WH10,wh10_final_selected,0393_013,boundary,ZZYY,76,76_Data_halfMagic_theta_0393_mu_013_bound_ZZYY_rx005_ry010_rz000_xx013.qpy,data/executed_circuits/WH10/0393_013/76_Data_halfMagic_theta_0393_mu_013_bound_ZZYY_rx005_ry010_rz000_xx013.qpy,96338c9019c29fa4015e0b22024b4a5ae4f7ba072d5c96441b7f06745086cb70,holography-on-ionq/Testing flow/Circuits/Data_batch/WH/Data_0393_013/76_Data_halfMagic_theta_0393_mu_013_bound_ZZYY_rx005_ry010_rz000_xx013.qpy,holography-on-ionq/Testing flow/wormhole_data_analysis.ipynb,WH10-D-C016,23a53462d3cc06e1,3,1500,1500
WH10,wh10_final_selected,0393_013,boundary,ZZYZ,77,77_Data_halfMagic_theta_0393_mu_013_bound_ZZYZ_rx005_ry010_rz000_xx013.qpy,data/executed_circuits/WH10/0393_013/77_Data_halfMagic_theta_0393_mu_013_bound_ZZYZ_rx005_ry010_rz000_xx013.qpy,fbe99303cde429b1b6c3c81559d7cfb3a0058256c624b7deda2cc080fa0116e0,holography-on-ionq/Testing flow/Circuits/Data_batch/WH/Data_0393_013/77_Data_halfMagic_theta_0393_mu_013_bound_ZZYZ_rx005_ry010_rz000_xx013.qpy,holography-on-ionq/Testing flow/wormhole_data_analysis.ipynb,WH10-D-C016,23a53462d3cc06e1,3,1500,1500
WH10,wh10_final_selected,0393_013,boundary,ZZZX,78,78_Data_halfMagic_theta_0393_mu_013_bound_ZZZX_rx005_ry010_rz000_xx013.qpy,data/executed_circuits/WH10/0393_013/78_Data_halfMagic_theta_0393_mu_013_bound_ZZZX_rx005_ry010_rz000_xx013.qpy,8c1ae96ee9d35fad06947f0fd18fec6b0f28aaa7faa023fc6a29597bd1c89c04,holography-on-ionq/Testing flow/Circuits/Data_batch/WH/Data_0393_013/78_Data_halfMagic_theta_0393_mu_013_bound_ZZZX_rx005_ry010_rz000_xx013.qpy,holography-on-ionq/Testing flow/wormhole_data_analysis.ipynb,WH10-D-C016,23a53462d3cc06e1,3,1500,1500
WH10,wh10_final_selected,0393_013,boundary,ZZZY,79,79_Data_halfMagic_theta_0393_mu_013_bound_ZZZY_rx005_ry010_rz000_xx013.qpy,data/executed_circuits/WH10/0393_013/79_Data_halfMagic_theta_0393_mu_013_bound_ZZZY_rx005_ry010_rz000_xx013.qpy,56e6d7cfbb150436871c0967856c40fca0a56b606b9cabc467ebd54dd826e07b,holography-on-ionq/Testing flow/Circuits/Data_batch/WH/Data_0393_013/79_Data_halfMagic_theta_0393_mu_013_bound_ZZZY_rx005_ry010_rz000_xx013.qpy,holography-on-ionq/Testing flow/wormhole_data_analysis.ipynb,WH10-D-C016,23a53462d3cc06e1,3,1500,1500
WH10,wh10_final_selected,0393_013,boundary,ZZZZ,80,80_Data_halfMagic_theta_0393_mu_013_bound_ZZZZ_rx005_ry010_rz000_xx013.qpy,data/executed_circuits/WH10/0393_013/80_Data_halfMagic_theta_0393_mu_013_bound_ZZZZ_rx005_ry010_rz000_xx013.qpy,7cf71efd67538d9098a3f98ed10796d1f792fe1882dcbd0dcf8c07940b0d2f67,holography-on-ionq/Testing flow/Circuits/Data_batch/WH/Data_0393_013/80_Data_halfMagic_theta_0393_mu_013_bound_ZZZZ_rx005_ry010_rz000_xx013.qpy,holography-on-ionq/Testing flow/wormhole_data_analysis.ipynb,WH10-D-C016,23a53462d3cc06e1,3,1500,1500
WH10,wh10_final_selected,0393_013,bulk,XX,81,81_Data_halfMagic_theta_0393_mu_013_bulk_XX_rx005_ry010_rz000_xx013.qpy,data/executed_circuits/WH10/0393_013/81_Data_halfMagic_theta_0393_mu_013_bulk_XX_rx005_ry010_rz000_xx013.qpy,84592024452229628710731e95987df3e2b0192c41e91dac321b63373aa52b23,holography-on-ionq/Testing flow/Circuits/Data_batch/WH/Data_0393_013/81_Data_halfMagic_theta_0393_mu_013_bulk_XX_rx005_ry010_rz000_xx013.qpy,holography-on-ionq/Testing flow/wormhole_data_analysis.ipynb,WH10-D-C016,23a53462d3cc06e1,3,1500,1500
WH10,wh10_final_selected,0393_013,bulk,XY,82,82_Data_halfMagic_theta_0393_mu_013_bulk_XY_rx005_ry010_rz000_xx013.qpy,data/executed_circuits/WH10/0393_013/82_Data_halfMagic_theta_0393_mu_013_bulk_XY_rx005_ry010_rz000_xx013.qpy,026b6dba95fa1246107d9ca920288f2a54b9daee643ac9490702def71156ad1f,holography-on-ionq/Testing flow/Circuits/Data_batch/WH/Data_0393_013/82_Data_halfMagic_theta_0393_mu_013_bulk_XY_rx005_ry010_rz000_xx013.qpy,holography-on-ionq/Testing flow/wormhole_data_analysis.ipynb,WH10-D-C016,23a53462d3cc06e1,3,1500,1500
WH10,wh10_final_selected,0393_013,bulk,XZ,83,83_Data_halfMagic_theta_0393_mu_013_bulk_XZ_rx005_ry010_rz000_xx013.qpy,data/executed_circuits/WH10/0393_013/83_Data_halfMagic_theta_0393_mu_013_bulk_XZ_rx005_ry010_rz000_xx013.qpy,a17407e3c06283a20b479ef9b3fa1d4518b78abd3b37b7c048b116ad8e537131,holography-on-ionq/Testing flow/Circuits/Data_batch/WH/Data_0393_013/83_Data_halfMagic_theta_0393_mu_013_bulk_XZ_rx005_ry010_rz000_xx013.qpy,holography-on-ionq/Testing flow/wormhole_data_analysis.ipynb,WH10-D-C016,23a53462d3cc06e1,3,1500,1500
WH10,wh10_final_selected,0393_013,bulk,YX,84,84_Data_halfMagic_theta_0393_mu_013_bulk_YX_rx005_ry010_rz000_xx013.qpy,data/executed_circuits/WH10/0393_013/84_Data_halfMagic_theta_0393_mu_013_bulk_YX_rx005_ry010_rz000_xx013.qpy,de823d95c2cf8c015324ccfa77621117988f528a52d12187a236d371c78442c1,holography-on-ionq/Testing flow/Circuits/Data_batch/WH/Data_0393_013/84_Data_halfMagic_theta_0393_mu_013_bulk_YX_rx005_ry010_rz000_xx013.qpy,holography-on-ionq/Testing flow/wormhole_data_analysis.ipynb,WH10-D-C016,23a53462d3cc06e1,3,1500,1500
WH10,wh10_final_selected,0393_013,bulk,YY,85,85_Data_halfMagic_theta_0393_mu_013_bulk_YY_rx005_ry010_rz000_xx013.qpy,data/executed_circuits/WH10/0393_013/85_Data_halfMagic_theta_0393_mu_013_bulk_YY_rx005_ry010_rz000_xx013.qpy,edaa88b506b3174e1013d8e85ca9477371ac9204756da51bdc48ad05ff7b62cc,holography-on-ionq/Testing flow/Circuits/Data_batch/WH/Data_0393_013/85_Data_halfMagic_theta_0393_mu_013_bulk_YY_rx005_ry010_rz000_xx013.qpy,holography-on-ionq/Testing flow/wormhole_data_analysis.ipynb,WH10-D-C016,23a53462d3cc06e1,3,1500,1500
WH10,wh10_final_selected,0393_013,bulk,YZ,86,86_Data_halfMagic_theta_0393_mu_013_bulk_YZ_rx005_ry010_rz000_xx013.qpy,data/executed_circuits/WH10/0393_013/86_Data_halfMagic_theta_0393_mu_013_bulk_YZ_rx005_ry010_rz000_xx013.qpy,da28968730981232a0033f7f5d7a3f085ad82c88e5f86295704518def8d9a797,holography-on-ionq/Testing flow/Circuits/Data_batch/WH/Data_0393_013/86_Data_halfMagic_theta_0393_mu_013_bulk_YZ_rx005_ry010_rz000_xx013.qpy,holography-on-ionq/Testing flow/wormhole_data_analysis.ipynb,WH10-D-C016,23a53462d3cc06e1,3,1500,1500
WH10,wh10_final_selected,0393_013,bulk,ZX,87,87_Data_halfMagic_theta_0393_mu_013_bulk_ZX_rx005_ry010_rz000_xx013.qpy,data/executed_circuits/WH10/0393_013/87_Data_halfMagic_theta_0393_mu_013_bulk_ZX_rx005_ry010_rz000_xx013.qpy,8df7c170dca1e65edbf38cb38077888c0a0170e20b59b6cdeea61f8fd36cf90b,holography-on-ionq/Testing flow/Circuits/Data_batch/WH/Data_0393_013/87_Data_halfMagic_theta_0393_mu_013_bulk_ZX_rx005_ry010_rz000_xx013.qpy,holography-on-ionq/Testing flow/wormhole_data_analysis.ipynb,WH10-D-C016,23a53462d3cc06e1,3,1500,1500
WH10,wh10_final_selected,0393_013,bulk,ZY,88,88_Data_halfMagic_theta_0393_mu_013_bulk_ZY_rx005_ry010_rz000_xx013.qpy,data/executed_circuits/WH10/0393_013/88_Data_halfMagic_theta_0393_mu_013_bulk_ZY_rx005_ry010_rz000_xx013.qpy,ea9dde37e6e2b505ba78333ace1448e89608593cf1354cea914c42224b7be3fb,holography-on-ionq/Testing flow/Circuits/Data_batch/WH/Data_0393_013/88_Data_halfMagic_theta_0393_mu_013_bulk_ZY_rx005_ry010_rz000_xx013.qpy,holography-on-ionq/Testing flow/wormhole_data_analysis.ipynb,WH10-D-C016,23a53462d3cc06e1,3,1500,1500
WH10,wh10_final_selected,0393_013,bulk,ZZ,89,89_Data_halfMagic_theta_0393_mu_013_bulk_ZZ_rx005_ry010_rz000_xx013.qpy,data/executed_circuits/WH10/0393_013/89_Data_halfMagic_theta_0393_mu_013_bulk_ZZ_rx005_ry010_rz000_xx013.qpy,caa3a63d070363ef0e886133c856a0bf75b4d7de3662fe1a66bd88db420ccff5,holography-on-ionq/Testing flow/Circuits/Data_batch/WH/Data_0393_013/89_Data_halfMagic_theta_0393_mu_013_bulk_ZZ_rx005_ry010_rz000_xx013.qpy,holography-on-ionq/Testing flow/wormhole_data_analysis.ipynb,WH10-D-C016,23a53462d3cc06e1,3,1500,1500
WH10,wh10_final_selected,0393_027,boundary,XXXX,0,00_Data_withMagic_theta_0393_mu_027_bound_XXXX_rx010_ry020_rz000_xx027.qpy,data/executed_circuits/WH10/0393_027/00_Data_withMagic_theta_0393_mu_027_bound_XXXX_rx010_ry020_rz000_xx027.qpy,0f91c953cb0d7654e0c3a8bb585e1c7a3bb480e9535b4ca6d102b2434f419aa9,holography-on-ionq/Testing flow/Circuits/Data_batch/WH/Data_0393_027/00_Data_withMagic_theta_0393_mu_027_bound_XXXX_rx010_ry020_rz000_xx027.qpy,holography-on-ionq/Testing flow/wormhole_data_analysis.ipynb,WH10-D-C016,23a53462d3cc06e1,3,1250,1250
WH10,wh10_final_selected,0393_027,boundary,XXXY,1,01_Data_withMagic_theta_0393_mu_027_bound_XXXY_rx010_ry020_rz000_xx027.qpy,data/executed_circuits/WH10/0393_027/01_Data_withMagic_theta_0393_mu_027_bound_XXXY_rx010_ry020_rz000_xx027.qpy,d7cec798d18a10a1b30cec3e0084de763851d7452762482dd8a7aa49a66774e6,holography-on-ionq/Testing flow/Circuits/Data_batch/WH/Data_0393_027/01_Data_withMagic_theta_0393_mu_027_bound_XXXY_rx010_ry020_rz000_xx027.qpy,holography-on-ionq/Testing flow/wormhole_data_analysis.ipynb,WH10-D-C016,23a53462d3cc06e1,3,1250,1250
WH10,wh10_final_selected,0393_027,boundary,XXXZ,2,02_Data_withMagic_theta_0393_mu_027_bound_XXXZ_rx010_ry020_rz000_xx027.qpy,data/executed_circuits/WH10/0393_027/02_Data_withMagic_theta_0393_mu_027_bound_XXXZ_rx010_ry020_rz000_xx027.qpy,eba5f9a572aa97b85f71a9074134f36ae393b5e9552299368e44d140542cbffe,holography-on-ionq/Testing flow/Circuits/Data_batch/WH/Data_0393_027/02_Data_withMagic_theta_0393_mu_027_bound_XXXZ_rx010_ry020_rz000_xx027.qpy,holography-on-ionq/Testing flow/wormhole_data_analysis.ipynb,WH10-D-C016,23a53462d3cc06e1,3,1250,1250
WH10,wh10_final_selected,0393_027,boundary,XXYX,3,03_Data_withMagic_theta_0393_mu_027_bound_XXYX_rx010_ry020_rz000_xx027.qpy,data/executed_circuits/WH10/0393_027/03_Data_withMagic_theta_0393_mu_027_bound_XXYX_rx010_ry020_rz000_xx027.qpy,97857a43006a402b8c32f857300c9039014a69f47d0ac4d0289656cb5719a422,holography-on-ionq/Testing flow/Circuits/Data_batch/WH/Data_0393_027/03_Data_withMagic_theta_0393_mu_027_bound_XXYX_rx010_ry020_rz000_xx027.qpy,holography-on-ionq/Testing flow/wormhole_data_analysis.ipynb,WH10-D-C016,23a53462d3cc06e1,3,1250,1250
WH10,wh10_final_selected,0393_027,boundary,XXYY,4,04_Data_withMagic_theta_0393_mu_027_bound_XXYY_rx010_ry020_rz000_xx027.qpy,data/executed_circuits/WH10/0393_027/04_Data_withMagic_theta_0393_mu_027_bound_XXYY_rx010_ry020_rz000_xx027.qpy,74f3db129c860a89517082d7a32bcf500acecfa300ea5e1b4b4a246eb25a5f2b,holography-on-ionq/Testing flow/Circuits/Data_batch/WH/Data_0393_027/04_Data_withMagic_theta_0393_mu_027_bound_XXYY_rx010_ry020_rz000_xx027.qpy,holography-on-ionq/Testing flow/wormhole_data_analysis.ipynb,WH10-D-C016,23a53462d3cc06e1,3,1250,1250
WH10,wh10_final_selected,0393_027,boundary,XXYZ,5,05_Data_withMagic_theta_0393_mu_027_bound_XXYZ_rx010_ry020_rz000_xx027.qpy,data/executed_circuits/WH10/0393_027/05_Data_withMagic_theta_0393_mu_027_bound_XXYZ_rx010_ry020_rz000_xx027.qpy,7c95111742a1d8534c46945c2f0572db96ed1591ec083d965c3346b2c3774b7b,holography-on-ionq/Testing flow/Circuits/Data_batch/WH/Data_0393_027/05_Data_withMagic_theta_0393_mu_027_bound_XXYZ_rx010_ry020_rz000_xx027.qpy,holography-on-ionq/Testing flow/wormhole_data_analysis.ipynb,WH10-D-C016,23a53462d3cc06e1,3,1250,1250
WH10,wh10_final_selected,0393_027,boundary,XXZX,6,06_Data_withMagic_theta_0393_mu_027_bound_XXZX_rx010_ry020_rz000_xx027.qpy,data/executed_circuits/WH10/0393_027/06_Data_withMagic_theta_0393_mu_027_bound_XXZX_rx010_ry020_rz000_xx027.qpy,81b302d3d8a940589f3f4b73e5029804ea06c1d5c3f1f2f8f5ed95bf03cebaac,holography-on-ionq/Testing flow/Circuits/Data_batch/WH/Data_0393_027/06_Data_withMagic_theta_0393_mu_027_bound_XXZX_rx010_ry020_rz000_xx027.qpy,holography-on-ionq/Testing flow/wormhole_data_analysis.ipynb,WH10-D-C016,23a53462d3cc06e1,3,1250,1250
WH10,wh10_final_selected,0393_027,boundary,XXZY,7,07_Data_withMagic_theta_0393_mu_027_bound_XXZY_rx010_ry020_rz000_xx027.qpy,data/executed_circuits/WH10/0393_027/07_Data_withMagic_theta_0393_mu_027_bound_XXZY_rx010_ry020_rz000_xx027.qpy,b65f374435ccd42992b3a24b98eb2c20d6cbbc21f930f12c4dcbae81f578f48a,holography-on-ionq/Testing flow/Circuits/Data_batch/WH/Data_0393_027/07_Data_withMagic_theta_0393_mu_027_bound_XXZY_rx010_ry020_rz000_xx027.qpy,holography-on-ionq/Testing flow/wormhole_data_analysis.ipynb,WH10-D-C016,23a53462d3cc06e1,3,1250,1250
WH10,wh10_final_selected,0393_027,boundary,XXZZ,8,08_Data_withMagic_theta_0393_mu_027_bound_XXZZ_rx010_ry020_rz000_xx027.qpy,data/executed_circuits/WH10/0393_027/08_Data_withMagic_theta_0393_mu_027_bound_XXZZ_rx010_ry020_rz000_xx027.qpy,ad186db748b86b598569e714f57ca25281556b12498f6934c74b3ce3f2e64411,holography-on-ionq/Testing flow/Circuits/Data_batch/WH/Data_0393_027/08_Data_withMagic_theta_0393_mu_027_bound_XXZZ_rx010_ry020_rz000_xx027.qpy,holography-on-ionq/Testing flow/wormhole_data_analysis.ipynb,WH10-D-C016,23a53462d3cc06e1,3,1250,1250
WH10,wh10_final_selected,0393_027,boundary,XYXX,9,09_Data_withMagic_theta_0393_mu_027_bound_XYXX_rx010_ry020_rz000_xx027.qpy,data/executed_circuits/WH10/0393_027/09_Data_withMagic_theta_0393_mu_027_bound_XYXX_rx010_ry020_rz000_xx027.qpy,47cbf17dcb7c52ff43beb59375ea6a142d5de30113481cbd1dffa1171b14e374,holography-on-ionq/Testing flow/Circuits/Data_batch/WH/Data_0393_027/09_Data_withMagic_theta_0393_mu_027_bound_XYXX_rx010_ry020_rz000_xx027.qpy,holography-on-ionq/Testing flow/wormhole_data_analysis.ipynb,WH10-D-C016,23a53462d3cc06e1,3,1250,1250
WH10,wh10_final_selected,0393_027,boundary,XYXY,10,10_Data_withMagic_theta_0393_mu_027_bound_XYXY_rx010_ry020_rz000_xx027.qpy,data/executed_circuits/WH10/0393_027/10_Data_withMagic_theta_0393_mu_027_bound_XYXY_rx010_ry020_rz000_xx027.qpy,18f2e837a445e3176cec8319ba46a57ebbbffc47ec78a41d6f2fa759c9ff64b2,holography-on-ionq/Testing flow/Circuits/Data_batch/WH/Data_0393_027/10_Data_withMagic_theta_0393_mu_027_bound_XYXY_rx010_ry020_rz000_xx027.qpy,holography-on-ionq/Testing flow/wormhole_data_analysis.ipynb,WH10-D-C016,23a53462d3cc06e1,3,1250,1250
WH10,wh10_final_selected,0393_027,boundary,XYXZ,11,11_Data_withMagic_theta_0393_mu_027_bound_XYXZ_rx010_ry020_rz000_xx027.qpy,data/executed_circuits/WH10/0393_027/11_Data_withMagic_theta_0393_mu_027_bound_XYXZ_rx010_ry020_rz000_xx027.qpy,49151ec013c994f7a4c64aeb7b422882c89fd165b6068a30ae6894c5d141d1c4,holography-on-ionq/Testing flow/Circuits/Data_batch/WH/Data_0393_027/11_Data_withMagic_theta_0393_mu_027_bound_XYXZ_rx010_ry020_rz000_xx027.qpy,holography-on-ionq/Testing flow/wormhole_data_analysis.ipynb,WH10-D-C016,23a53462d3cc06e1,3,1250,1250
WH10,wh10_final_selected,0393_027,boundary,XYYX,12,12_Data_withMagic_theta_0393_mu_027_bound_XYYX_rx010_ry020_rz000_xx027.qpy,data/executed_circuits/WH10/0393_027/12_Data_withMagic_theta_0393_mu_027_bound_XYYX_rx010_ry020_rz000_xx027.qpy,6d5d9ad77615c698130bd5951614427167d17a258f2f7c7ee8e422fb309cc7f8,holography-on-ionq/Testing flow/Circuits/Data_batch/WH/Data_0393_027/12_Data_withMagic_theta_0393_mu_027_bound_XYYX_rx010_ry020_rz000_xx027.qpy,holography-on-ionq/Testing flow/wormhole_data_analysis.ipynb,WH10-D-C016,23a53462d3cc06e1,3,1250,1250
WH10,wh10_final_selected,0393_027,boundary,XYYY,13,13_Data_withMagic_theta_0393_mu_027_bound_XYYY_rx010_ry020_rz000_xx027.qpy,data/executed_circuits/WH10/0393_027/13_Data_withMagic_theta_0393_mu_027_bound_XYYY_rx010_ry020_rz000_xx027.qpy,d8093b2e0786e22c32afd9c3b2c915a29e4add72af678297513bc7c5e38face6,holography-on-ionq/Testing flow/Circuits/Data_batch/WH/Data_0393_027/13_Data_withMagic_theta_0393_mu_027_bound_XYYY_rx010_ry020_rz000_xx027.qpy,holography-on-ionq/Testing flow/wormhole_data_analysis.ipynb,WH10-D-C016,23a53462d3cc06e1,3,1250,1250
WH10,wh10_final_selected,0393_027,boundary,XYYZ,14,14_Data_withMagic_theta_0393_mu_027_bound_XYYZ_rx010_ry020_rz000_xx027.qpy,data/executed_circuits/WH10/0393_027/14_Data_withMagic_theta_0393_mu_027_bound_XYYZ_rx010_ry020_rz000_xx027.qpy,3d5e697f26fd463e5798ff653ade2d06c7c2f714e6b034b9aefb8c2f6ec75b9c,holography-on-ionq/Testing flow/Circuits/Data_batch/WH/Data_0393_027/14_Data_withMagic_theta_0393_mu_027_bound_XYYZ_rx010_ry020_rz000_xx027.qpy,holography-on-ionq/Testing flow/wormhole_data_analysis.ipynb,WH10-D-C016,23a53462d3cc06e1,3,1250,1250
WH10,wh10_final_selected,0393_027,boundary,XYZX,15,15_Data_withMagic_theta_0393_mu_027_bound_XYZX_rx010_ry020_rz000_xx027.qpy,data/executed_circuits/WH10/0393_027/15_Data_withMagic_theta_0393_mu_027_bound_XYZX_rx010_ry020_rz000_xx027.qpy,da815fa9d7f50337947c7fb44a1a2e5d127631f7aa3a54e536088582d29a9ada,holography-on-ionq/Testing flow/Circuits/Data_batch/WH/Data_0393_027/15_Data_withMagic_theta_0393_mu_027_bound_XYZX_rx010_ry020_rz000_xx027.qpy,holography-on-ionq/Testing flow/wormhole_data_analysis.ipynb,WH10-D-C016,23a53462d3cc06e1,3,1250,1250
WH10,wh10_final_selected,0393_027,boundary,XYZY,16,16_Data_withMagic_theta_0393_mu_027_bound_XYZY_rx010_ry020_rz000_xx027.qpy,data/executed_circuits/WH10/0393_027/16_Data_withMagic_theta_0393_mu_027_bound_XYZY_rx010_ry020_rz000_xx027.qpy,10a0615133f96272e0f518d4a482f69aa50d77b33029fc5efd59cdf99e67cf8d,holography-on-ionq/Testing flow/Circuits/Data_batch/WH/Data_0393_027/16_Data_withMagic_theta_0393_mu_027_bound_XYZY_rx010_ry020_rz000_xx027.qpy,holography-on-ionq/Testing flow/wormhole_data_analysis.ipynb,WH10-D-C016,23a53462d3cc06e1,3,1250,1250
WH10,wh10_final_selected,0393_027,boundary,XYZZ,17,17_Data_withMagic_theta_0393_mu_027_bound_XYZZ_rx010_ry020_rz000_xx027.qpy,data/executed_circuits/WH10/0393_027/17_Data_withMagic_theta_0393_mu_027_bound_XYZZ_rx010_ry020_rz000_xx027.qpy,009337549d3f3f7ceba44d5965b008e314d22bf86fc44a5c25655dd166c5d581,holography-on-ionq/Testing flow/Circuits/Data_batch/WH/Data_0393_027/17_Data_withMagic_theta_0393_mu_027_bound_XYZZ_rx010_ry020_rz000_xx027.qpy,holography-on-ionq/Testing flow/wormhole_data_analysis.ipynb,WH10-D-C016,23a53462d3cc06e1,3,1250,1250
WH10,wh10_final_selected,0393_027,boundary,XZXX,18,18_Data_withMagic_theta_0393_mu_027_bound_XZXX_rx010_ry020_rz000_xx027.qpy,data/executed_circuits/WH10/0393_027/18_Data_withMagic_theta_0393_mu_027_bound_XZXX_rx010_ry020_rz000_xx027.qpy,9384636d04635b857b521e1fe3f8b7464df666917cab33564cfd51617f52db5e,holography-on-ionq/Testing flow/Circuits/Data_batch/WH/Data_0393_027/18_Data_withMagic_theta_0393_mu_027_bound_XZXX_rx010_ry020_rz000_xx027.qpy,holography-on-ionq/Testing flow/wormhole_data_analysis.ipynb,WH10-D-C016,23a53462d3cc06e1,3,1250,1250
WH10,wh10_final_selected,0393_027,boundary,XZXY,19,19_Data_withMagic_theta_0393_mu_027_bound_XZXY_rx010_ry020_rz000_xx027.qpy,data/executed_circuits/WH10/0393_027/19_Data_withMagic_theta_0393_mu_027_bound_XZXY_rx010_ry020_rz000_xx027.qpy,67e77d2d3178192bfceb5f77eff7300e7ba11fe556cda6ce2855990dd5d9ccd9,holography-on-ionq/Testing flow/Circuits/Data_batch/WH/Data_0393_027/19_Data_withMagic_theta_0393_mu_027_bound_XZXY_rx010_ry020_rz000_xx027.qpy,holography-on-ionq/Testing flow/wormhole_data_analysis.ipynb,WH10-D-C016,23a53462d3cc06e1,3,1250,1250
WH10,wh10_final_selected,0393_027,boundary,XZXZ,20,20_Data_withMagic_theta_0393_mu_027_bound_XZXZ_rx010_ry020_rz000_xx027.qpy,data/executed_circuits/WH10/0393_027/20_Data_withMagic_theta_0393_mu_027_bound_XZXZ_rx010_ry020_rz000_xx027.qpy,a330ed8f82fe2023134cde91d6d3554ad4fe4fe0040cc2611a2fb2e3c1eb3688,holography-on-ionq/Testing flow/Circuits/Data_batch/WH/Data_0393_027/20_Data_withMagic_theta_0393_mu_027_bound_XZXZ_rx010_ry020_rz000_xx027.qpy,holography-on-ionq/Testing flow/wormhole_data_analysis.ipynb,WH10-D-C016,23a53462d3cc06e1,3,1250,1250
WH10,wh10_final_selected,0393_027,boundary,XZYX,21,21_Data_withMagic_theta_0393_mu_027_bound_XZYX_rx010_ry020_rz000_xx027.qpy,data/executed_circuits/WH10/0393_027/21_Data_withMagic_theta_0393_mu_027_bound_XZYX_rx010_ry020_rz000_xx027.qpy,8c925d86c02825734aaf384fc8cc80f18074eb6862e0cc71603e2fc431e117be,holography-on-ionq/Testing flow/Circuits/Data_batch/WH/Data_0393_027/21_Data_withMagic_theta_0393_mu_027_bound_XZYX_rx010_ry020_rz000_xx027.qpy,holography-on-ionq/Testing flow/wormhole_data_analysis.ipynb,WH10-D-C016,23a53462d3cc06e1,3,1250,1250
WH10,wh10_final_selected,0393_027,boundary,XZYY,22,22_Data_withMagic_theta_0393_mu_027_bound_XZYY_rx010_ry020_rz000_xx027.qpy,data/executed_circuits/WH10/0393_027/22_Data_withMagic_theta_0393_mu_027_bound_XZYY_rx010_ry020_rz000_xx027.qpy,4f18a36b4296c068adf843ffba4d1d5b95e47e7b3d73b88bdca02d803130221f,holography-on-ionq/Testing flow/Circuits/Data_batch/WH/Data_0393_027/22_Data_withMagic_theta_0393_mu_027_bound_XZYY_rx010_ry020_rz000_xx027.qpy,holography-on-ionq/Testing flow/wormhole_data_analysis.ipynb,WH10-D-C016,23a53462d3cc06e1,3,1250,1250
WH10,wh10_final_selected,0393_027,boundary,XZYZ,23,23_Data_withMagic_theta_0393_mu_027_bound_XZYZ_rx010_ry020_rz000_xx027.qpy,data/executed_circuits/WH10/0393_027/23_Data_withMagic_theta_0393_mu_027_bound_XZYZ_rx010_ry020_rz000_xx027.qpy,55983ebab944eddfcba6c27c68638227cd885e82c7c78a3790e02591a21f6a6d,holography-on-ionq/Testing flow/Circuits/Data_batch/WH/Data_0393_027/23_Data_withMagic_theta_0393_mu_027_bound_XZYZ_rx010_ry020_rz000_xx027.qpy,holography-on-ionq/Testing flow/wormhole_data_analysis.ipynb,WH10-D-C016,23a53462d3cc06e1,3,1250,1250
WH10,wh10_final_selected,0393_027,boundary,XZZX,24,24_Data_withMagic_theta_0393_mu_027_bound_XZZX_rx010_ry020_rz000_xx027.qpy,data/executed_circuits/WH10/0393_027/24_Data_withMagic_theta_0393_mu_027_bound_XZZX_rx010_ry020_rz000_xx027.qpy,4d31b1561d80e5fd0450a7db5ff8a24020ef175f79eef2ef0447c9eefab94777,holography-on-ionq/Testing flow/Circuits/Data_batch/WH/Data_0393_027/24_Data_withMagic_theta_0393_mu_027_bound_XZZX_rx010_ry020_rz000_xx027.qpy,holography-on-ionq/Testing flow/wormhole_data_analysis.ipynb,WH10-D-C016,23a53462d3cc06e1,3,1250,1250
WH10,wh10_final_selected,0393_027,boundary,XZZY,25,25_Data_withMagic_theta_0393_mu_027_bound_XZZY_rx010_ry020_rz000_xx027.qpy,data/executed_circuits/WH10/0393_027/25_Data_withMagic_theta_0393_mu_027_bound_XZZY_rx010_ry020_rz000_xx027.qpy,1508c965d5f85f11f89c6659326e356a04561a6bdba36dbfb7864a460902c01e,holography-on-ionq/Testing flow/Circuits/Data_batch/WH/Data_0393_027/25_Data_withMagic_theta_0393_mu_027_bound_XZZY_rx010_ry020_rz000_xx027.qpy,holography-on-ionq/Testing flow/wormhole_data_analysis.ipynb,WH10-D-C016,23a53462d3cc06e1,3,1250,1250
WH10,wh10_final_selected,0393_027,boundary,XZZZ,26,26_Data_withMagic_theta_0393_mu_027_bound_XZZZ_rx010_ry020_rz000_xx027.qpy,data/executed_circuits/WH10/0393_027/26_Data_withMagic_theta_0393_mu_027_bound_XZZZ_rx010_ry020_rz000_xx027.qpy,cc479d5661d2c8dc856960e7bb1fb63a2ddddf6fa8def974fd4138360a2e1bb1,holography-on-ionq/Testing flow/Circuits/Data_batch/WH/Data_0393_027/26_Data_withMagic_theta_0393_mu_027_bound_XZZZ_rx010_ry020_rz000_xx027.qpy,holography-on-ionq/Testing flow/wormhole_data_analysis.ipynb,WH10-D-C016,23a53462d3cc06e1,3,1250,1250
WH10,wh10_final_selected,0393_027,boundary,YXXX,27,27_Data_withMagic_theta_0393_mu_027_bound_YXXX_rx010_ry020_rz000_xx027.qpy,data/executed_circuits/WH10/0393_027/27_Data_withMagic_theta_0393_mu_027_bound_YXXX_rx010_ry020_rz000_xx027.qpy,cc3190bd86fb4b62076f07b90ef9ce4f922f3c7b543877a76d5018bb02e2fbd9,holography-on-ionq/Testing flow/Circuits/Data_batch/WH/Data_0393_027/27_Data_withMagic_theta_0393_mu_027_bound_YXXX_rx010_ry020_rz000_xx027.qpy,holography-on-ionq/Testing flow/wormhole_data_analysis.ipynb,WH10-D-C016,23a53462d3cc06e1,3,1250,1250
WH10,wh10_final_selected,0393_027,boundary,YXXY,28,28_Data_withMagic_theta_0393_mu_027_bound_YXXY_rx010_ry020_rz000_xx027.qpy,data/executed_circuits/WH10/0393_027/28_Data_withMagic_theta_0393_mu_027_bound_YXXY_rx010_ry020_rz000_xx027.qpy,05d0d5b7464ec9493d2c2acc05501a356757088391de7eea2a7b66264e7337bd,holography-on-ionq/Testing flow/Circuits/Data_batch/WH/Data_0393_027/28_Data_withMagic_theta_0393_mu_027_bound_YXXY_rx010_ry020_rz000_xx027.qpy,holography-on-ionq/Testing flow/wormhole_data_analysis.ipynb,WH10-D-C016,23a53462d3cc06e1,3,1250,1250
WH10,wh10_final_selected,0393_027,boundary,YXXZ,29,29_Data_withMagic_theta_0393_mu_027_bound_YXXZ_rx010_ry020_rz000_xx027.qpy,data/executed_circuits/WH10/0393_027/29_Data_withMagic_theta_0393_mu_027_bound_YXXZ_rx010_ry020_rz000_xx027.qpy,a9cf5a323fd925fbc577cf55c5e0dbf1af2fca2bcc95f260f1fc0c7196b48153,holography-on-ionq/Testing flow/Circuits/Data_batch/WH/Data_0393_027/29_Data_withMagic_theta_0393_mu_027_bound_YXXZ_rx010_ry020_rz000_xx027.qpy,holography-on-ionq/Testing flow/wormhole_data_analysis.ipynb,WH10-D-C016,23a53462d3cc06e1,3,1250,1250
WH10,wh10_final_selected,0393_027,boundary,YXYX,30,30_Data_withMagic_theta_0393_mu_027_bound_YXYX_rx010_ry020_rz000_xx027.qpy,data/executed_circuits/WH10/0393_027/30_Data_withMagic_theta_0393_mu_027_bound_YXYX_rx010_ry020_rz000_xx027.qpy,e985fcc2d0e445d2521386d7302421436463fd23f9e49edf699efdfe83bb0577,holography-on-ionq/Testing flow/Circuits/Data_batch/WH/Data_0393_027/30_Data_withMagic_theta_0393_mu_027_bound_YXYX_rx010_ry020_rz000_xx027.qpy,holography-on-ionq/Testing flow/wormhole_data_analysis.ipynb,WH10-D-C016,23a53462d3cc06e1,3,1250,1250
WH10,wh10_final_selected,0393_027,boundary,YXYY,31,31_Data_withMagic_theta_0393_mu_027_bound_YXYY_rx010_ry020_rz000_xx027.qpy,data/executed_circuits/WH10/0393_027/31_Data_withMagic_theta_0393_mu_027_bound_YXYY_rx010_ry020_rz000_xx027.qpy,9d8c2a33e85ea33973188114a97029c0a41a7712dfad801dd86763e1a90bb5f8,holography-on-ionq/Testing flow/Circuits/Data_batch/WH/Data_0393_027/31_Data_withMagic_theta_0393_mu_027_bound_YXYY_rx010_ry020_rz000_xx027.qpy,holography-on-ionq/Testing flow/wormhole_data_analysis.ipynb,WH10-D-C016,23a53462d3cc06e1,3,1250,1250
WH10,wh10_final_selected,0393_027,boundary,YXYZ,32,32_Data_withMagic_theta_0393_mu_027_bound_YXYZ_rx010_ry020_rz000_xx027.qpy,data/executed_circuits/WH10/0393_027/32_Data_withMagic_theta_0393_mu_027_bound_YXYZ_rx010_ry020_rz000_xx027.qpy,62f4e047949ec1e2ac064f064b93e3012462957088f7c61dd777b6638d619eb0,holography-on-ionq/Testing flow/Circuits/Data_batch/WH/Data_0393_027/32_Data_withMagic_theta_0393_mu_027_bound_YXYZ_rx010_ry020_rz000_xx027.qpy,holography-on-ionq/Testing flow/wormhole_data_analysis.ipynb,WH10-D-C016,23a53462d3cc06e1,3,1250,1250
WH10,wh10_final_selected,0393_027,boundary,YXZX,33,33_Data_withMagic_theta_0393_mu_027_bound_YXZX_rx010_ry020_rz000_xx027.qpy,data/executed_circuits/WH10/0393_027/33_Data_withMagic_theta_0393_mu_027_bound_YXZX_rx010_ry020_rz000_xx027.qpy,629ee6999afc559a49fa38255db84c1f7524236f9ebad1589cf71170b380f1a9,holography-on-ionq/Testing flow/Circuits/Data_batch/WH/Data_0393_027/33_Data_withMagic_theta_0393_mu_027_bound_YXZX_rx010_ry020_rz000_xx027.qpy,holography-on-ionq/Testing flow/wormhole_data_analysis.ipynb,WH10-D-C016,23a53462d3cc06e1,3,1250,1250
WH10,wh10_final_selected,0393_027,boundary,YXZY,34,34_Data_withMagic_theta_0393_mu_027_bound_YXZY_rx010_ry020_rz000_xx027.qpy,data/executed_circuits/WH10/0393_027/34_Data_withMagic_theta_0393_mu_027_bound_YXZY_rx010_ry020_rz000_xx027.qpy,8f601e51c010efc8e0009190881a31b249754105f40053accb357ffd68e7c676,holography-on-ionq/Testing flow/Circuits/Data_batch/WH/Data_0393_027/34_Data_withMagic_theta_0393_mu_027_bound_YXZY_rx010_ry020_rz000_xx027.qpy,holography-on-ionq/Testing flow/wormhole_data_analysis.ipynb,WH10-D-C016,23a53462d3cc06e1,3,1250,1250
WH10,wh10_final_selected,0393_027,boundary,YXZZ,35,35_Data_withMagic_theta_0393_mu_027_bound_YXZZ_rx010_ry020_rz000_xx027.qpy,data/executed_circuits/WH10/0393_027/35_Data_withMagic_theta_0393_mu_027_bound_YXZZ_rx010_ry020_rz000_xx027.qpy,00d3049dd95430541a24f9b042c12321b1393d7b6ba03128d01f40d0ebb4ecf0,holography-on-ionq/Testing flow/Circuits/Data_batch/WH/Data_0393_027/35_Data_withMagic_theta_0393_mu_027_bound_YXZZ_rx010_ry020_rz000_xx027.qpy,holography-on-ionq/Testing flow/wormhole_data_analysis.ipynb,WH10-D-C016,23a53462d3cc06e1,3,1250,1250
WH10,wh10_final_selected,0393_027,boundary,YYXX,36,36_Data_withMagic_theta_0393_mu_027_bound_YYXX_rx010_ry020_rz000_xx027.qpy,data/executed_circuits/WH10/0393_027/36_Data_withMagic_theta_0393_mu_027_bound_YYXX_rx010_ry020_rz000_xx027.qpy,a42b2f2912a05095f412c8aed0ec34f76c481e1c6c12c0be915d6222bb032376,holography-on-ionq/Testing flow/Circuits/Data_batch/WH/Data_0393_027/36_Data_withMagic_theta_0393_mu_027_bound_YYXX_rx010_ry020_rz000_xx027.qpy,holography-on-ionq/Testing flow/wormhole_data_analysis.ipynb,WH10-D-C016,23a53462d3cc06e1,3,1250,1250
WH10,wh10_final_selected,0393_027,boundary,YYXY,37,37_Data_withMagic_theta_0393_mu_027_bound_YYXY_rx010_ry020_rz000_xx027.qpy,data/executed_circuits/WH10/0393_027/37_Data_withMagic_theta_0393_mu_027_bound_YYXY_rx010_ry020_rz000_xx027.qpy,a1c640436458e191d8aff0132e480ffa13f39e4c7c44ef4f00418f0fc14f6927,holography-on-ionq/Testing flow/Circuits/Data_batch/WH/Data_0393_027/37_Data_withMagic_theta_0393_mu_027_bound_YYXY_rx010_ry020_rz000_xx027.qpy,holography-on-ionq/Testing flow/wormhole_data_analysis.ipynb,WH10-D-C016,23a53462d3cc06e1,3,1250,1250
WH10,wh10_final_selected,0393_027,boundary,YYXZ,38,38_Data_withMagic_theta_0393_mu_027_bound_YYXZ_rx010_ry020_rz000_xx027.qpy,data/executed_circuits/WH10/0393_027/38_Data_withMagic_theta_0393_mu_027_bound_YYXZ_rx010_ry020_rz000_xx027.qpy,1a4742f917be8969400e56d89c48338925b311478e2cb1cd726f85c9521a98c1,holography-on-ionq/Testing flow/Circuits/Data_batch/WH/Data_0393_027/38_Data_withMagic_theta_0393_mu_027_bound_YYXZ_rx010_ry020_rz000_xx027.qpy,holography-on-ionq/Testing flow/wormhole_data_analysis.ipynb,WH10-D-C016,23a53462d3cc06e1,3,1250,1250
WH10,wh10_final_selected,0393_027,boundary,YYYX,39,39_Data_withMagic_theta_0393_mu_027_bound_YYYX_rx010_ry020_rz000_xx027.qpy,data/executed_circuits/WH10/0393_027/39_Data_withMagic_theta_0393_mu_027_bound_YYYX_rx010_ry020_rz000_xx027.qpy,97733e22f0ae314c2020c1fe86883f8f5123a56c4694cf17f77e73f710460b47,holography-on-ionq/Testing flow/Circuits/Data_batch/WH/Data_0393_027/39_Data_withMagic_theta_0393_mu_027_bound_YYYX_rx010_ry020_rz000_xx027.qpy,holography-on-ionq/Testing flow/wormhole_data_analysis.ipynb,WH10-D-C016,23a53462d3cc06e1,3,1250,1250
WH10,wh10_final_selected,0393_027,boundary,YYYY,40,40_Data_withMagic_theta_0393_mu_027_bound_YYYY_rx010_ry020_rz000_xx027.qpy,data/executed_circuits/WH10/0393_027/40_Data_withMagic_theta_0393_mu_027_bound_YYYY_rx010_ry020_rz000_xx027.qpy,a55646fc55f16a74e5d9cc4be34272feaef886247cea1272d5031259d5621aa4,holography-on-ionq/Testing flow/Circuits/Data_batch/WH/Data_0393_027/40_Data_withMagic_theta_0393_mu_027_bound_YYYY_rx010_ry020_rz000_xx027.qpy,holography-on-ionq/Testing flow/wormhole_data_analysis.ipynb,WH10-D-C016,23a53462d3cc06e1,3,1250,1250
WH10,wh10_final_selected,0393_027,boundary,YYYZ,41,41_Data_withMagic_theta_0393_mu_027_bound_YYYZ_rx010_ry020_rz000_xx027.qpy,data/executed_circuits/WH10/0393_027/41_Data_withMagic_theta_0393_mu_027_bound_YYYZ_rx010_ry020_rz000_xx027.qpy,c9915b9751af01fe0beaf41755163bf4ac333d8635db1f3794beee2d99258d32,holography-on-ionq/Testing flow/Circuits/Data_batch/WH/Data_0393_027/41_Data_withMagic_theta_0393_mu_027_bound_YYYZ_rx010_ry020_rz000_xx027.qpy,holography-on-ionq/Testing flow/wormhole_data_analysis.ipynb,WH10-D-C016,23a53462d3cc06e1,3,1250,1250
WH10,wh10_final_selected,0393_027,boundary,YYZX,42,42_Data_withMagic_theta_0393_mu_027_bound_YYZX_rx010_ry020_rz000_xx027.qpy,data/executed_circuits/WH10/0393_027/42_Data_withMagic_theta_0393_mu_027_bound_YYZX_rx010_ry020_rz000_xx027.qpy,0373452e07f11569738985fbb4996808c2262542867cfc27ee8f0cec3226e4cb,holography-on-ionq/Testing flow/Circuits/Data_batch/WH/Data_0393_027/42_Data_withMagic_theta_0393_mu_027_bound_YYZX_rx010_ry020_rz000_xx027.qpy,holography-on-ionq/Testing flow/wormhole_data_analysis.ipynb,WH10-D-C016,23a53462d3cc06e1,3,1250,1250
WH10,wh10_final_selected,0393_027,boundary,YYZY,43,43_Data_withMagic_theta_0393_mu_027_bound_YYZY_rx010_ry020_rz000_xx027.qpy,data/executed_circuits/WH10/0393_027/43_Data_withMagic_theta_0393_mu_027_bound_YYZY_rx010_ry020_rz000_xx027.qpy,ab04bf0d0b85ce7226ab5ee2a627609c48fa2e7bb2af6ca265570fe6078c1748,holography-on-ionq/Testing flow/Circuits/Data_batch/WH/Data_0393_027/43_Data_withMagic_theta_0393_mu_027_bound_YYZY_rx010_ry020_rz000_xx027.qpy,holography-on-ionq/Testing flow/wormhole_data_analysis.ipynb,WH10-D-C016,23a53462d3cc06e1,3,1250,1250
WH10,wh10_final_selected,0393_027,boundary,YYZZ,44,44_Data_withMagic_theta_0393_mu_027_bound_YYZZ_rx010_ry020_rz000_xx027.qpy,data/executed_circuits/WH10/0393_027/44_Data_withMagic_theta_0393_mu_027_bound_YYZZ_rx010_ry020_rz000_xx027.qpy,f84c99719c97acff1204c6c2d7730213091774a06505e4d14b8cd53ff85926e2,holography-on-ionq/Testing flow/Circuits/Data_batch/WH/Data_0393_027/44_Data_withMagic_theta_0393_mu_027_bound_YYZZ_rx010_ry020_rz000_xx027.qpy,holography-on-ionq/Testing flow/wormhole_data_analysis.ipynb,WH10-D-C016,23a53462d3cc06e1,3,1250,1250
WH10,wh10_final_selected,0393_027,boundary,YZXX,45,45_Data_withMagic_theta_0393_mu_027_bound_YZXX_rx010_ry020_rz000_xx027.qpy,data/executed_circuits/WH10/0393_027/45_Data_withMagic_theta_0393_mu_027_bound_YZXX_rx010_ry020_rz000_xx027.qpy,f9391ef83de615c03b92d008369bf09c319d210df69b25686094f1804a3ed87c,holography-on-ionq/Testing flow/Circuits/Data_batch/WH/Data_0393_027/45_Data_withMagic_theta_0393_mu_027_bound_YZXX_rx010_ry020_rz000_xx027.qpy,holography-on-ionq/Testing flow/wormhole_data_analysis.ipynb,WH10-D-C016,23a53462d3cc06e1,3,1250,1250
WH10,wh10_final_selected,0393_027,boundary,YZXY,46,46_Data_withMagic_theta_0393_mu_027_bound_YZXY_rx010_ry020_rz000_xx027.qpy,data/executed_circuits/WH10/0393_027/46_Data_withMagic_theta_0393_mu_027_bound_YZXY_rx010_ry020_rz000_xx027.qpy,000ecd00460d45d8c3e1a1adc62c4941c6e18ede712f422ed043341255d03be7,holography-on-ionq/Testing flow/Circuits/Data_batch/WH/Data_0393_027/46_Data_withMagic_theta_0393_mu_027_bound_YZXY_rx010_ry020_rz000_xx027.qpy,holography-on-ionq/Testing flow/wormhole_data_analysis.ipynb,WH10-D-C016,23a53462d3cc06e1,3,1250,1250
WH10,wh10_final_selected,0393_027,boundary,YZXZ,47,47_Data_withMagic_theta_0393_mu_027_bound_YZXZ_rx010_ry020_rz000_xx027.qpy,data/executed_circuits/WH10/0393_027/47_Data_withMagic_theta_0393_mu_027_bound_YZXZ_rx010_ry020_rz000_xx027.qpy,2610daa233c14ba875ed79964f38c52c991bf609c8c259498033812af4b8e6cf,holography-on-ionq/Testing flow/Circuits/Data_batch/WH/Data_0393_027/47_Data_withMagic_theta_0393_mu_027_bound_YZXZ_rx010_ry020_rz000_xx027.qpy,holography-on-ionq/Testing flow/wormhole_data_analysis.ipynb,WH10-D-C016,23a53462d3cc06e1,3,1250,1250
WH10,wh10_final_selected,0393_027,boundary,YZYX,48,48_Data_withMagic_theta_0393_mu_027_bound_YZYX_rx010_ry020_rz000_xx027.qpy,data/executed_circuits/WH10/0393_027/48_Data_withMagic_theta_0393_mu_027_bound_YZYX_rx010_ry020_rz000_xx027.qpy,703ce565c3ba475dc5ac5e57fa663aa8dc45ce6fcb7f1849365d9c13505a5e15,holography-on-ionq/Testing flow/Circuits/Data_batch/WH/Data_0393_027/48_Data_withMagic_theta_0393_mu_027_bound_YZYX_rx010_ry020_rz000_xx027.qpy,holography-on-ionq/Testing flow/wormhole_data_analysis.ipynb,WH10-D-C016,23a53462d3cc06e1,3,1250,1250
WH10,wh10_final_selected,0393_027,boundary,YZYY,49,49_Data_withMagic_theta_0393_mu_027_bound_YZYY_rx010_ry020_rz000_xx027.qpy,data/executed_circuits/WH10/0393_027/49_Data_withMagic_theta_0393_mu_027_bound_YZYY_rx010_ry020_rz000_xx027.qpy,5cfef14018ea537e5d9c67f4d5c1f3165301d15d56de19aa4d98105f90d76c0c,holography-on-ionq/Testing flow/Circuits/Data_batch/WH/Data_0393_027/49_Data_withMagic_theta_0393_mu_027_bound_YZYY_rx010_ry020_rz000_xx027.qpy,holography-on-ionq/Testing flow/wormhole_data_analysis.ipynb,WH10-D-C016,23a53462d3cc06e1,3,1250,1250
WH10,wh10_final_selected,0393_027,boundary,YZYZ,50,50_Data_withMagic_theta_0393_mu_027_bound_YZYZ_rx010_ry020_rz000_xx027.qpy,data/executed_circuits/WH10/0393_027/50_Data_withMagic_theta_0393_mu_027_bound_YZYZ_rx010_ry020_rz000_xx027.qpy,729ff65e32b97bac344c0f215ee72541e6bccf6143de594eae57a7b77954fd13,holography-on-ionq/Testing flow/Circuits/Data_batch/WH/Data_0393_027/50_Data_withMagic_theta_0393_mu_027_bound_YZYZ_rx010_ry020_rz000_xx027.qpy,holography-on-ionq/Testing flow/wormhole_data_analysis.ipynb,WH10-D-C016,23a53462d3cc06e1,3,1250,1250
WH10,wh10_final_selected,0393_027,boundary,YZZX,51,51_Data_withMagic_theta_0393_mu_027_bound_YZZX_rx010_ry020_rz000_xx027.qpy,data/executed_circuits/WH10/0393_027/51_Data_withMagic_theta_0393_mu_027_bound_YZZX_rx010_ry020_rz000_xx027.qpy,3fac5ac4854a4e3d7a3a395b694446c2b4b6df3f637e2dfcb308a1ec0b18dd44,holography-on-ionq/Testing flow/Circuits/Data_batch/WH/Data_0393_027/51_Data_withMagic_theta_0393_mu_027_bound_YZZX_rx010_ry020_rz000_xx027.qpy,holography-on-ionq/Testing flow/wormhole_data_analysis.ipynb,WH10-D-C016,23a53462d3cc06e1,3,1250,1250
WH10,wh10_final_selected,0393_027,boundary,YZZY,52,52_Data_withMagic_theta_0393_mu_027_bound_YZZY_rx010_ry020_rz000_xx027.qpy,data/executed_circuits/WH10/0393_027/52_Data_withMagic_theta_0393_mu_027_bound_YZZY_rx010_ry020_rz000_xx027.qpy,9b3a5884e6482544298e70dc7d6c4d0842b642823d830d04ddf24ca8a7779246,holography-on-ionq/Testing flow/Circuits/Data_batch/WH/Data_0393_027/52_Data_withMagic_theta_0393_mu_027_bound_YZZY_rx010_ry020_rz000_xx027.qpy,holography-on-ionq/Testing flow/wormhole_data_analysis.ipynb,WH10-D-C016,23a53462d3cc06e1,3,1250,1250
WH10,wh10_final_selected,0393_027,boundary,YZZZ,53,53_Data_withMagic_theta_0393_mu_027_bound_YZZZ_rx010_ry020_rz000_xx027.qpy,data/executed_circuits/WH10/0393_027/53_Data_withMagic_theta_0393_mu_027_bound_YZZZ_rx010_ry020_rz000_xx027.qpy,82286bf024e30883e510358ebcd484405d379d7af56e908118fe63af6e64fdd5,holography-on-ionq/Testing flow/Circuits/Data_batch/WH/Data_0393_027/53_Data_withMagic_theta_0393_mu_027_bound_YZZZ_rx010_ry020_rz000_xx027.qpy,holography-on-ionq/Testing flow/wormhole_data_analysis.ipynb,WH10-D-C016,23a53462d3cc06e1,3,1250,1250
WH10,wh10_final_selected,0393_027,boundary,ZXXX,54,54_Data_withMagic_theta_0393_mu_027_bound_ZXXX_rx010_ry020_rz000_xx027.qpy,data/executed_circuits/WH10/0393_027/54_Data_withMagic_theta_0393_mu_027_bound_ZXXX_rx010_ry020_rz000_xx027.qpy,840a81797523a60328aeb3d11c50b63ee2ae5d1a94484f9a69ed3435de4bf9c3,holography-on-ionq/Testing flow/Circuits/Data_batch/WH/Data_0393_027/54_Data_withMagic_theta_0393_mu_027_bound_ZXXX_rx010_ry020_rz000_xx027.qpy,holography-on-ionq/Testing flow/wormhole_data_analysis.ipynb,WH10-D-C016,23a53462d3cc06e1,3,1250,1250
WH10,wh10_final_selected,0393_027,boundary,ZXXY,55,55_Data_withMagic_theta_0393_mu_027_bound_ZXXY_rx010_ry020_rz000_xx027.qpy,data/executed_circuits/WH10/0393_027/55_Data_withMagic_theta_0393_mu_027_bound_ZXXY_rx010_ry020_rz000_xx027.qpy,e2bb532aef112ef69922da7d1ac13e09ef566c4f18664fd46a1a24eeb54b4569,holography-on-ionq/Testing flow/Circuits/Data_batch/WH/Data_0393_027/55_Data_withMagic_theta_0393_mu_027_bound_ZXXY_rx010_ry020_rz000_xx027.qpy,holography-on-ionq/Testing flow/wormhole_data_analysis.ipynb,WH10-D-C016,23a53462d3cc06e1,3,1250,1250
WH10,wh10_final_selected,0393_027,boundary,ZXXZ,56,56_Data_withMagic_theta_0393_mu_027_bound_ZXXZ_rx010_ry020_rz000_xx027.qpy,data/executed_circuits/WH10/0393_027/56_Data_withMagic_theta_0393_mu_027_bound_ZXXZ_rx010_ry020_rz000_xx027.qpy,7eb14d4e32e139b4d44ccd94c2bdc1e67af603c33b70dd8e5b00f65a173ae60c,holography-on-ionq/Testing flow/Circuits/Data_batch/WH/Data_0393_027/56_Data_withMagic_theta_0393_mu_027_bound_ZXXZ_rx010_ry020_rz000_xx027.qpy,holography-on-ionq/Testing flow/wormhole_data_analysis.ipynb,WH10-D-C016,23a53462d3cc06e1,3,1250,1250
WH10,wh10_final_selected,0393_027,boundary,ZXYX,57,57_Data_withMagic_theta_0393_mu_027_bound_ZXYX_rx010_ry020_rz000_xx027.qpy,data/executed_circuits/WH10/0393_027/57_Data_withMagic_theta_0393_mu_027_bound_ZXYX_rx010_ry020_rz000_xx027.qpy,710c215f20ebaadd7165e475cf9e7e0ac771fa48297625ff9358edbcc64f48db,holography-on-ionq/Testing flow/Circuits/Data_batch/WH/Data_0393_027/57_Data_withMagic_theta_0393_mu_027_bound_ZXYX_rx010_ry020_rz000_xx027.qpy,holography-on-ionq/Testing flow/wormhole_data_analysis.ipynb,WH10-D-C016,23a53462d3cc06e1,3,1250,1250
WH10,wh10_final_selected,0393_027,boundary,ZXYY,58,58_Data_withMagic_theta_0393_mu_027_bound_ZXYY_rx010_ry020_rz000_xx027.qpy,data/executed_circuits/WH10/0393_027/58_Data_withMagic_theta_0393_mu_027_bound_ZXYY_rx010_ry020_rz000_xx027.qpy,2b6f652437fb5fd06320ae2efea93bb1e96cd3c3958d9edc95400519738a5673,holography-on-ionq/Testing flow/Circuits/Data_batch/WH/Data_0393_027/58_Data_withMagic_theta_0393_mu_027_bound_ZXYY_rx010_ry020_rz000_xx027.qpy,holography-on-ionq/Testing flow/wormhole_data_analysis.ipynb,WH10-D-C016,23a53462d3cc06e1,3,1250,1250
WH10,wh10_final_selected,0393_027,boundary,ZXYZ,59,59_Data_withMagic_theta_0393_mu_027_bound_ZXYZ_rx010_ry020_rz000_xx027.qpy,data/executed_circuits/WH10/0393_027/59_Data_withMagic_theta_0393_mu_027_bound_ZXYZ_rx010_ry020_rz000_xx027.qpy,5d4a38ba7d6f06e9622f11ddd7000cd533ab4be26924011a5c780728fb3175bd,holography-on-ionq/Testing flow/Circuits/Data_batch/WH/Data_0393_027/59_Data_withMagic_theta_0393_mu_027_bound_ZXYZ_rx010_ry020_rz000_xx027.qpy,holography-on-ionq/Testing flow/wormhole_data_analysis.ipynb,WH10-D-C016,23a53462d3cc06e1,3,1250,1250
WH10,wh10_final_selected,0393_027,boundary,ZXZX,60,60_Data_withMagic_theta_0393_mu_027_bound_ZXZX_rx010_ry020_rz000_xx027.qpy,data/executed_circuits/WH10/0393_027/60_Data_withMagic_theta_0393_mu_027_bound_ZXZX_rx010_ry020_rz000_xx027.qpy,9665a70c4baa5c3fef138265381147f6846fd99b13aa0cd229c3e2f4d37d5471,holography-on-ionq/Testing flow/Circuits/Data_batch/WH/Data_0393_027/60_Data_withMagic_theta_0393_mu_027_bound_ZXZX_rx010_ry020_rz000_xx027.qpy,holography-on-ionq/Testing flow/wormhole_data_analysis.ipynb,WH10-D-C016,23a53462d3cc06e1,3,1250,1250
WH10,wh10_final_selected,0393_027,boundary,ZXZY,61,61_Data_withMagic_theta_0393_mu_027_bound_ZXZY_rx010_ry020_rz000_xx027.qpy,data/executed_circuits/WH10/0393_027/61_Data_withMagic_theta_0393_mu_027_bound_ZXZY_rx010_ry020_rz000_xx027.qpy,551d60a9fa5af53f2fea6e9b9229a99af9746c8cca042fcfcc3c98c2cb29f62e,holography-on-ionq/Testing flow/Circuits/Data_batch/WH/Data_0393_027/61_Data_withMagic_theta_0393_mu_027_bound_ZXZY_rx010_ry020_rz000_xx027.qpy,holography-on-ionq/Testing flow/wormhole_data_analysis.ipynb,WH10-D-C016,23a53462d3cc06e1,3,1250,1250
WH10,wh10_final_selected,0393_027,boundary,ZXZZ,62,62_Data_withMagic_theta_0393_mu_027_bound_ZXZZ_rx010_ry020_rz000_xx027.qpy,data/executed_circuits/WH10/0393_027/62_Data_withMagic_theta_0393_mu_027_bound_ZXZZ_rx010_ry020_rz000_xx027.qpy,80db7e02f52eaafc305713e1ca90ef964483798c7b3740cfc6a3a8f03b6e82a3,holography-on-ionq/Testing flow/Circuits/Data_batch/WH/Data_0393_027/62_Data_withMagic_theta_0393_mu_027_bound_ZXZZ_rx010_ry020_rz000_xx027.qpy,holography-on-ionq/Testing flow/wormhole_data_analysis.ipynb,WH10-D-C016,23a53462d3cc06e1,3,1250,1250
WH10,wh10_final_selected,0393_027,boundary,ZYXX,63,63_Data_withMagic_theta_0393_mu_027_bound_ZYXX_rx010_ry020_rz000_xx027.qpy,data/executed_circuits/WH10/0393_027/63_Data_withMagic_theta_0393_mu_027_bound_ZYXX_rx010_ry020_rz000_xx027.qpy,4a9a7fadb05cbab5d9379412e8d245ac811e6338df91ad26bf3ea47436ce5867,holography-on-ionq/Testing flow/Circuits/Data_batch/WH/Data_0393_027/63_Data_withMagic_theta_0393_mu_027_bound_ZYXX_rx010_ry020_rz000_xx027.qpy,holography-on-ionq/Testing flow/wormhole_data_analysis.ipynb,WH10-D-C016,23a53462d3cc06e1,3,1250,1250
WH10,wh10_final_selected,0393_027,boundary,ZYXY,64,64_Data_withMagic_theta_0393_mu_027_bound_ZYXY_rx010_ry020_rz000_xx027.qpy,data/executed_circuits/WH10/0393_027/64_Data_withMagic_theta_0393_mu_027_bound_ZYXY_rx010_ry020_rz000_xx027.qpy,c0ea093b02407cdbf41204281be10a67301818fbdd76a21418a1d47cdf3d979b,holography-on-ionq/Testing flow/Circuits/Data_batch/WH/Data_0393_027/64_Data_withMagic_theta_0393_mu_027_bound_ZYXY_rx010_ry020_rz000_xx027.qpy,holography-on-ionq/Testing flow/wormhole_data_analysis.ipynb,WH10-D-C016,23a53462d3cc06e1,3,1250,1250
WH10,wh10_final_selected,0393_027,boundary,ZYXZ,65,65_Data_withMagic_theta_0393_mu_027_bound_ZYXZ_rx010_ry020_rz000_xx027.qpy,data/executed_circuits/WH10/0393_027/65_Data_withMagic_theta_0393_mu_027_bound_ZYXZ_rx010_ry020_rz000_xx027.qpy,589b8746423f90aad3a838d6a10159951eb171b4477d59a8be054dd451fbd84a,holography-on-ionq/Testing flow/Circuits/Data_batch/WH/Data_0393_027/65_Data_withMagic_theta_0393_mu_027_bound_ZYXZ_rx010_ry020_rz000_xx027.qpy,holography-on-ionq/Testing flow/wormhole_data_analysis.ipynb,WH10-D-C016,23a53462d3cc06e1,3,1250,1250
WH10,wh10_final_selected,0393_027,boundary,ZYYX,66,66_Data_withMagic_theta_0393_mu_027_bound_ZYYX_rx010_ry020_rz000_xx027.qpy,data/executed_circuits/WH10/0393_027/66_Data_withMagic_theta_0393_mu_027_bound_ZYYX_rx010_ry020_rz000_xx027.qpy,8d421d9102d60cd8646158bffd22b6d3e57046626cece0aed18d6b33a8b3ae3a,holography-on-ionq/Testing flow/Circuits/Data_batch/WH/Data_0393_027/66_Data_withMagic_theta_0393_mu_027_bound_ZYYX_rx010_ry020_rz000_xx027.qpy,holography-on-ionq/Testing flow/wormhole_data_analysis.ipynb,WH10-D-C016,23a53462d3cc06e1,3,1250,1250
WH10,wh10_final_selected,0393_027,boundary,ZYYY,67,67_Data_withMagic_theta_0393_mu_027_bound_ZYYY_rx010_ry020_rz000_xx027.qpy,data/executed_circuits/WH10/0393_027/67_Data_withMagic_theta_0393_mu_027_bound_ZYYY_rx010_ry020_rz000_xx027.qpy,bd368beb3d9e895cf1baaaa25af2cb207cd5845ebe751f89fd97a84955cb24c6,holography-on-ionq/Testing flow/Circuits/Data_batch/WH/Data_0393_027/67_Data_withMagic_theta_0393_mu_027_bound_ZYYY_rx010_ry020_rz000_xx027.qpy,holography-on-ionq/Testing flow/wormhole_data_analysis.ipynb,WH10-D-C016,23a53462d3cc06e1,3,1250,1250
WH10,wh10_final_selected,0393_027,boundary,ZYYZ,68,68_Data_withMagic_theta_0393_mu_027_bound_ZYYZ_rx010_ry020_rz000_xx027.qpy,data/executed_circuits/WH10/0393_027/68_Data_withMagic_theta_0393_mu_027_bound_ZYYZ_rx010_ry020_rz000_xx027.qpy,9c3f9a260c740e5d58cdae4af3d5c0c91f1087345b1027b58ad25711cf611f0d,holography-on-ionq/Testing flow/Circuits/Data_batch/WH/Data_0393_027/68_Data_withMagic_theta_0393_mu_027_bound_ZYYZ_rx010_ry020_rz000_xx027.qpy,holography-on-ionq/Testing flow/wormhole_data_analysis.ipynb,WH10-D-C016,23a53462d3cc06e1,3,1250,1250
WH10,wh10_final_selected,0393_027,boundary,ZYZX,69,69_Data_withMagic_theta_0393_mu_027_bound_ZYZX_rx010_ry020_rz000_xx027.qpy,data/executed_circuits/WH10/0393_027/69_Data_withMagic_theta_0393_mu_027_bound_ZYZX_rx010_ry020_rz000_xx027.qpy,c066ebc118252bddfcdba65e474960cd3486ac7f5dbae6f95ba80a13d680fcbf,holography-on-ionq/Testing flow/Circuits/Data_batch/WH/Data_0393_027/69_Data_withMagic_theta_0393_mu_027_bound_ZYZX_rx010_ry020_rz000_xx027.qpy,holography-on-ionq/Testing flow/wormhole_data_analysis.ipynb,WH10-D-C016,23a53462d3cc06e1,3,1250,1250
WH10,wh10_final_selected,0393_027,boundary,ZYZY,70,70_Data_withMagic_theta_0393_mu_027_bound_ZYZY_rx010_ry020_rz000_xx027.qpy,data/executed_circuits/WH10/0393_027/70_Data_withMagic_theta_0393_mu_027_bound_ZYZY_rx010_ry020_rz000_xx027.qpy,93f804ec8fb61a7d2e0e1621b08561a5397211df56e71856dabc1a181448cfd4,holography-on-ionq/Testing flow/Circuits/Data_batch/WH/Data_0393_027/70_Data_withMagic_theta_0393_mu_027_bound_ZYZY_rx010_ry020_rz000_xx027.qpy,holography-on-ionq/Testing flow/wormhole_data_analysis.ipynb,WH10-D-C016,23a53462d3cc06e1,3,1250,1250
WH10,wh10_final_selected,0393_027,boundary,ZYZZ,71,71_Data_withMagic_theta_0393_mu_027_bound_ZYZZ_rx010_ry020_rz000_xx027.qpy,data/executed_circuits/WH10/0393_027/71_Data_withMagic_theta_0393_mu_027_bound_ZYZZ_rx010_ry020_rz000_xx027.qpy,e1d2cc45fc721ec14e89f724dde0699ff3001ac7f635b3b31ab1bef402d3744c,holography-on-ionq/Testing flow/Circuits/Data_batch/WH/Data_0393_027/71_Data_withMagic_theta_0393_mu_027_bound_ZYZZ_rx010_ry020_rz000_xx027.qpy,holography-on-ionq/Testing flow/wormhole_data_analysis.ipynb,WH10-D-C016,23a53462d3cc06e1,3,1250,1250
WH10,wh10_final_selected,0393_027,boundary,ZZXX,72,72_Data_withMagic_theta_0393_mu_027_bound_ZZXX_rx010_ry020_rz000_xx027.qpy,data/executed_circuits/WH10/0393_027/72_Data_withMagic_theta_0393_mu_027_bound_ZZXX_rx010_ry020_rz000_xx027.qpy,8356144584b84f90e2b480dd081425ac63db7ce76dde0ff15bbec7bab5e559fb,holography-on-ionq/Testing flow/Circuits/Data_batch/WH/Data_0393_027/72_Data_withMagic_theta_0393_mu_027_bound_ZZXX_rx010_ry020_rz000_xx027.qpy,holography-on-ionq/Testing flow/wormhole_data_analysis.ipynb,WH10-D-C016,23a53462d3cc06e1,3,1250,1250
WH10,wh10_final_selected,0393_027,boundary,ZZXY,73,73_Data_withMagic_theta_0393_mu_027_bound_ZZXY_rx010_ry020_rz000_xx027.qpy,data/executed_circuits/WH10/0393_027/73_Data_withMagic_theta_0393_mu_027_bound_ZZXY_rx010_ry020_rz000_xx027.qpy,b760331069cffe6ce1094fa14db6f9dca33ee611d31ca2301c372f43f908d87f,holography-on-ionq/Testing flow/Circuits/Data_batch/WH/Data_0393_027/73_Data_withMagic_theta_0393_mu_027_bound_ZZXY_rx010_ry020_rz000_xx027.qpy,holography-on-ionq/Testing flow/wormhole_data_analysis.ipynb,WH10-D-C016,23a53462d3cc06e1,3,1250,1250
WH10,wh10_final_selected,0393_027,boundary,ZZXZ,74,74_Data_withMagic_theta_0393_mu_027_bound_ZZXZ_rx010_ry020_rz000_xx027.qpy,data/executed_circuits/WH10/0393_027/74_Data_withMagic_theta_0393_mu_027_bound_ZZXZ_rx010_ry020_rz000_xx027.qpy,d2343a4776c5887251eef45dc097813937740deddfa150eb825554407ab824bc,holography-on-ionq/Testing flow/Circuits/Data_batch/WH/Data_0393_027/74_Data_withMagic_theta_0393_mu_027_bound_ZZXZ_rx010_ry020_rz000_xx027.qpy,holography-on-ionq/Testing flow/wormhole_data_analysis.ipynb,WH10-D-C016,23a53462d3cc06e1,3,1250,1250
WH10,wh10_final_selected,0393_027,boundary,ZZYX,75,75_Data_withMagic_theta_0393_mu_027_bound_ZZYX_rx010_ry020_rz000_xx027.qpy,data/executed_circuits/WH10/0393_027/75_Data_withMagic_theta_0393_mu_027_bound_ZZYX_rx010_ry020_rz000_xx027.qpy,5c86da7bc0e02cfb5a872a8d977e01f399408e4de8d80abe0b929b0a35ba9d9a,holography-on-ionq/Testing flow/Circuits/Data_batch/WH/Data_0393_027/75_Data_withMagic_theta_0393_mu_027_bound_ZZYX_rx010_ry020_rz000_xx027.qpy,holography-on-ionq/Testing flow/wormhole_data_analysis.ipynb,WH10-D-C016,23a53462d3cc06e1,3,1250,1250
WH10,wh10_final_selected,0393_027,boundary,ZZYY,76,76_Data_withMagic_theta_0393_mu_027_bound_ZZYY_rx010_ry020_rz000_xx027.qpy,data/executed_circuits/WH10/0393_027/76_Data_withMagic_theta_0393_mu_027_bound_ZZYY_rx010_ry020_rz000_xx027.qpy,eec1882cb9c9bac7db16d1672c7f508442cd946a7818896286b0c427c635206e,holography-on-ionq/Testing flow/Circuits/Data_batch/WH/Data_0393_027/76_Data_withMagic_theta_0393_mu_027_bound_ZZYY_rx010_ry020_rz000_xx027.qpy,holography-on-ionq/Testing flow/wormhole_data_analysis.ipynb,WH10-D-C016,23a53462d3cc06e1,3,1250,1250
WH10,wh10_final_selected,0393_027,boundary,ZZYZ,77,77_Data_withMagic_theta_0393_mu_027_bound_ZZYZ_rx010_ry020_rz000_xx027.qpy,data/executed_circuits/WH10/0393_027/77_Data_withMagic_theta_0393_mu_027_bound_ZZYZ_rx010_ry020_rz000_xx027.qpy,76feb00b71c3ecdab71fe062438082ace56409649a0011973970e5563b563609,holography-on-ionq/Testing flow/Circuits/Data_batch/WH/Data_0393_027/77_Data_withMagic_theta_0393_mu_027_bound_ZZYZ_rx010_ry020_rz000_xx027.qpy,holography-on-ionq/Testing flow/wormhole_data_analysis.ipynb,WH10-D-C016,23a53462d3cc06e1,3,1250,1250
WH10,wh10_final_selected,0393_027,boundary,ZZZX,78,78_Data_withMagic_theta_0393_mu_027_bound_ZZZX_rx010_ry020_rz000_xx027.qpy,data/executed_circuits/WH10/0393_027/78_Data_withMagic_theta_0393_mu_027_bound_ZZZX_rx010_ry020_rz000_xx027.qpy,8457c54c54ad9b4ccea888e57c4ff8595e11d4a91c6ba2df39d72706f7ec65c3,holography-on-ionq/Testing flow/Circuits/Data_batch/WH/Data_0393_027/78_Data_withMagic_theta_0393_mu_027_bound_ZZZX_rx010_ry020_rz000_xx027.qpy,holography-on-ionq/Testing flow/wormhole_data_analysis.ipynb,WH10-D-C016,23a53462d3cc06e1,3,1250,1250
WH10,wh10_final_selected,0393_027,boundary,ZZZY,79,79_Data_withMagic_theta_0393_mu_027_bound_ZZZY_rx010_ry020_rz000_xx027.qpy,data/executed_circuits/WH10/0393_027/79_Data_withMagic_theta_0393_mu_027_bound_ZZZY_rx010_ry020_rz000_xx027.qpy,f9161dc7fb447693fed9c701c6bc375c42efa1a9d89a66f4d64cf1a7a80da578,holography-on-ionq/Testing flow/Circuits/Data_batch/WH/Data_0393_027/79_Data_withMagic_theta_0393_mu_027_bound_ZZZY_rx010_ry020_rz000_xx027.qpy,holography-on-ionq/Testing flow/wormhole_data_analysis.ipynb,WH10-D-C016,23a53462d3cc06e1,3,1250,1250
WH10,wh10_final_selected,0393_027,boundary,ZZZZ,80,80_Data_withMagic_theta_0393_mu_027_bound_ZZZZ_rx010_ry020_rz000_xx027.qpy,data/executed_circuits/WH10/0393_027/80_Data_withMagic_theta_0393_mu_027_bound_ZZZZ_rx010_ry020_rz000_xx027.qpy,ff4b507555cdf52f763269335a6a7619f4710c339333388e886834d15f379b6a,holography-on-ionq/Testing flow/Circuits/Data_batch/WH/Data_0393_027/80_Data_withMagic_theta_0393_mu_027_bound_ZZZZ_rx010_ry020_rz000_xx027.qpy,holography-on-ionq/Testing flow/wormhole_data_analysis.ipynb,WH10-D-C016,23a53462d3cc06e1,3,1250,1250
WH10,wh10_final_selected,0393_027,bulk,XX,81,81_Data_withMagic_theta_0393_mu_027_bulk_XX_rx010_ry020_rz000_xx027.qpy,data/executed_circuits/WH10/0393_027/81_Data_withMagic_theta_0393_mu_027_bulk_XX_rx010_ry020_rz000_xx027.qpy,dbb155d3bea24113cd4f9d615af54213f98ef5f1eb9c745d49c77555a17c3b06,holography-on-ionq/Testing flow/Circuits/Data_batch/WH/Data_0393_027/81_Data_withMagic_theta_0393_mu_027_bulk_XX_rx010_ry020_rz000_xx027.qpy,holography-on-ionq/Testing flow/wormhole_data_analysis.ipynb,WH10-D-C016,23a53462d3cc06e1,3,1250,1250
WH10,wh10_final_selected,0393_027,bulk,XY,82,82_Data_withMagic_theta_0393_mu_027_bulk_XY_rx010_ry020_rz000_xx027.qpy,data/executed_circuits/WH10/0393_027/82_Data_withMagic_theta_0393_mu_027_bulk_XY_rx010_ry020_rz000_xx027.qpy,5b40a340798c6e7643fbe0e2f93bff8e5e1b890bffb50ed3e0613b7131c24a5c,holography-on-ionq/Testing flow/Circuits/Data_batch/WH/Data_0393_027/82_Data_withMagic_theta_0393_mu_027_bulk_XY_rx010_ry020_rz000_xx027.qpy,holography-on-ionq/Testing flow/wormhole_data_analysis.ipynb,WH10-D-C016,23a53462d3cc06e1,3,1250,1250
WH10,wh10_final_selected,0393_027,bulk,XZ,83,83_Data_withMagic_theta_0393_mu_027_bulk_XZ_rx010_ry020_rz000_xx027.qpy,data/executed_circuits/WH10/0393_027/83_Data_withMagic_theta_0393_mu_027_bulk_XZ_rx010_ry020_rz000_xx027.qpy,a3e5cfe8bc72e7d9078eba91f2b62df80d4462252ddc1a29d1043ae260462f7d,holography-on-ionq/Testing flow/Circuits/Data_batch/WH/Data_0393_027/83_Data_withMagic_theta_0393_mu_027_bulk_XZ_rx010_ry020_rz000_xx027.qpy,holography-on-ionq/Testing flow/wormhole_data_analysis.ipynb,WH10-D-C016,23a53462d3cc06e1,3,1250,1250
WH10,wh10_final_selected,0393_027,bulk,YX,84,84_Data_withMagic_theta_0393_mu_027_bulk_YX_rx010_ry020_rz000_xx027.qpy,data/executed_circuits/WH10/0393_027/84_Data_withMagic_theta_0393_mu_027_bulk_YX_rx010_ry020_rz000_xx027.qpy,e7d548dd84f60a121430778a0be1844c9536794d960ab2ae2ff0365d826519b8,holography-on-ionq/Testing flow/Circuits/Data_batch/WH/Data_0393_027/84_Data_withMagic_theta_0393_mu_027_bulk_YX_rx010_ry020_rz000_xx027.qpy,holography-on-ionq/Testing flow/wormhole_data_analysis.ipynb,WH10-D-C016,23a53462d3cc06e1,3,1250,1250
WH10,wh10_final_selected,0393_027,bulk,YY,85,85_Data_withMagic_theta_0393_mu_027_bulk_YY_rx010_ry020_rz000_xx027.qpy,data/executed_circuits/WH10/0393_027/85_Data_withMagic_theta_0393_mu_027_bulk_YY_rx010_ry020_rz000_xx027.qpy,4350cc3ecdfba83ac316a86600b81a177870157dad6313bc94302466bdf2f923,holography-on-ionq/Testing flow/Circuits/Data_batch/WH/Data_0393_027/85_Data_withMagic_theta_0393_mu_027_bulk_YY_rx010_ry020_rz000_xx027.qpy,holography-on-ionq/Testing flow/wormhole_data_analysis.ipynb,WH10-D-C016,23a53462d3cc06e1,3,1250,1250
WH10,wh10_final_selected,0393_027,bulk,YZ,86,86_Data_withMagic_theta_0393_mu_027_bulk_YZ_rx010_ry020_rz000_xx027.qpy,data/executed_circuits/WH10/0393_027/86_Data_withMagic_theta_0393_mu_027_bulk_YZ_rx010_ry020_rz000_xx027.qpy,1244657cfefd66ede3b7c92b3a0b1313aa294958901666700c7924407fbc8ef6,holography-on-ionq/Testing flow/Circuits/Data_batch/WH/Data_0393_027/86_Data_withMagic_theta_0393_mu_027_bulk_YZ_rx010_ry020_rz000_xx027.qpy,holography-on-ionq/Testing flow/wormhole_data_analysis.ipynb,WH10-D-C016,23a53462d3cc06e1,3,1250,1250
WH10,wh10_final_selected,0393_027,bulk,ZX,87,87_Data_withMagic_theta_0393_mu_027_bulk_ZX_rx010_ry020_rz000_xx027.qpy,data/executed_circuits/WH10/0393_027/87_Data_withMagic_theta_0393_mu_027_bulk_ZX_rx010_ry020_rz000_xx027.qpy,510895f19eef6f4cd3f3a031dccd27e432f8ba22061d8a024bff6b624b4baa6e,holography-on-ionq/Testing flow/Circuits/Data_batch/WH/Data_0393_027/87_Data_withMagic_theta_0393_mu_027_bulk_ZX_rx010_ry020_rz000_xx027.qpy,holography-on-ionq/Testing flow/wormhole_data_analysis.ipynb,WH10-D-C016,23a53462d3cc06e1,3,1250,1250
WH10,wh10_final_selected,0393_027,bulk,ZY,88,88_Data_withMagic_theta_0393_mu_027_bulk_ZY_rx010_ry020_rz000_xx027.qpy,data/executed_circuits/WH10/0393_027/88_Data_withMagic_theta_0393_mu_027_bulk_ZY_rx010_ry020_rz000_xx027.qpy,c69edbf3c15e9e6ef4f13d6a8aaa02c121e13cf1dbe2546d45d4d9bf877f6f7a,holography-on-ionq/Testing flow/Circuits/Data_batch/WH/Data_0393_027/88_Data_withMagic_theta_0393_mu_027_bulk_ZY_rx010_ry020_rz000_xx027.qpy,holography-on-ionq/Testing flow/wormhole_data_analysis.ipynb,WH10-D-C016,23a53462d3cc06e1,3,1250,1250
WH10,wh10_final_selected,0393_027,bulk,ZZ,89,89_Data_withMagic_theta_0393_mu_027_bulk_ZZ_rx010_ry020_rz000_xx027.qpy,data/executed_circuits/WH10/0393_027/89_Data_withMagic_theta_0393_mu_027_bulk_ZZ_rx010_ry020_rz000_xx027.qpy,07bfb4837dac33968f266a4fb95d3a57a4b0cf0776eadf89a1ee9862dfff6e87,holography-on-ionq/Testing flow/Circuits/Data_batch/WH/Data_0393_027/89_Data_withMagic_theta_0393_mu_027_bulk_ZZ_rx010_ry020_rz000_xx027.qpy,holography-on-ionq/Testing flow/wormhole_data_analysis.ipynb,WH10-D-C016,23a53462d3cc06e1,3,1250,1250
WH10,wh10_final_selected,0785_000,boundary,XXXX,0,00_Data_zeromagic_theta_0785_mu_000_bound_XXXX_rx000_ry000_rz000_xx000.qpy,data/executed_circuits/WH10/0785_000/00_Data_zeromagic_theta_0785_mu_000_bound_XXXX_rx000_ry000_rz000_xx000.qpy,516865723a9b15dbcbd217604278f8db75403e343b7041b3ba03c940daa8a072,holography-on-ionq/Testing flow/Circuits/Data_batch/WH/Data_0785_000/00_Data_zeromagic_theta_0785_mu_000_bound_XXXX_rx000_ry000_rz000_xx000.qpy,holography-on-ionq/Testing flow/wormhole_data_analysis.ipynb,WH10-D-C016,23a53462d3cc06e1,4,1250,1250
WH10,wh10_final_selected,0785_000,boundary,XXXY,1,01_Data_zeromagic_theta_0785_mu_000_bound_XXXY_rx000_ry000_rz000_xx000.qpy,data/executed_circuits/WH10/0785_000/01_Data_zeromagic_theta_0785_mu_000_bound_XXXY_rx000_ry000_rz000_xx000.qpy,ad9e68a35bb289e607017ab0fca3e47e096f02956cf24bd1c1d53769527d2024,holography-on-ionq/Testing flow/Circuits/Data_batch/WH/Data_0785_000/01_Data_zeromagic_theta_0785_mu_000_bound_XXXY_rx000_ry000_rz000_xx000.qpy,holography-on-ionq/Testing flow/wormhole_data_analysis.ipynb,WH10-D-C016,23a53462d3cc06e1,4,1250,1250
WH10,wh10_final_selected,0785_000,boundary,XXXZ,2,02_Data_zeromagic_theta_0785_mu_000_bound_XXXZ_rx000_ry000_rz000_xx000.qpy,data/executed_circuits/WH10/0785_000/02_Data_zeromagic_theta_0785_mu_000_bound_XXXZ_rx000_ry000_rz000_xx000.qpy,245e001242f644ec0105a284bfb6c23e7765ab8907dae6917c50cc2d8fec4cc3,holography-on-ionq/Testing flow/Circuits/Data_batch/WH/Data_0785_000/02_Data_zeromagic_theta_0785_mu_000_bound_XXXZ_rx000_ry000_rz000_xx000.qpy,holography-on-ionq/Testing flow/wormhole_data_analysis.ipynb,WH10-D-C016,23a53462d3cc06e1,4,1250,1250
WH10,wh10_final_selected,0785_000,boundary,XXYX,3,03_Data_zeromagic_theta_0785_mu_000_bound_XXYX_rx000_ry000_rz000_xx000.qpy,data/executed_circuits/WH10/0785_000/03_Data_zeromagic_theta_0785_mu_000_bound_XXYX_rx000_ry000_rz000_xx000.qpy,bcc1e1d3adf152953ece166aaa8a672d350fe59ae837f7821cf518cf3b91ea54,holography-on-ionq/Testing flow/Circuits/Data_batch/WH/Data_0785_000/03_Data_zeromagic_theta_0785_mu_000_bound_XXYX_rx000_ry000_rz000_xx000.qpy,holography-on-ionq/Testing flow/wormhole_data_analysis.ipynb,WH10-D-C016,23a53462d3cc06e1,4,1250,1250
WH10,wh10_final_selected,0785_000,boundary,XXYY,4,04_Data_zeromagic_theta_0785_mu_000_bound_XXYY_rx000_ry000_rz000_xx000.qpy,data/executed_circuits/WH10/0785_000/04_Data_zeromagic_theta_0785_mu_000_bound_XXYY_rx000_ry000_rz000_xx000.qpy,89204dd7a80dad199594ef05e9c415faa299990b5b090da23219fbc418b67353,holography-on-ionq/Testing flow/Circuits/Data_batch/WH/Data_0785_000/04_Data_zeromagic_theta_0785_mu_000_bound_XXYY_rx000_ry000_rz000_xx000.qpy,holography-on-ionq/Testing flow/wormhole_data_analysis.ipynb,WH10-D-C016,23a53462d3cc06e1,4,1250,1250
WH10,wh10_final_selected,0785_000,boundary,XXYZ,5,05_Data_zeromagic_theta_0785_mu_000_bound_XXYZ_rx000_ry000_rz000_xx000.qpy,data/executed_circuits/WH10/0785_000/05_Data_zeromagic_theta_0785_mu_000_bound_XXYZ_rx000_ry000_rz000_xx000.qpy,f7aae7856db69317fa5cd4bec41aacc15124652e035234462bc675e221c32525,holography-on-ionq/Testing flow/Circuits/Data_batch/WH/Data_0785_000/05_Data_zeromagic_theta_0785_mu_000_bound_XXYZ_rx000_ry000_rz000_xx000.qpy,holography-on-ionq/Testing flow/wormhole_data_analysis.ipynb,WH10-D-C016,23a53462d3cc06e1,4,1250,1250
WH10,wh10_final_selected,0785_000,boundary,XXZX,6,06_Data_zeromagic_theta_0785_mu_000_bound_XXZX_rx000_ry000_rz000_xx000.qpy,data/executed_circuits/WH10/0785_000/06_Data_zeromagic_theta_0785_mu_000_bound_XXZX_rx000_ry000_rz000_xx000.qpy,5e36786879ac8c26e00ad65b1aa37d087d9b059a1627f89bc81589bbc89f59c4,holography-on-ionq/Testing flow/Circuits/Data_batch/WH/Data_0785_000/06_Data_zeromagic_theta_0785_mu_000_bound_XXZX_rx000_ry000_rz000_xx000.qpy,holography-on-ionq/Testing flow/wormhole_data_analysis.ipynb,WH10-D-C016,23a53462d3cc06e1,4,1250,1250
WH10,wh10_final_selected,0785_000,boundary,XXZY,7,07_Data_zeromagic_theta_0785_mu_000_bound_XXZY_rx000_ry000_rz000_xx000.qpy,data/executed_circuits/WH10/0785_000/07_Data_zeromagic_theta_0785_mu_000_bound_XXZY_rx000_ry000_rz000_xx000.qpy,65a527b035eb31b38c1ae1cd7716a58001220c3fd193ef267e4439bc920fc13d,holography-on-ionq/Testing flow/Circuits/Data_batch/WH/Data_0785_000/07_Data_zeromagic_theta_0785_mu_000_bound_XXZY_rx000_ry000_rz000_xx000.qpy,holography-on-ionq/Testing flow/wormhole_data_analysis.ipynb,WH10-D-C016,23a53462d3cc06e1,4,1250,1250
WH10,wh10_final_selected,0785_000,boundary,XXZZ,8,08_Data_zeromagic_theta_0785_mu_000_bound_XXZZ_rx000_ry000_rz000_xx000.qpy,data/executed_circuits/WH10/0785_000/08_Data_zeromagic_theta_0785_mu_000_bound_XXZZ_rx000_ry000_rz000_xx000.qpy,7ae9d52d9d58d15714fee18e77ec2a3272105303dae95a002198111b0028a51d,holography-on-ionq/Testing flow/Circuits/Data_batch/WH/Data_0785_000/08_Data_zeromagic_theta_0785_mu_000_bound_XXZZ_rx000_ry000_rz000_xx000.qpy,holography-on-ionq/Testing flow/wormhole_data_analysis.ipynb,WH10-D-C016,23a53462d3cc06e1,4,1250,1250
WH10,wh10_final_selected,0785_000,boundary,XYXX,9,09_Data_zeromagic_theta_0785_mu_000_bound_XYXX_rx000_ry000_rz000_xx000.qpy,data/executed_circuits/WH10/0785_000/09_Data_zeromagic_theta_0785_mu_000_bound_XYXX_rx000_ry000_rz000_xx000.qpy,5b8c9f129531a757513099bf0f839aba6b1cd0c156e374eaca0ed5ba1b4d672c,holography-on-ionq/Testing flow/Circuits/Data_batch/WH/Data_0785_000/09_Data_zeromagic_theta_0785_mu_000_bound_XYXX_rx000_ry000_rz000_xx000.qpy,holography-on-ionq/Testing flow/wormhole_data_analysis.ipynb,WH10-D-C016,23a53462d3cc06e1,4,1250,1250
WH10,wh10_final_selected,0785_000,boundary,XYXY,10,10_Data_zeromagic_theta_0785_mu_000_bound_XYXY_rx000_ry000_rz000_xx000.qpy,data/executed_circuits/WH10/0785_000/10_Data_zeromagic_theta_0785_mu_000_bound_XYXY_rx000_ry000_rz000_xx000.qpy,efa77bff385de6ac2b8b679d9b69ce5aac1cf0e6debd40fc5fcefef723ca3ef5,holography-on-ionq/Testing flow/Circuits/Data_batch/WH/Data_0785_000/10_Data_zeromagic_theta_0785_mu_000_bound_XYXY_rx000_ry000_rz000_xx000.qpy,holography-on-ionq/Testing flow/wormhole_data_analysis.ipynb,WH10-D-C016,23a53462d3cc06e1,4,1250,1250
WH10,wh10_final_selected,0785_000,boundary,XYXZ,11,11_Data_zeromagic_theta_0785_mu_000_bound_XYXZ_rx000_ry000_rz000_xx000.qpy,data/executed_circuits/WH10/0785_000/11_Data_zeromagic_theta_0785_mu_000_bound_XYXZ_rx000_ry000_rz000_xx000.qpy,2e5d184ae69f3509c94e22abda9bf20ecfdde7b77aa60bbf5402d3329ac804d6,holography-on-ionq/Testing flow/Circuits/Data_batch/WH/Data_0785_000/11_Data_zeromagic_theta_0785_mu_000_bound_XYXZ_rx000_ry000_rz000_xx000.qpy,holography-on-ionq/Testing flow/wormhole_data_analysis.ipynb,WH10-D-C016,23a53462d3cc06e1,4,1250,1250
WH10,wh10_final_selected,0785_000,boundary,XYYX,12,12_Data_zeromagic_theta_0785_mu_000_bound_XYYX_rx000_ry000_rz000_xx000.qpy,data/executed_circuits/WH10/0785_000/12_Data_zeromagic_theta_0785_mu_000_bound_XYYX_rx000_ry000_rz000_xx000.qpy,49f481b5f4b696fb779ad6c5c051e0e8860df859da89cc6cfcecb36e131bdb9f,holography-on-ionq/Testing flow/Circuits/Data_batch/WH/Data_0785_000/12_Data_zeromagic_theta_0785_mu_000_bound_XYYX_rx000_ry000_rz000_xx000.qpy,holography-on-ionq/Testing flow/wormhole_data_analysis.ipynb,WH10-D-C016,23a53462d3cc06e1,4,1250,1250
WH10,wh10_final_selected,0785_000,boundary,XYYY,13,13_Data_zeromagic_theta_0785_mu_000_bound_XYYY_rx000_ry000_rz000_xx000.qpy,data/executed_circuits/WH10/0785_000/13_Data_zeromagic_theta_0785_mu_000_bound_XYYY_rx000_ry000_rz000_xx000.qpy,cfad7e8b072015adb90a3c7b2ffe1528a885e4d8d345c283156ea64404fbccf2,holography-on-ionq/Testing flow/Circuits/Data_batch/WH/Data_0785_000/13_Data_zeromagic_theta_0785_mu_000_bound_XYYY_rx000_ry000_rz000_xx000.qpy,holography-on-ionq/Testing flow/wormhole_data_analysis.ipynb,WH10-D-C016,23a53462d3cc06e1,4,1250,1250
WH10,wh10_final_selected,0785_000,boundary,XYYZ,14,14_Data_zeromagic_theta_0785_mu_000_bound_XYYZ_rx000_ry000_rz000_xx000.qpy,data/executed_circuits/WH10/0785_000/14_Data_zeromagic_theta_0785_mu_000_bound_XYYZ_rx000_ry000_rz000_xx000.qpy,9d4ddbc20dc0d8c5bd4170abd54dcc0d79e2137282045c0958d9bc30c04282f3,holography-on-ionq/Testing flow/Circuits/Data_batch/WH/Data_0785_000/14_Data_zeromagic_theta_0785_mu_000_bound_XYYZ_rx000_ry000_rz000_xx000.qpy,holography-on-ionq/Testing flow/wormhole_data_analysis.ipynb,WH10-D-C016,23a53462d3cc06e1,4,1250,1250
WH10,wh10_final_selected,0785_000,boundary,XYZX,15,15_Data_zeromagic_theta_0785_mu_000_bound_XYZX_rx000_ry000_rz000_xx000.qpy,data/executed_circuits/WH10/0785_000/15_Data_zeromagic_theta_0785_mu_000_bound_XYZX_rx000_ry000_rz000_xx000.qpy,bd36e8e7d983347f4df0e4a24d3bda9e729536485a9d522a6d6f959b0552cfe4,holography-on-ionq/Testing flow/Circuits/Data_batch/WH/Data_0785_000/15_Data_zeromagic_theta_0785_mu_000_bound_XYZX_rx000_ry000_rz000_xx000.qpy,holography-on-ionq/Testing flow/wormhole_data_analysis.ipynb,WH10-D-C016,23a53462d3cc06e1,4,1250,1250
WH10,wh10_final_selected,0785_000,boundary,XYZY,16,16_Data_zeromagic_theta_0785_mu_000_bound_XYZY_rx000_ry000_rz000_xx000.qpy,data/executed_circuits/WH10/0785_000/16_Data_zeromagic_theta_0785_mu_000_bound_XYZY_rx000_ry000_rz000_xx000.qpy,3908d3ded18ba7c758f8f2507518b7099f4c8a3fa60a2210a8006cb28d1fb810,holography-on-ionq/Testing flow/Circuits/Data_batch/WH/Data_0785_000/16_Data_zeromagic_theta_0785_mu_000_bound_XYZY_rx000_ry000_rz000_xx000.qpy,holography-on-ionq/Testing flow/wormhole_data_analysis.ipynb,WH10-D-C016,23a53462d3cc06e1,4,1250,1250
WH10,wh10_final_selected,0785_000,boundary,XYZZ,17,17_Data_zeromagic_theta_0785_mu_000_bound_XYZZ_rx000_ry000_rz000_xx000.qpy,data/executed_circuits/WH10/0785_000/17_Data_zeromagic_theta_0785_mu_000_bound_XYZZ_rx000_ry000_rz000_xx000.qpy,bb2974f332c2ee8140ad5a86d48b86ca54b05903052a93d28eb4d0dadff74227,holography-on-ionq/Testing flow/Circuits/Data_batch/WH/Data_0785_000/17_Data_zeromagic_theta_0785_mu_000_bound_XYZZ_rx000_ry000_rz000_xx000.qpy,holography-on-ionq/Testing flow/wormhole_data_analysis.ipynb,WH10-D-C016,23a53462d3cc06e1,4,1250,1250
WH10,wh10_final_selected,0785_000,boundary,XZXX,18,18_Data_zeromagic_theta_0785_mu_000_bound_XZXX_rx000_ry000_rz000_xx000.qpy,data/executed_circuits/WH10/0785_000/18_Data_zeromagic_theta_0785_mu_000_bound_XZXX_rx000_ry000_rz000_xx000.qpy,ab98cc4621c6c7a7d629cb56b728cf6098590ff28854a76dc52aa0971778d752,holography-on-ionq/Testing flow/Circuits/Data_batch/WH/Data_0785_000/18_Data_zeromagic_theta_0785_mu_000_bound_XZXX_rx000_ry000_rz000_xx000.qpy,holography-on-ionq/Testing flow/wormhole_data_analysis.ipynb,WH10-D-C016,23a53462d3cc06e1,4,1250,1250
WH10,wh10_final_selected,0785_000,boundary,XZXY,19,19_Data_zeromagic_theta_0785_mu_000_bound_XZXY_rx000_ry000_rz000_xx000.qpy,data/executed_circuits/WH10/0785_000/19_Data_zeromagic_theta_0785_mu_000_bound_XZXY_rx000_ry000_rz000_xx000.qpy,ec4e48b288e3ab62f93a08cf5c49f1d859f8a73cc2a209d0b20dabb007982afd,holography-on-ionq/Testing flow/Circuits/Data_batch/WH/Data_0785_000/19_Data_zeromagic_theta_0785_mu_000_bound_XZXY_rx000_ry000_rz000_xx000.qpy,holography-on-ionq/Testing flow/wormhole_data_analysis.ipynb,WH10-D-C016,23a53462d3cc06e1,4,1250,1250
WH10,wh10_final_selected,0785_000,boundary,XZXZ,20,20_Data_zeromagic_theta_0785_mu_000_bound_XZXZ_rx000_ry000_rz000_xx000.qpy,data/executed_circuits/WH10/0785_000/20_Data_zeromagic_theta_0785_mu_000_bound_XZXZ_rx000_ry000_rz000_xx000.qpy,f2a0f2231b77f1b9619780f4a5e8fa0d8f0ee0eb03866e5713e923943d6eb6db,holography-on-ionq/Testing flow/Circuits/Data_batch/WH/Data_0785_000/20_Data_zeromagic_theta_0785_mu_000_bound_XZXZ_rx000_ry000_rz000_xx000.qpy,holography-on-ionq/Testing flow/wormhole_data_analysis.ipynb,WH10-D-C016,23a53462d3cc06e1,4,1250,1250
WH10,wh10_final_selected,0785_000,boundary,XZYX,21,21_Data_zeromagic_theta_0785_mu_000_bound_XZYX_rx000_ry000_rz000_xx000.qpy,data/executed_circuits/WH10/0785_000/21_Data_zeromagic_theta_0785_mu_000_bound_XZYX_rx000_ry000_rz000_xx000.qpy,c3ceebf9ec4ca453760ae1074a57f95df66fe3ed5648d505f9350f3f0b7a0597,holography-on-ionq/Testing flow/Circuits/Data_batch/WH/Data_0785_000/21_Data_zeromagic_theta_0785_mu_000_bound_XZYX_rx000_ry000_rz000_xx000.qpy,holography-on-ionq/Testing flow/wormhole_data_analysis.ipynb,WH10-D-C016,23a53462d3cc06e1,4,1250,1250
WH10,wh10_final_selected,0785_000,boundary,XZYY,22,22_Data_zeromagic_theta_0785_mu_000_bound_XZYY_rx000_ry000_rz000_xx000.qpy,data/executed_circuits/WH10/0785_000/22_Data_zeromagic_theta_0785_mu_000_bound_XZYY_rx000_ry000_rz000_xx000.qpy,66bb5e41915e797e8313837261b6c77ff88d5355847c915f2a1a313fb6d08c37,holography-on-ionq/Testing flow/Circuits/Data_batch/WH/Data_0785_000/22_Data_zeromagic_theta_0785_mu_000_bound_XZYY_rx000_ry000_rz000_xx000.qpy,holography-on-ionq/Testing flow/wormhole_data_analysis.ipynb,WH10-D-C016,23a53462d3cc06e1,4,1250,1250
WH10,wh10_final_selected,0785_000,boundary,XZYZ,23,23_Data_zeromagic_theta_0785_mu_000_bound_XZYZ_rx000_ry000_rz000_xx000.qpy,data/executed_circuits/WH10/0785_000/23_Data_zeromagic_theta_0785_mu_000_bound_XZYZ_rx000_ry000_rz000_xx000.qpy,0d09370910d3654d6765fc74a3cd06bd6687e5429871ca151f79e0c242335b0f,holography-on-ionq/Testing flow/Circuits/Data_batch/WH/Data_0785_000/23_Data_zeromagic_theta_0785_mu_000_bound_XZYZ_rx000_ry000_rz000_xx000.qpy,holography-on-ionq/Testing flow/wormhole_data_analysis.ipynb,WH10-D-C016,23a53462d3cc06e1,4,1250,1250
WH10,wh10_final_selected,0785_000,boundary,XZZX,24,24_Data_zeromagic_theta_0785_mu_000_bound_XZZX_rx000_ry000_rz000_xx000.qpy,data/executed_circuits/WH10/0785_000/24_Data_zeromagic_theta_0785_mu_000_bound_XZZX_rx000_ry000_rz000_xx000.qpy,0ef13ae479cac842bb3abb779f30fc43ef67e0b327c9c3eb259ef3519ecb3f05,holography-on-ionq/Testing flow/Circuits/Data_batch/WH/Data_0785_000/24_Data_zeromagic_theta_0785_mu_000_bound_XZZX_rx000_ry000_rz000_xx000.qpy,holography-on-ionq/Testing flow/wormhole_data_analysis.ipynb,WH10-D-C016,23a53462d3cc06e1,4,1250,1250
WH10,wh10_final_selected,0785_000,boundary,XZZY,25,25_Data_zeromagic_theta_0785_mu_000_bound_XZZY_rx000_ry000_rz000_xx000.qpy,data/executed_circuits/WH10/0785_000/25_Data_zeromagic_theta_0785_mu_000_bound_XZZY_rx000_ry000_rz000_xx000.qpy,6000b460aee3698273d400500f9fbaa47c6e9f42340c0a71e1d1802430e73d44,holography-on-ionq/Testing flow/Circuits/Data_batch/WH/Data_0785_000/25_Data_zeromagic_theta_0785_mu_000_bound_XZZY_rx000_ry000_rz000_xx000.qpy,holography-on-ionq/Testing flow/wormhole_data_analysis.ipynb,WH10-D-C016,23a53462d3cc06e1,4,1250,1250
WH10,wh10_final_selected,0785_000,boundary,XZZZ,26,26_Data_zeromagic_theta_0785_mu_000_bound_XZZZ_rx000_ry000_rz000_xx000.qpy,data/executed_circuits/WH10/0785_000/26_Data_zeromagic_theta_0785_mu_000_bound_XZZZ_rx000_ry000_rz000_xx000.qpy,a71ff63a38f66433dd09891af56249ddc56bd2ee165dfdb2496fc626c8833a59,holography-on-ionq/Testing flow/Circuits/Data_batch/WH/Data_0785_000/26_Data_zeromagic_theta_0785_mu_000_bound_XZZZ_rx000_ry000_rz000_xx000.qpy,holography-on-ionq/Testing flow/wormhole_data_analysis.ipynb,WH10-D-C016,23a53462d3cc06e1,4,1250,1250
WH10,wh10_final_selected,0785_000,boundary,YXXX,27,27_Data_zeromagic_theta_0785_mu_000_bound_YXXX_rx000_ry000_rz000_xx000.qpy,data/executed_circuits/WH10/0785_000/27_Data_zeromagic_theta_0785_mu_000_bound_YXXX_rx000_ry000_rz000_xx000.qpy,3de0b0f46da2adb09e176b7e84c9daada9eb020d8763e07b55aad0cff897a2db,holography-on-ionq/Testing flow/Circuits/Data_batch/WH/Data_0785_000/27_Data_zeromagic_theta_0785_mu_000_bound_YXXX_rx000_ry000_rz000_xx000.qpy,holography-on-ionq/Testing flow/wormhole_data_analysis.ipynb,WH10-D-C016,23a53462d3cc06e1,4,1250,1250
WH10,wh10_final_selected,0785_000,boundary,YXXY,28,28_Data_zeromagic_theta_0785_mu_000_bound_YXXY_rx000_ry000_rz000_xx000.qpy,data/executed_circuits/WH10/0785_000/28_Data_zeromagic_theta_0785_mu_000_bound_YXXY_rx000_ry000_rz000_xx000.qpy,cb080a036cc43537ca51024ef5952c0bafd647b1e2e533a6565f0e68ed99d6ef,holography-on-ionq/Testing flow/Circuits/Data_batch/WH/Data_0785_000/28_Data_zeromagic_theta_0785_mu_000_bound_YXXY_rx000_ry000_rz000_xx000.qpy,holography-on-ionq/Testing flow/wormhole_data_analysis.ipynb,WH10-D-C016,23a53462d3cc06e1,4,1250,1250
WH10,wh10_final_selected,0785_000,boundary,YXXZ,29,29_Data_zeromagic_theta_0785_mu_000_bound_YXXZ_rx000_ry000_rz000_xx000.qpy,data/executed_circuits/WH10/0785_000/29_Data_zeromagic_theta_0785_mu_000_bound_YXXZ_rx000_ry000_rz000_xx000.qpy,e921e98aa3eb83a649f86a5b3d2ebe7396928d956de2611ded3fb95ba85242b9,holography-on-ionq/Testing flow/Circuits/Data_batch/WH/Data_0785_000/29_Data_zeromagic_theta_0785_mu_000_bound_YXXZ_rx000_ry000_rz000_xx000.qpy,holography-on-ionq/Testing flow/wormhole_data_analysis.ipynb,WH10-D-C016,23a53462d3cc06e1,4,1250,1250
WH10,wh10_final_selected,0785_000,boundary,YXYX,30,30_Data_zeromagic_theta_0785_mu_000_bound_YXYX_rx000_ry000_rz000_xx000.qpy,data/executed_circuits/WH10/0785_000/30_Data_zeromagic_theta_0785_mu_000_bound_YXYX_rx000_ry000_rz000_xx000.qpy,d3f1a21b2b3f3858f06560497c840cf62f800512e87c8a978f394c67413d8b24,holography-on-ionq/Testing flow/Circuits/Data_batch/WH/Data_0785_000/30_Data_zeromagic_theta_0785_mu_000_bound_YXYX_rx000_ry000_rz000_xx000.qpy,holography-on-ionq/Testing flow/wormhole_data_analysis.ipynb,WH10-D-C016,23a53462d3cc06e1,4,1250,1250
WH10,wh10_final_selected,0785_000,boundary,YXYY,31,31_Data_zeromagic_theta_0785_mu_000_bound_YXYY_rx000_ry000_rz000_xx000.qpy,data/executed_circuits/WH10/0785_000/31_Data_zeromagic_theta_0785_mu_000_bound_YXYY_rx000_ry000_rz000_xx000.qpy,7d40f80cd6324bdb11fe3bf7f553540a8c8f2ac621ca2f31cf361aaf823ba621,holography-on-ionq/Testing flow/Circuits/Data_batch/WH/Data_0785_000/31_Data_zeromagic_theta_0785_mu_000_bound_YXYY_rx000_ry000_rz000_xx000.qpy,holography-on-ionq/Testing flow/wormhole_data_analysis.ipynb,WH10-D-C016,23a53462d3cc06e1,4,1250,1250
WH10,wh10_final_selected,0785_000,boundary,YXYZ,32,32_Data_zeromagic_theta_0785_mu_000_bound_YXYZ_rx000_ry000_rz000_xx000.qpy,data/executed_circuits/WH10/0785_000/32_Data_zeromagic_theta_0785_mu_000_bound_YXYZ_rx000_ry000_rz000_xx000.qpy,c3053131a6fa1f3eb634b276f5fc43e526390de1f419cbcfbb516588d6c8066f,holography-on-ionq/Testing flow/Circuits/Data_batch/WH/Data_0785_000/32_Data_zeromagic_theta_0785_mu_000_bound_YXYZ_rx000_ry000_rz000_xx000.qpy,holography-on-ionq/Testing flow/wormhole_data_analysis.ipynb,WH10-D-C016,23a53462d3cc06e1,4,1250,1250
WH10,wh10_final_selected,0785_000,boundary,YXZX,33,33_Data_zeromagic_theta_0785_mu_000_bound_YXZX_rx000_ry000_rz000_xx000.qpy,data/executed_circuits/WH10/0785_000/33_Data_zeromagic_theta_0785_mu_000_bound_YXZX_rx000_ry000_rz000_xx000.qpy,f84d45ba2bbfb9c73703f2357c46e4f873b65bb26de740d56177c79a8b5646a5,holography-on-ionq/Testing flow/Circuits/Data_batch/WH/Data_0785_000/33_Data_zeromagic_theta_0785_mu_000_bound_YXZX_rx000_ry000_rz000_xx000.qpy,holography-on-ionq/Testing flow/wormhole_data_analysis.ipynb,WH10-D-C016,23a53462d3cc06e1,4,1250,1250
WH10,wh10_final_selected,0785_000,boundary,YXZY,34,34_Data_zeromagic_theta_0785_mu_000_bound_YXZY_rx000_ry000_rz000_xx000.qpy,data/executed_circuits/WH10/0785_000/34_Data_zeromagic_theta_0785_mu_000_bound_YXZY_rx000_ry000_rz000_xx000.qpy,13ae020b4b5d03fb5fe8dccf762daaff8a642733e1dfe4dfb1f5652f5a2fa31d,holography-on-ionq/Testing flow/Circuits/Data_batch/WH/Data_0785_000/34_Data_zeromagic_theta_0785_mu_000_bound_YXZY_rx000_ry000_rz000_xx000.qpy,holography-on-ionq/Testing flow/wormhole_data_analysis.ipynb,WH10-D-C016,23a53462d3cc06e1,4,1250,1250
WH10,wh10_final_selected,0785_000,boundary,YXZZ,35,35_Data_zeromagic_theta_0785_mu_000_bound_YXZZ_rx000_ry000_rz000_xx000.qpy,data/executed_circuits/WH10/0785_000/35_Data_zeromagic_theta_0785_mu_000_bound_YXZZ_rx000_ry000_rz000_xx000.qpy,700f71886e0aa70d623f22813cbd8accc8af3c03a9ac2059ea10658312ccd895,holography-on-ionq/Testing flow/Circuits/Data_batch/WH/Data_0785_000/35_Data_zeromagic_theta_0785_mu_000_bound_YXZZ_rx000_ry000_rz000_xx000.qpy,holography-on-ionq/Testing flow/wormhole_data_analysis.ipynb,WH10-D-C016,23a53462d3cc06e1,4,1250,1250
WH10,wh10_final_selected,0785_000,boundary,YYXX,36,36_Data_zeromagic_theta_0785_mu_000_bound_YYXX_rx000_ry000_rz000_xx000.qpy,data/executed_circuits/WH10/0785_000/36_Data_zeromagic_theta_0785_mu_000_bound_YYXX_rx000_ry000_rz000_xx000.qpy,d8604bb507fb36d5821734a0d932e4e5bf7f08b7efceef88892025c31f8cc81b,holography-on-ionq/Testing flow/Circuits/Data_batch/WH/Data_0785_000/36_Data_zeromagic_theta_0785_mu_000_bound_YYXX_rx000_ry000_rz000_xx000.qpy,holography-on-ionq/Testing flow/wormhole_data_analysis.ipynb,WH10-D-C016,23a53462d3cc06e1,4,1250,1250
WH10,wh10_final_selected,0785_000,boundary,YYXY,37,37_Data_zeromagic_theta_0785_mu_000_bound_YYXY_rx000_ry000_rz000_xx000.qpy,data/executed_circuits/WH10/0785_000/37_Data_zeromagic_theta_0785_mu_000_bound_YYXY_rx000_ry000_rz000_xx000.qpy,6007bab71464ae5fbf9ab811ecc36a5aa2fe7352848118c79ac19a0e7730339c,holography-on-ionq/Testing flow/Circuits/Data_batch/WH/Data_0785_000/37_Data_zeromagic_theta_0785_mu_000_bound_YYXY_rx000_ry000_rz000_xx000.qpy,holography-on-ionq/Testing flow/wormhole_data_analysis.ipynb,WH10-D-C016,23a53462d3cc06e1,4,1250,1250
WH10,wh10_final_selected,0785_000,boundary,YYXZ,38,38_Data_zeromagic_theta_0785_mu_000_bound_YYXZ_rx000_ry000_rz000_xx000.qpy,data/executed_circuits/WH10/0785_000/38_Data_zeromagic_theta_0785_mu_000_bound_YYXZ_rx000_ry000_rz000_xx000.qpy,6a5da12d6d6d6b3f2ab4680bf85d96bc029ca0d63c3d475c0bab2fd4c54e47d5,holography-on-ionq/Testing flow/Circuits/Data_batch/WH/Data_0785_000/38_Data_zeromagic_theta_0785_mu_000_bound_YYXZ_rx000_ry000_rz000_xx000.qpy,holography-on-ionq/Testing flow/wormhole_data_analysis.ipynb,WH10-D-C016,23a53462d3cc06e1,4,1250,1250
WH10,wh10_final_selected,0785_000,boundary,YYYX,39,39_Data_zeromagic_theta_0785_mu_000_bound_YYYX_rx000_ry000_rz000_xx000.qpy,data/executed_circuits/WH10/0785_000/39_Data_zeromagic_theta_0785_mu_000_bound_YYYX_rx000_ry000_rz000_xx000.qpy,05713b5cebe55453102e6fff195a45fbd2ed17b2f95c123f51968cd30257c505,holography-on-ionq/Testing flow/Circuits/Data_batch/WH/Data_0785_000/39_Data_zeromagic_theta_0785_mu_000_bound_YYYX_rx000_ry000_rz000_xx000.qpy,holography-on-ionq/Testing flow/wormhole_data_analysis.ipynb,WH10-D-C016,23a53462d3cc06e1,4,1250,1250
WH10,wh10_final_selected,0785_000,boundary,YYYY,40,40_Data_zeromagic_theta_0785_mu_000_bound_YYYY_rx000_ry000_rz000_xx000.qpy,data/executed_circuits/WH10/0785_000/40_Data_zeromagic_theta_0785_mu_000_bound_YYYY_rx000_ry000_rz000_xx000.qpy,1d3dee62a0e02f42ce4737099c51e6b1ed4abe5fca633b4f518203004b048f27,holography-on-ionq/Testing flow/Circuits/Data_batch/WH/Data_0785_000/40_Data_zeromagic_theta_0785_mu_000_bound_YYYY_rx000_ry000_rz000_xx000.qpy,holography-on-ionq/Testing flow/wormhole_data_analysis.ipynb,WH10-D-C016,23a53462d3cc06e1,4,1250,1250
WH10,wh10_final_selected,0785_000,boundary,YYYZ,41,41_Data_zeromagic_theta_0785_mu_000_bound_YYYZ_rx000_ry000_rz000_xx000.qpy,data/executed_circuits/WH10/0785_000/41_Data_zeromagic_theta_0785_mu_000_bound_YYYZ_rx000_ry000_rz000_xx000.qpy,683257d3e3cce9391a5f31c0271d0d5e0c0928253efaac7281de12c7af9fda84,holography-on-ionq/Testing flow/Circuits/Data_batch/WH/Data_0785_000/41_Data_zeromagic_theta_0785_mu_000_bound_YYYZ_rx000_ry000_rz000_xx000.qpy,holography-on-ionq/Testing flow/wormhole_data_analysis.ipynb,WH10-D-C016,23a53462d3cc06e1,4,1250,1250
WH10,wh10_final_selected,0785_000,boundary,YYZX,42,42_Data_zeromagic_theta_0785_mu_000_bound_YYZX_rx000_ry000_rz000_xx000.qpy,data/executed_circuits/WH10/0785_000/42_Data_zeromagic_theta_0785_mu_000_bound_YYZX_rx000_ry000_rz000_xx000.qpy,73ae5b3d37d3836a9f55214a2bd5d6dfa1b6b3f32df5ccff36ac5c3bd525b643,holography-on-ionq/Testing flow/Circuits/Data_batch/WH/Data_0785_000/42_Data_zeromagic_theta_0785_mu_000_bound_YYZX_rx000_ry000_rz000_xx000.qpy,holography-on-ionq/Testing flow/wormhole_data_analysis.ipynb,WH10-D-C016,23a53462d3cc06e1,4,1250,1250
WH10,wh10_final_selected,0785_000,boundary,YYZY,43,43_Data_zeromagic_theta_0785_mu_000_bound_YYZY_rx000_ry000_rz000_xx000.qpy,data/executed_circuits/WH10/0785_000/43_Data_zeromagic_theta_0785_mu_000_bound_YYZY_rx000_ry000_rz000_xx000.qpy,3ae82d5392ae985757fe4786b4bfad6cdd40351e0ec23a903f88b5aa6b1bd240,holography-on-ionq/Testing flow/Circuits/Data_batch/WH/Data_0785_000/43_Data_zeromagic_theta_0785_mu_000_bound_YYZY_rx000_ry000_rz000_xx000.qpy,holography-on-ionq/Testing flow/wormhole_data_analysis.ipynb,WH10-D-C016,23a53462d3cc06e1,4,1250,1250
WH10,wh10_final_selected,0785_000,boundary,YYZZ,44,44_Data_zeromagic_theta_0785_mu_000_bound_YYZZ_rx000_ry000_rz000_xx000.qpy,data/executed_circuits/WH10/0785_000/44_Data_zeromagic_theta_0785_mu_000_bound_YYZZ_rx000_ry000_rz000_xx000.qpy,2e8d8e65c9eaf512a15e7fe1a61569b60d2728b1b27cd9ccfffc67bc4d6c089c,holography-on-ionq/Testing flow/Circuits/Data_batch/WH/Data_0785_000/44_Data_zeromagic_theta_0785_mu_000_bound_YYZZ_rx000_ry000_rz000_xx000.qpy,holography-on-ionq/Testing flow/wormhole_data_analysis.ipynb,WH10-D-C016,23a53462d3cc06e1,4,1250,1250
WH10,wh10_final_selected,0785_000,boundary,YZXX,45,45_Data_zeromagic_theta_0785_mu_000_bound_YZXX_rx000_ry000_rz000_xx000.qpy,data/executed_circuits/WH10/0785_000/45_Data_zeromagic_theta_0785_mu_000_bound_YZXX_rx000_ry000_rz000_xx000.qpy,72b5c60adfd24a230baa23be6d739ed9a3a73a7f69d4d4df7d1c7cd4dc31eda1,holography-on-ionq/Testing flow/Circuits/Data_batch/WH/Data_0785_000/45_Data_zeromagic_theta_0785_mu_000_bound_YZXX_rx000_ry000_rz000_xx000.qpy,holography-on-ionq/Testing flow/wormhole_data_analysis.ipynb,WH10-D-C016,23a53462d3cc06e1,4,1250,1250
WH10,wh10_final_selected,0785_000,boundary,YZXY,46,46_Data_zeromagic_theta_0785_mu_000_bound_YZXY_rx000_ry000_rz000_xx000.qpy,data/executed_circuits/WH10/0785_000/46_Data_zeromagic_theta_0785_mu_000_bound_YZXY_rx000_ry000_rz000_xx000.qpy,9ba230f43b5f1d0e4f0d14e378cffb0ff3aa89d005542b44e117113b8ea1129e,holography-on-ionq/Testing flow/Circuits/Data_batch/WH/Data_0785_000/46_Data_zeromagic_theta_0785_mu_000_bound_YZXY_rx000_ry000_rz000_xx000.qpy,holography-on-ionq/Testing flow/wormhole_data_analysis.ipynb,WH10-D-C016,23a53462d3cc06e1,4,1250,1250
WH10,wh10_final_selected,0785_000,boundary,YZXZ,47,47_Data_zeromagic_theta_0785_mu_000_bound_YZXZ_rx000_ry000_rz000_xx000.qpy,data/executed_circuits/WH10/0785_000/47_Data_zeromagic_theta_0785_mu_000_bound_YZXZ_rx000_ry000_rz000_xx000.qpy,b2f66ab69fa53bbbae41e1311e5b15b9deffc062c759a0a60b1a47be0b724b02,holography-on-ionq/Testing flow/Circuits/Data_batch/WH/Data_0785_000/47_Data_zeromagic_theta_0785_mu_000_bound_YZXZ_rx000_ry000_rz000_xx000.qpy,holography-on-ionq/Testing flow/wormhole_data_analysis.ipynb,WH10-D-C016,23a53462d3cc06e1,4,1250,1250
WH10,wh10_final_selected,0785_000,boundary,YZYX,48,48_Data_zeromagic_theta_0785_mu_000_bound_YZYX_rx000_ry000_rz000_xx000.qpy,data/executed_circuits/WH10/0785_000/48_Data_zeromagic_theta_0785_mu_000_bound_YZYX_rx000_ry000_rz000_xx000.qpy,7b6c5d75e41aa912524591202d1e633b8a00fbe8e6c6a8ea84b4c3324a209bfc,holography-on-ionq/Testing flow/Circuits/Data_batch/WH/Data_0785_000/48_Data_zeromagic_theta_0785_mu_000_bound_YZYX_rx000_ry000_rz000_xx000.qpy,holography-on-ionq/Testing flow/wormhole_data_analysis.ipynb,WH10-D-C016,23a53462d3cc06e1,4,1250,1250
WH10,wh10_final_selected,0785_000,boundary,YZYY,49,49_Data_zeromagic_theta_0785_mu_000_bound_YZYY_rx000_ry000_rz000_xx000.qpy,data/executed_circuits/WH10/0785_000/49_Data_zeromagic_theta_0785_mu_000_bound_YZYY_rx000_ry000_rz000_xx000.qpy,8d1bd3f39337d6cb017d1c13744d4bdde3bf8fa828b948e11b005b4908e480c5,holography-on-ionq/Testing flow/Circuits/Data_batch/WH/Data_0785_000/49_Data_zeromagic_theta_0785_mu_000_bound_YZYY_rx000_ry000_rz000_xx000.qpy,holography-on-ionq/Testing flow/wormhole_data_analysis.ipynb,WH10-D-C016,23a53462d3cc06e1,4,1250,1250
WH10,wh10_final_selected,0785_000,boundary,YZYZ,50,50_Data_zeromagic_theta_0785_mu_000_bound_YZYZ_rx000_ry000_rz000_xx000.qpy,data/executed_circuits/WH10/0785_000/50_Data_zeromagic_theta_0785_mu_000_bound_YZYZ_rx000_ry000_rz000_xx000.qpy,6f587656ef5cc08acfdbffc7b7aa01c9e293904400db791c357797b33c7ec825,holography-on-ionq/Testing flow/Circuits/Data_batch/WH/Data_0785_000/50_Data_zeromagic_theta_0785_mu_000_bound_YZYZ_rx000_ry000_rz000_xx000.qpy,holography-on-ionq/Testing flow/wormhole_data_analysis.ipynb,WH10-D-C016,23a53462d3cc06e1,4,1250,1250
WH10,wh10_final_selected,0785_000,boundary,YZZX,51,51_Data_zeromagic_theta_0785_mu_000_bound_YZZX_rx000_ry000_rz000_xx000.qpy,data/executed_circuits/WH10/0785_000/51_Data_zeromagic_theta_0785_mu_000_bound_YZZX_rx000_ry000_rz000_xx000.qpy,e5825d10ad1946a524350b2ff1ec9a0433983d3c61964910b11f3437442226c4,holography-on-ionq/Testing flow/Circuits/Data_batch/WH/Data_0785_000/51_Data_zeromagic_theta_0785_mu_000_bound_YZZX_rx000_ry000_rz000_xx000.qpy,holography-on-ionq/Testing flow/wormhole_data_analysis.ipynb,WH10-D-C016,23a53462d3cc06e1,4,1250,1250
WH10,wh10_final_selected,0785_000,boundary,YZZY,52,52_Data_zeromagic_theta_0785_mu_000_bound_YZZY_rx000_ry000_rz000_xx000.qpy,data/executed_circuits/WH10/0785_000/52_Data_zeromagic_theta_0785_mu_000_bound_YZZY_rx000_ry000_rz000_xx000.qpy,548a9ea09ca45afba281b16f10c819d475c46e92c2579c000b9f5ebaeb7ed4df,holography-on-ionq/Testing flow/Circuits/Data_batch/WH/Data_0785_000/52_Data_zeromagic_theta_0785_mu_000_bound_YZZY_rx000_ry000_rz000_xx000.qpy,holography-on-ionq/Testing flow/wormhole_data_analysis.ipynb,WH10-D-C016,23a53462d3cc06e1,4,1250,1250
WH10,wh10_final_selected,0785_000,boundary,YZZZ,53,53_Data_zeromagic_theta_0785_mu_000_bound_YZZZ_rx000_ry000_rz000_xx000.qpy,data/executed_circuits/WH10/0785_000/53_Data_zeromagic_theta_0785_mu_000_bound_YZZZ_rx000_ry000_rz000_xx000.qpy,7cb3afbed3c0c06c9a188698b12cca18ee4fe55efdbb0299ffc42b7d9d285d29,holography-on-ionq/Testing flow/Circuits/Data_batch/WH/Data_0785_000/53_Data_zeromagic_theta_0785_mu_000_bound_YZZZ_rx000_ry000_rz000_xx000.qpy,holography-on-ionq/Testing flow/wormhole_data_analysis.ipynb,WH10-D-C016,23a53462d3cc06e1,4,1250,1250
WH10,wh10_final_selected,0785_000,boundary,ZXXX,54,54_Data_zeromagic_theta_0785_mu_000_bound_ZXXX_rx000_ry000_rz000_xx000.qpy,data/executed_circuits/WH10/0785_000/54_Data_zeromagic_theta_0785_mu_000_bound_ZXXX_rx000_ry000_rz000_xx000.qpy,31e0a5f6bdac7b6a5df2863ee6345e98b44863fff75e27aaa5062134b580a2a4,holography-on-ionq/Testing flow/Circuits/Data_batch/WH/Data_0785_000/54_Data_zeromagic_theta_0785_mu_000_bound_ZXXX_rx000_ry000_rz000_xx000.qpy,holography-on-ionq/Testing flow/wormhole_data_analysis.ipynb,WH10-D-C016,23a53462d3cc06e1,4,1250,1250
WH10,wh10_final_selected,0785_000,boundary,ZXXY,55,55_Data_zeromagic_theta_0785_mu_000_bound_ZXXY_rx000_ry000_rz000_xx000.qpy,data/executed_circuits/WH10/0785_000/55_Data_zeromagic_theta_0785_mu_000_bound_ZXXY_rx000_ry000_rz000_xx000.qpy,4e550bd7d1b37e4de8b4d3e31363402f325586845361fe0d2808803ddac793a3,holography-on-ionq/Testing flow/Circuits/Data_batch/WH/Data_0785_000/55_Data_zeromagic_theta_0785_mu_000_bound_ZXXY_rx000_ry000_rz000_xx000.qpy,holography-on-ionq/Testing flow/wormhole_data_analysis.ipynb,WH10-D-C016,23a53462d3cc06e1,4,1250,1250
WH10,wh10_final_selected,0785_000,boundary,ZXXZ,56,56_Data_zeromagic_theta_0785_mu_000_bound_ZXXZ_rx000_ry000_rz000_xx000.qpy,data/executed_circuits/WH10/0785_000/56_Data_zeromagic_theta_0785_mu_000_bound_ZXXZ_rx000_ry000_rz000_xx000.qpy,8464e37efa5cf87cb93f3f7968388a4addcefd3e25784183fafa2aaafd1e9f35,holography-on-ionq/Testing flow/Circuits/Data_batch/WH/Data_0785_000/56_Data_zeromagic_theta_0785_mu_000_bound_ZXXZ_rx000_ry000_rz000_xx000.qpy,holography-on-ionq/Testing flow/wormhole_data_analysis.ipynb,WH10-D-C016,23a53462d3cc06e1,4,1250,1250
WH10,wh10_final_selected,0785_000,boundary,ZXYX,57,57_Data_zeromagic_theta_0785_mu_000_bound_ZXYX_rx000_ry000_rz000_xx000.qpy,data/executed_circuits/WH10/0785_000/57_Data_zeromagic_theta_0785_mu_000_bound_ZXYX_rx000_ry000_rz000_xx000.qpy,bc77be204c8abd95667221635bfbd2d5beb8f644b25d5ef597ff8cd3a1e3988f,holography-on-ionq/Testing flow/Circuits/Data_batch/WH/Data_0785_000/57_Data_zeromagic_theta_0785_mu_000_bound_ZXYX_rx000_ry000_rz000_xx000.qpy,holography-on-ionq/Testing flow/wormhole_data_analysis.ipynb,WH10-D-C016,23a53462d3cc06e1,4,1250,1250
WH10,wh10_final_selected,0785_000,boundary,ZXYY,58,58_Data_zeromagic_theta_0785_mu_000_bound_ZXYY_rx000_ry000_rz000_xx000.qpy,data/executed_circuits/WH10/0785_000/58_Data_zeromagic_theta_0785_mu_000_bound_ZXYY_rx000_ry000_rz000_xx000.qpy,8e30982fd5262ce0a542eaecabf6ce7d69e668522dc21092664f6db07ca6b353,holography-on-ionq/Testing flow/Circuits/Data_batch/WH/Data_0785_000/58_Data_zeromagic_theta_0785_mu_000_bound_ZXYY_rx000_ry000_rz000_xx000.qpy,holography-on-ionq/Testing flow/wormhole_data_analysis.ipynb,WH10-D-C016,23a53462d3cc06e1,4,1250,1250
WH10,wh10_final_selected,0785_000,boundary,ZXYZ,59,59_Data_zeromagic_theta_0785_mu_000_bound_ZXYZ_rx000_ry000_rz000_xx000.qpy,data/executed_circuits/WH10/0785_000/59_Data_zeromagic_theta_0785_mu_000_bound_ZXYZ_rx000_ry000_rz000_xx000.qpy,43b7f976625bfe0166ef2fdea237b99681002982be833462310706e956e94903,holography-on-ionq/Testing flow/Circuits/Data_batch/WH/Data_0785_000/59_Data_zeromagic_theta_0785_mu_000_bound_ZXYZ_rx000_ry000_rz000_xx000.qpy,holography-on-ionq/Testing flow/wormhole_data_analysis.ipynb,WH10-D-C016,23a53462d3cc06e1,4,1250,1250
WH10,wh10_final_selected,0785_000,boundary,ZXZX,60,60_Data_zeromagic_theta_0785_mu_000_bound_ZXZX_rx000_ry000_rz000_xx000.qpy,data/executed_circuits/WH10/0785_000/60_Data_zeromagic_theta_0785_mu_000_bound_ZXZX_rx000_ry000_rz000_xx000.qpy,c75dd644d50cb89575aebce4c9b753c537217f5837d35d9ce92e47a326f86f96,holography-on-ionq/Testing flow/Circuits/Data_batch/WH/Data_0785_000/60_Data_zeromagic_theta_0785_mu_000_bound_ZXZX_rx000_ry000_rz000_xx000.qpy,holography-on-ionq/Testing flow/wormhole_data_analysis.ipynb,WH10-D-C016,23a53462d3cc06e1,4,1250,1250
WH10,wh10_final_selected,0785_000,boundary,ZXZY,61,61_Data_zeromagic_theta_0785_mu_000_bound_ZXZY_rx000_ry000_rz000_xx000.qpy,data/executed_circuits/WH10/0785_000/61_Data_zeromagic_theta_0785_mu_000_bound_ZXZY_rx000_ry000_rz000_xx000.qpy,3ab6000e9276755464775b20d74cabe916f6f249382bd927776da0764126aec4,holography-on-ionq/Testing flow/Circuits/Data_batch/WH/Data_0785_000/61_Data_zeromagic_theta_0785_mu_000_bound_ZXZY_rx000_ry000_rz000_xx000.qpy,holography-on-ionq/Testing flow/wormhole_data_analysis.ipynb,WH10-D-C016,23a53462d3cc06e1,4,1250,1250
WH10,wh10_final_selected,0785_000,boundary,ZXZZ,62,62_Data_zeromagic_theta_0785_mu_000_bound_ZXZZ_rx000_ry000_rz000_xx000.qpy,data/executed_circuits/WH10/0785_000/62_Data_zeromagic_theta_0785_mu_000_bound_ZXZZ_rx000_ry000_rz000_xx000.qpy,bbe183a2d0d8148ad35b874bf630efab760962b9e3a07af925e98fb9affd1281,holography-on-ionq/Testing flow/Circuits/Data_batch/WH/Data_0785_000/62_Data_zeromagic_theta_0785_mu_000_bound_ZXZZ_rx000_ry000_rz000_xx000.qpy,holography-on-ionq/Testing flow/wormhole_data_analysis.ipynb,WH10-D-C016,23a53462d3cc06e1,4,1250,1250
WH10,wh10_final_selected,0785_000,boundary,ZYXX,63,63_Data_zeromagic_theta_0785_mu_000_bound_ZYXX_rx000_ry000_rz000_xx000.qpy,data/executed_circuits/WH10/0785_000/63_Data_zeromagic_theta_0785_mu_000_bound_ZYXX_rx000_ry000_rz000_xx000.qpy,2db694dd1374128cdee43bb3a339e84f366a32379bdf68d2112ec52d54957ff3,holography-on-ionq/Testing flow/Circuits/Data_batch/WH/Data_0785_000/63_Data_zeromagic_theta_0785_mu_000_bound_ZYXX_rx000_ry000_rz000_xx000.qpy,holography-on-ionq/Testing flow/wormhole_data_analysis.ipynb,WH10-D-C016,23a53462d3cc06e1,4,1250,1250
WH10,wh10_final_selected,0785_000,boundary,ZYXY,64,64_Data_zeromagic_theta_0785_mu_000_bound_ZYXY_rx000_ry000_rz000_xx000.qpy,data/executed_circuits/WH10/0785_000/64_Data_zeromagic_theta_0785_mu_000_bound_ZYXY_rx000_ry000_rz000_xx000.qpy,9a7bae2b5f4f8229eb64209f7194366c152ad77727d4acccaafb7fff9c73bbb2,holography-on-ionq/Testing flow/Circuits/Data_batch/WH/Data_0785_000/64_Data_zeromagic_theta_0785_mu_000_bound_ZYXY_rx000_ry000_rz000_xx000.qpy,holography-on-ionq/Testing flow/wormhole_data_analysis.ipynb,WH10-D-C016,23a53462d3cc06e1,4,1250,1250
WH10,wh10_final_selected,0785_000,boundary,ZYXZ,65,65_Data_zeromagic_theta_0785_mu_000_bound_ZYXZ_rx000_ry000_rz000_xx000.qpy,data/executed_circuits/WH10/0785_000/65_Data_zeromagic_theta_0785_mu_000_bound_ZYXZ_rx000_ry000_rz000_xx000.qpy,b83c8073d42107930faa3c45695720107d1b3919052d82bb35617f41e0f09430,holography-on-ionq/Testing flow/Circuits/Data_batch/WH/Data_0785_000/65_Data_zeromagic_theta_0785_mu_000_bound_ZYXZ_rx000_ry000_rz000_xx000.qpy,holography-on-ionq/Testing flow/wormhole_data_analysis.ipynb,WH10-D-C016,23a53462d3cc06e1,4,1250,1250
WH10,wh10_final_selected,0785_000,boundary,ZYYX,66,66_Data_zeromagic_theta_0785_mu_000_bound_ZYYX_rx000_ry000_rz000_xx000.qpy,data/executed_circuits/WH10/0785_000/66_Data_zeromagic_theta_0785_mu_000_bound_ZYYX_rx000_ry000_rz000_xx000.qpy,a0492343dadee7fa96bf1f5303c33407d5a7b8544a88d9d92b604c7500debc45,holography-on-ionq/Testing flow/Circuits/Data_batch/WH/Data_0785_000/66_Data_zeromagic_theta_0785_mu_000_bound_ZYYX_rx000_ry000_rz000_xx000.qpy,holography-on-ionq/Testing flow/wormhole_data_analysis.ipynb,WH10-D-C016,23a53462d3cc06e1,4,1250,1250
WH10,wh10_final_selected,0785_000,boundary,ZYYY,67,67_Data_zeromagic_theta_0785_mu_000_bound_ZYYY_rx000_ry000_rz000_xx000.qpy,data/executed_circuits/WH10/0785_000/67_Data_zeromagic_theta_0785_mu_000_bound_ZYYY_rx000_ry000_rz000_xx000.qpy,5f3131c3f1f5d760b46fa94a234c8217a8f74e22a9f555dcf75adf0d96d127b6,holography-on-ionq/Testing flow/Circuits/Data_batch/WH/Data_0785_000/67_Data_zeromagic_theta_0785_mu_000_bound_ZYYY_rx000_ry000_rz000_xx000.qpy,holography-on-ionq/Testing flow/wormhole_data_analysis.ipynb,WH10-D-C016,23a53462d3cc06e1,4,1250,1250
WH10,wh10_final_selected,0785_000,boundary,ZYYZ,68,68_Data_zeromagic_theta_0785_mu_000_bound_ZYYZ_rx000_ry000_rz000_xx000.qpy,data/executed_circuits/WH10/0785_000/68_Data_zeromagic_theta_0785_mu_000_bound_ZYYZ_rx000_ry000_rz000_xx000.qpy,c2976c2caf349d54c0c49da57ff27bdcba8f44f36327b15ee3ebe9e5c03c04f9,holography-on-ionq/Testing flow/Circuits/Data_batch/WH/Data_0785_000/68_Data_zeromagic_theta_0785_mu_000_bound_ZYYZ_rx000_ry000_rz000_xx000.qpy,holography-on-ionq/Testing flow/wormhole_data_analysis.ipynb,WH10-D-C016,23a53462d3cc06e1,4,1250,1250
WH10,wh10_final_selected,0785_000,boundary,ZYZX,69,69_Data_zeromagic_theta_0785_mu_000_bound_ZYZX_rx000_ry000_rz000_xx000.qpy,data/executed_circuits/WH10/0785_000/69_Data_zeromagic_theta_0785_mu_000_bound_ZYZX_rx000_ry000_rz000_xx000.qpy,8d0ede91601ea6d15137be0c9932f34de1217743f35c5ee9cd6977af18d86e3b,holography-on-ionq/Testing flow/Circuits/Data_batch/WH/Data_0785_000/69_Data_zeromagic_theta_0785_mu_000_bound_ZYZX_rx000_ry000_rz000_xx000.qpy,holography-on-ionq/Testing flow/wormhole_data_analysis.ipynb,WH10-D-C016,23a53462d3cc06e1,4,1250,1250
WH10,wh10_final_selected,0785_000,boundary,ZYZY,70,70_Data_zeromagic_theta_0785_mu_000_bound_ZYZY_rx000_ry000_rz000_xx000.qpy,data/executed_circuits/WH10/0785_000/70_Data_zeromagic_theta_0785_mu_000_bound_ZYZY_rx000_ry000_rz000_xx000.qpy,92f3e921566aa1960b0afbc9864ecbbe28a9ecc398808a9efb80365733a3545e,holography-on-ionq/Testing flow/Circuits/Data_batch/WH/Data_0785_000/70_Data_zeromagic_theta_0785_mu_000_bound_ZYZY_rx000_ry000_rz000_xx000.qpy,holography-on-ionq/Testing flow/wormhole_data_analysis.ipynb,WH10-D-C016,23a53462d3cc06e1,4,1250,1250
WH10,wh10_final_selected,0785_000,boundary,ZYZZ,71,71_Data_zeromagic_theta_0785_mu_000_bound_ZYZZ_rx000_ry000_rz000_xx000.qpy,data/executed_circuits/WH10/0785_000/71_Data_zeromagic_theta_0785_mu_000_bound_ZYZZ_rx000_ry000_rz000_xx000.qpy,f1c55aa2c6f3323c7fbef1944f25fe0c82ef19da140eaa6e95bf5f893871b1d2,holography-on-ionq/Testing flow/Circuits/Data_batch/WH/Data_0785_000/71_Data_zeromagic_theta_0785_mu_000_bound_ZYZZ_rx000_ry000_rz000_xx000.qpy,holography-on-ionq/Testing flow/wormhole_data_analysis.ipynb,WH10-D-C016,23a53462d3cc06e1,4,1250,1250
WH10,wh10_final_selected,0785_000,boundary,ZZXX,72,72_Data_zeromagic_theta_0785_mu_000_bound_ZZXX_rx000_ry000_rz000_xx000.qpy,data/executed_circuits/WH10/0785_000/72_Data_zeromagic_theta_0785_mu_000_bound_ZZXX_rx000_ry000_rz000_xx000.qpy,66cd19f0e5e736631b370f25d8b1f25b4c8b2468468810f81fa7fbb78801c79a,holography-on-ionq/Testing flow/Circuits/Data_batch/WH/Data_0785_000/72_Data_zeromagic_theta_0785_mu_000_bound_ZZXX_rx000_ry000_rz000_xx000.qpy,holography-on-ionq/Testing flow/wormhole_data_analysis.ipynb,WH10-D-C016,23a53462d3cc06e1,4,1250,1250
WH10,wh10_final_selected,0785_000,boundary,ZZXY,73,73_Data_zeromagic_theta_0785_mu_000_bound_ZZXY_rx000_ry000_rz000_xx000.qpy,data/executed_circuits/WH10/0785_000/73_Data_zeromagic_theta_0785_mu_000_bound_ZZXY_rx000_ry000_rz000_xx000.qpy,df268c17f27777056afdb3e5d3be95045bd59cf313fa8f71950778ce15e062d7,holography-on-ionq/Testing flow/Circuits/Data_batch/WH/Data_0785_000/73_Data_zeromagic_theta_0785_mu_000_bound_ZZXY_rx000_ry000_rz000_xx000.qpy,holography-on-ionq/Testing flow/wormhole_data_analysis.ipynb,WH10-D-C016,23a53462d3cc06e1,4,1250,1250
WH10,wh10_final_selected,0785_000,boundary,ZZXZ,74,74_Data_zeromagic_theta_0785_mu_000_bound_ZZXZ_rx000_ry000_rz000_xx000.qpy,data/executed_circuits/WH10/0785_000/74_Data_zeromagic_theta_0785_mu_000_bound_ZZXZ_rx000_ry000_rz000_xx000.qpy,9847b4e0f96fe0b938230d632ecca967fc12f650445ac790b04cb84c8b3f1745,holography-on-ionq/Testing flow/Circuits/Data_batch/WH/Data_0785_000/74_Data_zeromagic_theta_0785_mu_000_bound_ZZXZ_rx000_ry000_rz000_xx000.qpy,holography-on-ionq/Testing flow/wormhole_data_analysis.ipynb,WH10-D-C016,23a53462d3cc06e1,4,1250,1250
WH10,wh10_final_selected,0785_000,boundary,ZZYX,75,75_Data_zeromagic_theta_0785_mu_000_bound_ZZYX_rx000_ry000_rz000_xx000.qpy,data/executed_circuits/WH10/0785_000/75_Data_zeromagic_theta_0785_mu_000_bound_ZZYX_rx000_ry000_rz000_xx000.qpy,ad0e61fd7002cb68b02d51a4aefe82a6785916104f69d0a2904aace3a5e3f84b,holography-on-ionq/Testing flow/Circuits/Data_batch/WH/Data_0785_000/75_Data_zeromagic_theta_0785_mu_000_bound_ZZYX_rx000_ry000_rz000_xx000.qpy,holography-on-ionq/Testing flow/wormhole_data_analysis.ipynb,WH10-D-C016,23a53462d3cc06e1,4,1250,1250
WH10,wh10_final_selected,0785_000,boundary,ZZYY,76,76_Data_zeromagic_theta_0785_mu_000_bound_ZZYY_rx000_ry000_rz000_xx000.qpy,data/executed_circuits/WH10/0785_000/76_Data_zeromagic_theta_0785_mu_000_bound_ZZYY_rx000_ry000_rz000_xx000.qpy,34035166b91edcdb3ae3338aeca0dcdbfcd4995405ed114feed8b66739a8363f,holography-on-ionq/Testing flow/Circuits/Data_batch/WH/Data_0785_000/76_Data_zeromagic_theta_0785_mu_000_bound_ZZYY_rx000_ry000_rz000_xx000.qpy,holography-on-ionq/Testing flow/wormhole_data_analysis.ipynb,WH10-D-C016,23a53462d3cc06e1,4,1250,1250
WH10,wh10_final_selected,0785_000,boundary,ZZYZ,77,77_Data_zeromagic_theta_0785_mu_000_bound_ZZYZ_rx000_ry000_rz000_xx000.qpy,data/executed_circuits/WH10/0785_000/77_Data_zeromagic_theta_0785_mu_000_bound_ZZYZ_rx000_ry000_rz000_xx000.qpy,17de5c2cdab25979c52a672015d916daa21d61ccca2ec60a9a5893f1354ea67e,holography-on-ionq/Testing flow/Circuits/Data_batch/WH/Data_0785_000/77_Data_zeromagic_theta_0785_mu_000_bound_ZZYZ_rx000_ry000_rz000_xx000.qpy,holography-on-ionq/Testing flow/wormhole_data_analysis.ipynb,WH10-D-C016,23a53462d3cc06e1,4,1250,1250
WH10,wh10_final_selected,0785_000,boundary,ZZZX,78,78_Data_zeromagic_theta_0785_mu_000_bound_ZZZX_rx000_ry000_rz000_xx000.qpy,data/executed_circuits/WH10/0785_000/78_Data_zeromagic_theta_0785_mu_000_bound_ZZZX_rx000_ry000_rz000_xx000.qpy,a74ca3715ec9f8270b4ddb881238ea7686ea585a704e43776625284069deff71,holography-on-ionq/Testing flow/Circuits/Data_batch/WH/Data_0785_000/78_Data_zeromagic_theta_0785_mu_000_bound_ZZZX_rx000_ry000_rz000_xx000.qpy,holography-on-ionq/Testing flow/wormhole_data_analysis.ipynb,WH10-D-C016,23a53462d3cc06e1,4,1250,1250
WH10,wh10_final_selected,0785_000,boundary,ZZZY,79,79_Data_zeromagic_theta_0785_mu_000_bound_ZZZY_rx000_ry000_rz000_xx000.qpy,data/executed_circuits/WH10/0785_000/79_Data_zeromagic_theta_0785_mu_000_bound_ZZZY_rx000_ry000_rz000_xx000.qpy,f3ed2e83142c4781041d97b7649254259740daa5044d402e3c3e03b21a85e7fa,holography-on-ionq/Testing flow/Circuits/Data_batch/WH/Data_0785_000/79_Data_zeromagic_theta_0785_mu_000_bound_ZZZY_rx000_ry000_rz000_xx000.qpy,holography-on-ionq/Testing flow/wormhole_data_analysis.ipynb,WH10-D-C016,23a53462d3cc06e1,4,1250,1250
WH10,wh10_final_selected,0785_000,boundary,ZZZZ,80,80_Data_zeromagic_theta_0785_mu_000_bound_ZZZZ_rx000_ry000_rz000_xx000.qpy,data/executed_circuits/WH10/0785_000/80_Data_zeromagic_theta_0785_mu_000_bound_ZZZZ_rx000_ry000_rz000_xx000.qpy,bb540e5ab84e02ed9f268ab2d0bb91d8490ad7f1d42e1b9395001b7eade0bc0b,holography-on-ionq/Testing flow/Circuits/Data_batch/WH/Data_0785_000/80_Data_zeromagic_theta_0785_mu_000_bound_ZZZZ_rx000_ry000_rz000_xx000.qpy,holography-on-ionq/Testing flow/wormhole_data_analysis.ipynb,WH10-D-C016,23a53462d3cc06e1,4,1250,1250
WH10,wh10_final_selected,0785_000,bulk,XX,81,81_Data_zeromagic_theta_0785_mu_000_bulk_XX_rx000_ry000_rz000_xx000.qpy,data/executed_circuits/WH10/0785_000/81_Data_zeromagic_theta_0785_mu_000_bulk_XX_rx000_ry000_rz000_xx000.qpy,e06097cab5a3c3f18d6f411913e0c67a3983faed47c17c5208f3912450c09a8a,holography-on-ionq/Testing flow/Circuits/Data_batch/WH/Data_0785_000/81_Data_zeromagic_theta_0785_mu_000_bulk_XX_rx000_ry000_rz000_xx000.qpy,holography-on-ionq/Testing flow/wormhole_data_analysis.ipynb,WH10-D-C016,23a53462d3cc06e1,4,1250,1250
WH10,wh10_final_selected,0785_000,bulk,XY,82,82_Data_zeromagic_theta_0785_mu_000_bulk_XY_rx000_ry000_rz000_xx000.qpy,data/executed_circuits/WH10/0785_000/82_Data_zeromagic_theta_0785_mu_000_bulk_XY_rx000_ry000_rz000_xx000.qpy,4d6957c5ca301330bcb4e97e692256e01532c909c64f6c8313f7086c5984bf1c,holography-on-ionq/Testing flow/Circuits/Data_batch/WH/Data_0785_000/82_Data_zeromagic_theta_0785_mu_000_bulk_XY_rx000_ry000_rz000_xx000.qpy,holography-on-ionq/Testing flow/wormhole_data_analysis.ipynb,WH10-D-C016,23a53462d3cc06e1,4,1250,1250
WH10,wh10_final_selected,0785_000,bulk,XZ,83,83_Data_zeromagic_theta_0785_mu_000_bulk_XZ_rx000_ry000_rz000_xx000.qpy,data/executed_circuits/WH10/0785_000/83_Data_zeromagic_theta_0785_mu_000_bulk_XZ_rx000_ry000_rz000_xx000.qpy,1152a388892be1b6d909690ae019905360fdfad6386777b0e29bf3d06ea24ccd,holography-on-ionq/Testing flow/Circuits/Data_batch/WH/Data_0785_000/83_Data_zeromagic_theta_0785_mu_000_bulk_XZ_rx000_ry000_rz000_xx000.qpy,holography-on-ionq/Testing flow/wormhole_data_analysis.ipynb,WH10-D-C016,23a53462d3cc06e1,4,1250,1250
WH10,wh10_final_selected,0785_000,bulk,YX,84,84_Data_zeromagic_theta_0785_mu_000_bulk_YX_rx000_ry000_rz000_xx000.qpy,data/executed_circuits/WH10/0785_000/84_Data_zeromagic_theta_0785_mu_000_bulk_YX_rx000_ry000_rz000_xx000.qpy,bffd0dab726e1701e162e0791b4a74fc7ff032d96275e559905c499a7676bb44,holography-on-ionq/Testing flow/Circuits/Data_batch/WH/Data_0785_000/84_Data_zeromagic_theta_0785_mu_000_bulk_YX_rx000_ry000_rz000_xx000.qpy,holography-on-ionq/Testing flow/wormhole_data_analysis.ipynb,WH10-D-C016,23a53462d3cc06e1,4,1250,1250
WH10,wh10_final_selected,0785_000,bulk,YY,85,85_Data_zeromagic_theta_0785_mu_000_bulk_YY_rx000_ry000_rz000_xx000.qpy,data/executed_circuits/WH10/0785_000/85_Data_zeromagic_theta_0785_mu_000_bulk_YY_rx000_ry000_rz000_xx000.qpy,9c9da5a12b6b55d4fc898ca17b537f5fe45ba084d2caaa42014b7494ef60e0d0,holography-on-ionq/Testing flow/Circuits/Data_batch/WH/Data_0785_000/85_Data_zeromagic_theta_0785_mu_000_bulk_YY_rx000_ry000_rz000_xx000.qpy,holography-on-ionq/Testing flow/wormhole_data_analysis.ipynb,WH10-D-C016,23a53462d3cc06e1,4,1250,1250
WH10,wh10_final_selected,0785_000,bulk,YZ,86,86_Data_zeromagic_theta_0785_mu_000_bulk_YZ_rx000_ry000_rz000_xx000.qpy,data/executed_circuits/WH10/0785_000/86_Data_zeromagic_theta_0785_mu_000_bulk_YZ_rx000_ry000_rz000_xx000.qpy,1e7bdab73d9ba52fc0d338be780844f2146290b4760dd02dfa44bea42f97e86d,holography-on-ionq/Testing flow/Circuits/Data_batch/WH/Data_0785_000/86_Data_zeromagic_theta_0785_mu_000_bulk_YZ_rx000_ry000_rz000_xx000.qpy,holography-on-ionq/Testing flow/wormhole_data_analysis.ipynb,WH10-D-C016,23a53462d3cc06e1,4,1250,1250
WH10,wh10_final_selected,0785_000,bulk,ZX,87,87_Data_zeromagic_theta_0785_mu_000_bulk_ZX_rx000_ry000_rz000_xx000.qpy,data/executed_circuits/WH10/0785_000/87_Data_zeromagic_theta_0785_mu_000_bulk_ZX_rx000_ry000_rz000_xx000.qpy,8f5143ce57a215cec4c3d22d5a298c07ee405ba23c75ab0389bc54532c67e9eb,holography-on-ionq/Testing flow/Circuits/Data_batch/WH/Data_0785_000/87_Data_zeromagic_theta_0785_mu_000_bulk_ZX_rx000_ry000_rz000_xx000.qpy,holography-on-ionq/Testing flow/wormhole_data_analysis.ipynb,WH10-D-C016,23a53462d3cc06e1,4,1250,1250
WH10,wh10_final_selected,0785_000,bulk,ZY,88,88_Data_zeromagic_theta_0785_mu_000_bulk_ZY_rx000_ry000_rz000_xx000.qpy,data/executed_circuits/WH10/0785_000/88_Data_zeromagic_theta_0785_mu_000_bulk_ZY_rx000_ry000_rz000_xx000.qpy,ee34963179d651790d5a8201a145dfa04b32e9d68eb29f780f90f8c1e424c410,holography-on-ionq/Testing flow/Circuits/Data_batch/WH/Data_0785_000/88_Data_zeromagic_theta_0785_mu_000_bulk_ZY_rx000_ry000_rz000_xx000.qpy,holography-on-ionq/Testing flow/wormhole_data_analysis.ipynb,WH10-D-C016,23a53462d3cc06e1,4,1250,1250
WH10,wh10_final_selected,0785_000,bulk,ZZ,89,89_Data_zeromagic_theta_0785_mu_000_bulk_ZZ_rx000_ry000_rz000_xx000.qpy,data/executed_circuits/WH10/0785_000/89_Data_zeromagic_theta_0785_mu_000_bulk_ZZ_rx000_ry000_rz000_xx000.qpy,332fb87b8e18c3b8020fa9581e8dc7e08e0244a8957c7a0b9172c2385b94f1f9,holography-on-ionq/Testing flow/Circuits/Data_batch/WH/Data_0785_000/89_Data_zeromagic_theta_0785_mu_000_bulk_ZZ_rx000_ry000_rz000_xx000.qpy,holography-on-ionq/Testing flow/wormhole_data_analysis.ipynb,WH10-D-C016,23a53462d3cc06e1,4,1250,1250
WH10,wh10_final_selected,0785_013,boundary,XXXX,0,00_Data_halfMagic_theta_0785_mu_013_bound_XXXX_rx005_ry010_rz000_xx013.qpy,data/executed_circuits/WH10/0785_013/00_Data_halfMagic_theta_0785_mu_013_bound_XXXX_rx005_ry010_rz000_xx013.qpy,61f6caa9d6ded3a1842b7987787b373d672b2903d2f3143d7d2bc5efe64e9706,holography-on-ionq/Testing flow/Circuits/Data_batch/WH/Data_0785_013/00_Data_halfMagic_theta_0785_mu_013_bound_XXXX_rx005_ry010_rz000_xx013.qpy,holography-on-ionq/Testing flow/wormhole_data_analysis.ipynb,WH10-D-C016,23a53462d3cc06e1,3,1500,1500
WH10,wh10_final_selected,0785_013,boundary,XXXY,1,01_Data_halfMagic_theta_0785_mu_013_bound_XXXY_rx005_ry010_rz000_xx013.qpy,data/executed_circuits/WH10/0785_013/01_Data_halfMagic_theta_0785_mu_013_bound_XXXY_rx005_ry010_rz000_xx013.qpy,17589b794e4e43e8b44c011ca574b2d29c5c9023830b475a2cb9e1f88cb70d57,holography-on-ionq/Testing flow/Circuits/Data_batch/WH/Data_0785_013/01_Data_halfMagic_theta_0785_mu_013_bound_XXXY_rx005_ry010_rz000_xx013.qpy,holography-on-ionq/Testing flow/wormhole_data_analysis.ipynb,WH10-D-C016,23a53462d3cc06e1,3,1500,1500
WH10,wh10_final_selected,0785_013,boundary,XXXZ,2,02_Data_halfMagic_theta_0785_mu_013_bound_XXXZ_rx005_ry010_rz000_xx013.qpy,data/executed_circuits/WH10/0785_013/02_Data_halfMagic_theta_0785_mu_013_bound_XXXZ_rx005_ry010_rz000_xx013.qpy,9a4a735d4473450f968114840128fbf03e725d3747a03d2d73eb5ce20b626576,holography-on-ionq/Testing flow/Circuits/Data_batch/WH/Data_0785_013/02_Data_halfMagic_theta_0785_mu_013_bound_XXXZ_rx005_ry010_rz000_xx013.qpy,holography-on-ionq/Testing flow/wormhole_data_analysis.ipynb,WH10-D-C016,23a53462d3cc06e1,3,1500,1500
WH10,wh10_final_selected,0785_013,boundary,XXYX,3,03_Data_halfMagic_theta_0785_mu_013_bound_XXYX_rx005_ry010_rz000_xx013.qpy,data/executed_circuits/WH10/0785_013/03_Data_halfMagic_theta_0785_mu_013_bound_XXYX_rx005_ry010_rz000_xx013.qpy,6a6ba18e55d35fda5c5456eca2a33e74c76b2a45787fbd5ec1f0fcf52f728a17,holography-on-ionq/Testing flow/Circuits/Data_batch/WH/Data_0785_013/03_Data_halfMagic_theta_0785_mu_013_bound_XXYX_rx005_ry010_rz000_xx013.qpy,holography-on-ionq/Testing flow/wormhole_data_analysis.ipynb,WH10-D-C016,23a53462d3cc06e1,3,1500,1500
WH10,wh10_final_selected,0785_013,boundary,XXYY,4,04_Data_halfMagic_theta_0785_mu_013_bound_XXYY_rx005_ry010_rz000_xx013.qpy,data/executed_circuits/WH10/0785_013/04_Data_halfMagic_theta_0785_mu_013_bound_XXYY_rx005_ry010_rz000_xx013.qpy,95c73e34a775368722ce4d657366c4bf47692b0e40c90c0c8a34493f8608905c,holography-on-ionq/Testing flow/Circuits/Data_batch/WH/Data_0785_013/04_Data_halfMagic_theta_0785_mu_013_bound_XXYY_rx005_ry010_rz000_xx013.qpy,holography-on-ionq/Testing flow/wormhole_data_analysis.ipynb,WH10-D-C016,23a53462d3cc06e1,3,1500,1500
WH10,wh10_final_selected,0785_013,boundary,XXYZ,5,05_Data_halfMagic_theta_0785_mu_013_bound_XXYZ_rx005_ry010_rz000_xx013.qpy,data/executed_circuits/WH10/0785_013/05_Data_halfMagic_theta_0785_mu_013_bound_XXYZ_rx005_ry010_rz000_xx013.qpy,afb47bd7327acd884efe87838c7e23b5087663762f9f1b54ecbebafa4754bea1,holography-on-ionq/Testing flow/Circuits/Data_batch/WH/Data_0785_013/05_Data_halfMagic_theta_0785_mu_013_bound_XXYZ_rx005_ry010_rz000_xx013.qpy,holography-on-ionq/Testing flow/wormhole_data_analysis.ipynb,WH10-D-C016,23a53462d3cc06e1,3,1500,1500
WH10,wh10_final_selected,0785_013,boundary,XXZX,6,06_Data_halfMagic_theta_0785_mu_013_bound_XXZX_rx005_ry010_rz000_xx013.qpy,data/executed_circuits/WH10/0785_013/06_Data_halfMagic_theta_0785_mu_013_bound_XXZX_rx005_ry010_rz000_xx013.qpy,38de04f167898728a728e05facbfeef8d7a5bd1f36cb42a6ed7d8651b54e95d7,holography-on-ionq/Testing flow/Circuits/Data_batch/WH/Data_0785_013/06_Data_halfMagic_theta_0785_mu_013_bound_XXZX_rx005_ry010_rz000_xx013.qpy,holography-on-ionq/Testing flow/wormhole_data_analysis.ipynb,WH10-D-C016,23a53462d3cc06e1,3,1500,1500
WH10,wh10_final_selected,0785_013,boundary,XXZY,7,07_Data_halfMagic_theta_0785_mu_013_bound_XXZY_rx005_ry010_rz000_xx013.qpy,data/executed_circuits/WH10/0785_013/07_Data_halfMagic_theta_0785_mu_013_bound_XXZY_rx005_ry010_rz000_xx013.qpy,e857a8ce9f0ab7d8bbec70005155014b1e62eb718404596ec8bef5ef0a777fa4,holography-on-ionq/Testing flow/Circuits/Data_batch/WH/Data_0785_013/07_Data_halfMagic_theta_0785_mu_013_bound_XXZY_rx005_ry010_rz000_xx013.qpy,holography-on-ionq/Testing flow/wormhole_data_analysis.ipynb,WH10-D-C016,23a53462d3cc06e1,3,1500,1500
WH10,wh10_final_selected,0785_013,boundary,XXZZ,8,08_Data_halfMagic_theta_0785_mu_013_bound_XXZZ_rx005_ry010_rz000_xx013.qpy,data/executed_circuits/WH10/0785_013/08_Data_halfMagic_theta_0785_mu_013_bound_XXZZ_rx005_ry010_rz000_xx013.qpy,75de4aff7b1eb835352fd557427a23ae02dd4818863b6cb135734c48fdb4d9a3,holography-on-ionq/Testing flow/Circuits/Data_batch/WH/Data_0785_013/08_Data_halfMagic_theta_0785_mu_013_bound_XXZZ_rx005_ry010_rz000_xx013.qpy,holography-on-ionq/Testing flow/wormhole_data_analysis.ipynb,WH10-D-C016,23a53462d3cc06e1,3,1500,1500
WH10,wh10_final_selected,0785_013,boundary,XYXX,9,09_Data_halfMagic_theta_0785_mu_013_bound_XYXX_rx005_ry010_rz000_xx013.qpy,data/executed_circuits/WH10/0785_013/09_Data_halfMagic_theta_0785_mu_013_bound_XYXX_rx005_ry010_rz000_xx013.qpy,78d59619d3c03d00ba20b7afc89946dafffe916669bc1fc08fb1d37aaa80fe03,holography-on-ionq/Testing flow/Circuits/Data_batch/WH/Data_0785_013/09_Data_halfMagic_theta_0785_mu_013_bound_XYXX_rx005_ry010_rz000_xx013.qpy,holography-on-ionq/Testing flow/wormhole_data_analysis.ipynb,WH10-D-C016,23a53462d3cc06e1,3,1500,1500
WH10,wh10_final_selected,0785_013,boundary,XYXY,10,10_Data_halfMagic_theta_0785_mu_013_bound_XYXY_rx005_ry010_rz000_xx013.qpy,data/executed_circuits/WH10/0785_013/10_Data_halfMagic_theta_0785_mu_013_bound_XYXY_rx005_ry010_rz000_xx013.qpy,2dccf1af260819555b0a200826a537a369923a18199ca01062cf9f7ae93391a2,holography-on-ionq/Testing flow/Circuits/Data_batch/WH/Data_0785_013/10_Data_halfMagic_theta_0785_mu_013_bound_XYXY_rx005_ry010_rz000_xx013.qpy,holography-on-ionq/Testing flow/wormhole_data_analysis.ipynb,WH10-D-C016,23a53462d3cc06e1,3,1500,1500
WH10,wh10_final_selected,0785_013,boundary,XYXZ,11,11_Data_halfMagic_theta_0785_mu_013_bound_XYXZ_rx005_ry010_rz000_xx013.qpy,data/executed_circuits/WH10/0785_013/11_Data_halfMagic_theta_0785_mu_013_bound_XYXZ_rx005_ry010_rz000_xx013.qpy,6b08fb79f8e922bc7d3dbda8220396c438b853f532fce14ec019011d2d868b09,holography-on-ionq/Testing flow/Circuits/Data_batch/WH/Data_0785_013/11_Data_halfMagic_theta_0785_mu_013_bound_XYXZ_rx005_ry010_rz000_xx013.qpy,holography-on-ionq/Testing flow/wormhole_data_analysis.ipynb,WH10-D-C016,23a53462d3cc06e1,3,1500,1500
WH10,wh10_final_selected,0785_013,boundary,XYYX,12,12_Data_halfMagic_theta_0785_mu_013_bound_XYYX_rx005_ry010_rz000_xx013.qpy,data/executed_circuits/WH10/0785_013/12_Data_halfMagic_theta_0785_mu_013_bound_XYYX_rx005_ry010_rz000_xx013.qpy,803178e62860bbff3c48affe67a2d0b53e7ad44b4a19bb7fef164e484c3fe601,holography-on-ionq/Testing flow/Circuits/Data_batch/WH/Data_0785_013/12_Data_halfMagic_theta_0785_mu_013_bound_XYYX_rx005_ry010_rz000_xx013.qpy,holography-on-ionq/Testing flow/wormhole_data_analysis.ipynb,WH10-D-C016,23a53462d3cc06e1,3,1500,1500
WH10,wh10_final_selected,0785_013,boundary,XYYY,13,13_Data_halfMagic_theta_0785_mu_013_bound_XYYY_rx005_ry010_rz000_xx013.qpy,data/executed_circuits/WH10/0785_013/13_Data_halfMagic_theta_0785_mu_013_bound_XYYY_rx005_ry010_rz000_xx013.qpy,1173d79e99343cc284355469a3afd74f5f4941e2394ccfb2daab686a8f0d08b6,holography-on-ionq/Testing flow/Circuits/Data_batch/WH/Data_0785_013/13_Data_halfMagic_theta_0785_mu_013_bound_XYYY_rx005_ry010_rz000_xx013.qpy,holography-on-ionq/Testing flow/wormhole_data_analysis.ipynb,WH10-D-C016,23a53462d3cc06e1,3,1500,1500
WH10,wh10_final_selected,0785_013,boundary,XYYZ,14,14_Data_halfMagic_theta_0785_mu_013_bound_XYYZ_rx005_ry010_rz000_xx013.qpy,data/executed_circuits/WH10/0785_013/14_Data_halfMagic_theta_0785_mu_013_bound_XYYZ_rx005_ry010_rz000_xx013.qpy,5794589ecee91d1a05f384753eedec4dc3ad5a9678a1b846ecadbcd6d0362240,holography-on-ionq/Testing flow/Circuits/Data_batch/WH/Data_0785_013/14_Data_halfMagic_theta_0785_mu_013_bound_XYYZ_rx005_ry010_rz000_xx013.qpy,holography-on-ionq/Testing flow/wormhole_data_analysis.ipynb,WH10-D-C016,23a53462d3cc06e1,3,1500,1500
WH10,wh10_final_selected,0785_013,boundary,XYZX,15,15_Data_halfMagic_theta_0785_mu_013_bound_XYZX_rx005_ry010_rz000_xx013.qpy,data/executed_circuits/WH10/0785_013/15_Data_halfMagic_theta_0785_mu_013_bound_XYZX_rx005_ry010_rz000_xx013.qpy,86c1f65db4e2a92dc8a39cb15535b6efe80ed5243191f7e5a443fee39af0e62b,holography-on-ionq/Testing flow/Circuits/Data_batch/WH/Data_0785_013/15_Data_halfMagic_theta_0785_mu_013_bound_XYZX_rx005_ry010_rz000_xx013.qpy,holography-on-ionq/Testing flow/wormhole_data_analysis.ipynb,WH10-D-C016,23a53462d3cc06e1,3,1500,1500
WH10,wh10_final_selected,0785_013,boundary,XYZY,16,16_Data_halfMagic_theta_0785_mu_013_bound_XYZY_rx005_ry010_rz000_xx013.qpy,data/executed_circuits/WH10/0785_013/16_Data_halfMagic_theta_0785_mu_013_bound_XYZY_rx005_ry010_rz000_xx013.qpy,0b1e464fd772e072be85371ef57c3fb5abb60594f810073b0bad21bea5199016,holography-on-ionq/Testing flow/Circuits/Data_batch/WH/Data_0785_013/16_Data_halfMagic_theta_0785_mu_013_bound_XYZY_rx005_ry010_rz000_xx013.qpy,holography-on-ionq/Testing flow/wormhole_data_analysis.ipynb,WH10-D-C016,23a53462d3cc06e1,3,1500,1500
WH10,wh10_final_selected,0785_013,boundary,XYZZ,17,17_Data_halfMagic_theta_0785_mu_013_bound_XYZZ_rx005_ry010_rz000_xx013.qpy,data/executed_circuits/WH10/0785_013/17_Data_halfMagic_theta_0785_mu_013_bound_XYZZ_rx005_ry010_rz000_xx013.qpy,8274d403db4fed5ff8de49242a66e105ede57387b727bc34328ab4a104b2887b,holography-on-ionq/Testing flow/Circuits/Data_batch/WH/Data_0785_013/17_Data_halfMagic_theta_0785_mu_013_bound_XYZZ_rx005_ry010_rz000_xx013.qpy,holography-on-ionq/Testing flow/wormhole_data_analysis.ipynb,WH10-D-C016,23a53462d3cc06e1,3,1500,1500
WH10,wh10_final_selected,0785_013,boundary,XZXX,18,18_Data_halfMagic_theta_0785_mu_013_bound_XZXX_rx005_ry010_rz000_xx013.qpy,data/executed_circuits/WH10/0785_013/18_Data_halfMagic_theta_0785_mu_013_bound_XZXX_rx005_ry010_rz000_xx013.qpy,27f94ac431bf6201ca7ab10d9769642923cd5982572e5158ec6de0000f80b82b,holography-on-ionq/Testing flow/Circuits/Data_batch/WH/Data_0785_013/18_Data_halfMagic_theta_0785_mu_013_bound_XZXX_rx005_ry010_rz000_xx013.qpy,holography-on-ionq/Testing flow/wormhole_data_analysis.ipynb,WH10-D-C016,23a53462d3cc06e1,3,1500,1500
WH10,wh10_final_selected,0785_013,boundary,XZXY,19,19_Data_halfMagic_theta_0785_mu_013_bound_XZXY_rx005_ry010_rz000_xx013.qpy,data/executed_circuits/WH10/0785_013/19_Data_halfMagic_theta_0785_mu_013_bound_XZXY_rx005_ry010_rz000_xx013.qpy,b2883fa284693e297eedbbcdc29d6c14dc43718d0e9738184e83087b8fbb04d9,holography-on-ionq/Testing flow/Circuits/Data_batch/WH/Data_0785_013/19_Data_halfMagic_theta_0785_mu_013_bound_XZXY_rx005_ry010_rz000_xx013.qpy,holography-on-ionq/Testing flow/wormhole_data_analysis.ipynb,WH10-D-C016,23a53462d3cc06e1,3,1500,1500
WH10,wh10_final_selected,0785_013,boundary,XZXZ,20,20_Data_halfMagic_theta_0785_mu_013_bound_XZXZ_rx005_ry010_rz000_xx013.qpy,data/executed_circuits/WH10/0785_013/20_Data_halfMagic_theta_0785_mu_013_bound_XZXZ_rx005_ry010_rz000_xx013.qpy,af5c4f8171356956f3c1432839842431dd68b990eec13d8056ad23fddaa2c459,holography-on-ionq/Testing flow/Circuits/Data_batch/WH/Data_0785_013/20_Data_halfMagic_theta_0785_mu_013_bound_XZXZ_rx005_ry010_rz000_xx013.qpy,holography-on-ionq/Testing flow/wormhole_data_analysis.ipynb,WH10-D-C016,23a53462d3cc06e1,3,1500,1500
WH10,wh10_final_selected,0785_013,boundary,XZYX,21,21_Data_halfMagic_theta_0785_mu_013_bound_XZYX_rx005_ry010_rz000_xx013.qpy,data/executed_circuits/WH10/0785_013/21_Data_halfMagic_theta_0785_mu_013_bound_XZYX_rx005_ry010_rz000_xx013.qpy,f0203885adb974cea38ccaa01542b3f788e042020a119095e5fa7b1cfc65ea08,holography-on-ionq/Testing flow/Circuits/Data_batch/WH/Data_0785_013/21_Data_halfMagic_theta_0785_mu_013_bound_XZYX_rx005_ry010_rz000_xx013.qpy,holography-on-ionq/Testing flow/wormhole_data_analysis.ipynb,WH10-D-C016,23a53462d3cc06e1,3,1500,1500
WH10,wh10_final_selected,0785_013,boundary,XZYY,22,22_Data_halfMagic_theta_0785_mu_013_bound_XZYY_rx005_ry010_rz000_xx013.qpy,data/executed_circuits/WH10/0785_013/22_Data_halfMagic_theta_0785_mu_013_bound_XZYY_rx005_ry010_rz000_xx013.qpy,a901737bcbd2d64b984229d18932b16713f0d081afda04307575e64243dd757a,holography-on-ionq/Testing flow/Circuits/Data_batch/WH/Data_0785_013/22_Data_halfMagic_theta_0785_mu_013_bound_XZYY_rx005_ry010_rz000_xx013.qpy,holography-on-ionq/Testing flow/wormhole_data_analysis.ipynb,WH10-D-C016,23a53462d3cc06e1,3,1500,1500
WH10,wh10_final_selected,0785_013,boundary,XZYZ,23,23_Data_halfMagic_theta_0785_mu_013_bound_XZYZ_rx005_ry010_rz000_xx013.qpy,data/executed_circuits/WH10/0785_013/23_Data_halfMagic_theta_0785_mu_013_bound_XZYZ_rx005_ry010_rz000_xx013.qpy,7ea69bcf39495916bbd75d3cf187d61d89c7ec86654d5029dc8ea7a927214233,holography-on-ionq/Testing flow/Circuits/Data_batch/WH/Data_0785_013/23_Data_halfMagic_theta_0785_mu_013_bound_XZYZ_rx005_ry010_rz000_xx013.qpy,holography-on-ionq/Testing flow/wormhole_data_analysis.ipynb,WH10-D-C016,23a53462d3cc06e1,3,1500,1500
WH10,wh10_final_selected,0785_013,boundary,XZZX,24,24_Data_halfMagic_theta_0785_mu_013_bound_XZZX_rx005_ry010_rz000_xx013.qpy,data/executed_circuits/WH10/0785_013/24_Data_halfMagic_theta_0785_mu_013_bound_XZZX_rx005_ry010_rz000_xx013.qpy,4979cdb6f529563f7a3629fcc3476cc9be92e5f5a56a55c5868e9d7ba46461a5,holography-on-ionq/Testing flow/Circuits/Data_batch/WH/Data_0785_013/24_Data_halfMagic_theta_0785_mu_013_bound_XZZX_rx005_ry010_rz000_xx013.qpy,holography-on-ionq/Testing flow/wormhole_data_analysis.ipynb,WH10-D-C016,23a53462d3cc06e1,3,1500,1500
WH10,wh10_final_selected,0785_013,boundary,XZZY,25,25_Data_halfMagic_theta_0785_mu_013_bound_XZZY_rx005_ry010_rz000_xx013.qpy,data/executed_circuits/WH10/0785_013/25_Data_halfMagic_theta_0785_mu_013_bound_XZZY_rx005_ry010_rz000_xx013.qpy,56191165c8760fbd7d5d034f43b20b8f59b60cf4f7d1423604b053b946829ea6,holography-on-ionq/Testing flow/Circuits/Data_batch/WH/Data_0785_013/25_Data_halfMagic_theta_0785_mu_013_bound_XZZY_rx005_ry010_rz000_xx013.qpy,holography-on-ionq/Testing flow/wormhole_data_analysis.ipynb,WH10-D-C016,23a53462d3cc06e1,3,1500,1500
WH10,wh10_final_selected,0785_013,boundary,XZZZ,26,26_Data_halfMagic_theta_0785_mu_013_bound_XZZZ_rx005_ry010_rz000_xx013.qpy,data/executed_circuits/WH10/0785_013/26_Data_halfMagic_theta_0785_mu_013_bound_XZZZ_rx005_ry010_rz000_xx013.qpy,9401e51235b6d730e23fa1f182131ffd682da0d35f20878307aad12c6cc5963a,holography-on-ionq/Testing flow/Circuits/Data_batch/WH/Data_0785_013/26_Data_halfMagic_theta_0785_mu_013_bound_XZZZ_rx005_ry010_rz000_xx013.qpy,holography-on-ionq/Testing flow/wormhole_data_analysis.ipynb,WH10-D-C016,23a53462d3cc06e1,3,1500,1500
WH10,wh10_final_selected,0785_013,boundary,YXXX,27,27_Data_halfMagic_theta_0785_mu_013_bound_YXXX_rx005_ry010_rz000_xx013.qpy,data/executed_circuits/WH10/0785_013/27_Data_halfMagic_theta_0785_mu_013_bound_YXXX_rx005_ry010_rz000_xx013.qpy,00e7c0f4e27c74ff7291c8f31c323fd3c61ffa4c0d495e1271cb511aaed64731,holography-on-ionq/Testing flow/Circuits/Data_batch/WH/Data_0785_013/27_Data_halfMagic_theta_0785_mu_013_bound_YXXX_rx005_ry010_rz000_xx013.qpy,holography-on-ionq/Testing flow/wormhole_data_analysis.ipynb,WH10-D-C016,23a53462d3cc06e1,3,1500,1500
WH10,wh10_final_selected,0785_013,boundary,YXXY,28,28_Data_halfMagic_theta_0785_mu_013_bound_YXXY_rx005_ry010_rz000_xx013.qpy,data/executed_circuits/WH10/0785_013/28_Data_halfMagic_theta_0785_mu_013_bound_YXXY_rx005_ry010_rz000_xx013.qpy,5945c98ef1020d689d46a07baf48a743ecf115e8d91b99beb6d76a2dec53cae3,holography-on-ionq/Testing flow/Circuits/Data_batch/WH/Data_0785_013/28_Data_halfMagic_theta_0785_mu_013_bound_YXXY_rx005_ry010_rz000_xx013.qpy,holography-on-ionq/Testing flow/wormhole_data_analysis.ipynb,WH10-D-C016,23a53462d3cc06e1,3,1500,1500
WH10,wh10_final_selected,0785_013,boundary,YXXZ,29,29_Data_halfMagic_theta_0785_mu_013_bound_YXXZ_rx005_ry010_rz000_xx013.qpy,data/executed_circuits/WH10/0785_013/29_Data_halfMagic_theta_0785_mu_013_bound_YXXZ_rx005_ry010_rz000_xx013.qpy,8b22dcf86cb6e429533d1522385f1101365dbb59966460d952eaa483dab960f9,holography-on-ionq/Testing flow/Circuits/Data_batch/WH/Data_0785_013/29_Data_halfMagic_theta_0785_mu_013_bound_YXXZ_rx005_ry010_rz000_xx013.qpy,holography-on-ionq/Testing flow/wormhole_data_analysis.ipynb,WH10-D-C016,23a53462d3cc06e1,3,1500,1500
WH10,wh10_final_selected,0785_013,boundary,YXYX,30,30_Data_halfMagic_theta_0785_mu_013_bound_YXYX_rx005_ry010_rz000_xx013.qpy,data/executed_circuits/WH10/0785_013/30_Data_halfMagic_theta_0785_mu_013_bound_YXYX_rx005_ry010_rz000_xx013.qpy,f2c00eb305032de87a1c4d7a543d82b2d320f69a1666b7c69c1c9ee54df47390,holography-on-ionq/Testing flow/Circuits/Data_batch/WH/Data_0785_013/30_Data_halfMagic_theta_0785_mu_013_bound_YXYX_rx005_ry010_rz000_xx013.qpy,holography-on-ionq/Testing flow/wormhole_data_analysis.ipynb,WH10-D-C016,23a53462d3cc06e1,3,1500,1500
WH10,wh10_final_selected,0785_013,boundary,YXYY,31,31_Data_halfMagic_theta_0785_mu_013_bound_YXYY_rx005_ry010_rz000_xx013.qpy,data/executed_circuits/WH10/0785_013/31_Data_halfMagic_theta_0785_mu_013_bound_YXYY_rx005_ry010_rz000_xx013.qpy,c7daea386bacbc09e53bbe00a18d914052b32b6cf60376551c5253782d91fc0c,holography-on-ionq/Testing flow/Circuits/Data_batch/WH/Data_0785_013/31_Data_halfMagic_theta_0785_mu_013_bound_YXYY_rx005_ry010_rz000_xx013.qpy,holography-on-ionq/Testing flow/wormhole_data_analysis.ipynb,WH10-D-C016,23a53462d3cc06e1,3,1500,1500
WH10,wh10_final_selected,0785_013,boundary,YXYZ,32,32_Data_halfMagic_theta_0785_mu_013_bound_YXYZ_rx005_ry010_rz000_xx013.qpy,data/executed_circuits/WH10/0785_013/32_Data_halfMagic_theta_0785_mu_013_bound_YXYZ_rx005_ry010_rz000_xx013.qpy,e43c2266c898bff39cc9f9541bbac24f30eeb9321412bd6c85e4fde8e341d717,holography-on-ionq/Testing flow/Circuits/Data_batch/WH/Data_0785_013/32_Data_halfMagic_theta_0785_mu_013_bound_YXYZ_rx005_ry010_rz000_xx013.qpy,holography-on-ionq/Testing flow/wormhole_data_analysis.ipynb,WH10-D-C016,23a53462d3cc06e1,3,1500,1500
WH10,wh10_final_selected,0785_013,boundary,YXZX,33,33_Data_halfMagic_theta_0785_mu_013_bound_YXZX_rx005_ry010_rz000_xx013.qpy,data/executed_circuits/WH10/0785_013/33_Data_halfMagic_theta_0785_mu_013_bound_YXZX_rx005_ry010_rz000_xx013.qpy,fce7c424f141877f2ea7f78e2a63f2e1e721d08a88cfb6756a9a4c3731f27a41,holography-on-ionq/Testing flow/Circuits/Data_batch/WH/Data_0785_013/33_Data_halfMagic_theta_0785_mu_013_bound_YXZX_rx005_ry010_rz000_xx013.qpy,holography-on-ionq/Testing flow/wormhole_data_analysis.ipynb,WH10-D-C016,23a53462d3cc06e1,3,1500,1500
WH10,wh10_final_selected,0785_013,boundary,YXZY,34,34_Data_halfMagic_theta_0785_mu_013_bound_YXZY_rx005_ry010_rz000_xx013.qpy,data/executed_circuits/WH10/0785_013/34_Data_halfMagic_theta_0785_mu_013_bound_YXZY_rx005_ry010_rz000_xx013.qpy,9e9fdb58b118427f980fa296dfb43ad9c5fba2b4b25d8fbc36f96685ee9268da,holography-on-ionq/Testing flow/Circuits/Data_batch/WH/Data_0785_013/34_Data_halfMagic_theta_0785_mu_013_bound_YXZY_rx005_ry010_rz000_xx013.qpy,holography-on-ionq/Testing flow/wormhole_data_analysis.ipynb,WH10-D-C016,23a53462d3cc06e1,3,1500,1500
WH10,wh10_final_selected,0785_013,boundary,YXZZ,35,35_Data_halfMagic_theta_0785_mu_013_bound_YXZZ_rx005_ry010_rz000_xx013.qpy,data/executed_circuits/WH10/0785_013/35_Data_halfMagic_theta_0785_mu_013_bound_YXZZ_rx005_ry010_rz000_xx013.qpy,81b609256b2ef90173b3257b13ab50d322f4e0b57efd36c50e037e05542f8a6c,holography-on-ionq/Testing flow/Circuits/Data_batch/WH/Data_0785_013/35_Data_halfMagic_theta_0785_mu_013_bound_YXZZ_rx005_ry010_rz000_xx013.qpy,holography-on-ionq/Testing flow/wormhole_data_analysis.ipynb,WH10-D-C016,23a53462d3cc06e1,3,1500,1500
WH10,wh10_final_selected,0785_013,boundary,YYXX,36,36_Data_halfMagic_theta_0785_mu_013_bound_YYXX_rx005_ry010_rz000_xx013.qpy,data/executed_circuits/WH10/0785_013/36_Data_halfMagic_theta_0785_mu_013_bound_YYXX_rx005_ry010_rz000_xx013.qpy,d26410f123971504ed75b532586a81653e5f19bf0726656ad33668e9fe9b5a1c,holography-on-ionq/Testing flow/Circuits/Data_batch/WH/Data_0785_013/36_Data_halfMagic_theta_0785_mu_013_bound_YYXX_rx005_ry010_rz000_xx013.qpy,holography-on-ionq/Testing flow/wormhole_data_analysis.ipynb,WH10-D-C016,23a53462d3cc06e1,3,1500,1500
WH10,wh10_final_selected,0785_013,boundary,YYXY,37,37_Data_halfMagic_theta_0785_mu_013_bound_YYXY_rx005_ry010_rz000_xx013.qpy,data/executed_circuits/WH10/0785_013/37_Data_halfMagic_theta_0785_mu_013_bound_YYXY_rx005_ry010_rz000_xx013.qpy,022be55d44e5a17ff7ec260e306ce81be4ab10ee333f42ebc1ee2d7839e8f12d,holography-on-ionq/Testing flow/Circuits/Data_batch/WH/Data_0785_013/37_Data_halfMagic_theta_0785_mu_013_bound_YYXY_rx005_ry010_rz000_xx013.qpy,holography-on-ionq/Testing flow/wormhole_data_analysis.ipynb,WH10-D-C016,23a53462d3cc06e1,3,1500,1500
WH10,wh10_final_selected,0785_013,boundary,YYXZ,38,38_Data_halfMagic_theta_0785_mu_013_bound_YYXZ_rx005_ry010_rz000_xx013.qpy,data/executed_circuits/WH10/0785_013/38_Data_halfMagic_theta_0785_mu_013_bound_YYXZ_rx005_ry010_rz000_xx013.qpy,9e3d3f9c15019354e2234615696bae8da4207a4c5c3b210a52a3b23ccaaad8b2,holography-on-ionq/Testing flow/Circuits/Data_batch/WH/Data_0785_013/38_Data_halfMagic_theta_0785_mu_013_bound_YYXZ_rx005_ry010_rz000_xx013.qpy,holography-on-ionq/Testing flow/wormhole_data_analysis.ipynb,WH10-D-C016,23a53462d3cc06e1,3,1500,1500
WH10,wh10_final_selected,0785_013,boundary,YYYX,39,39_Data_halfMagic_theta_0785_mu_013_bound_YYYX_rx005_ry010_rz000_xx013.qpy,data/executed_circuits/WH10/0785_013/39_Data_halfMagic_theta_0785_mu_013_bound_YYYX_rx005_ry010_rz000_xx013.qpy,e7ab41ca6fd2e75caafb01470827feacbfed92cf96f80914fe5da5531794dcdc,holography-on-ionq/Testing flow/Circuits/Data_batch/WH/Data_0785_013/39_Data_halfMagic_theta_0785_mu_013_bound_YYYX_rx005_ry010_rz000_xx013.qpy,holography-on-ionq/Testing flow/wormhole_data_analysis.ipynb,WH10-D-C016,23a53462d3cc06e1,3,1500,1500
WH10,wh10_final_selected,0785_013,boundary,YYYY,40,40_Data_halfMagic_theta_0785_mu_013_bound_YYYY_rx005_ry010_rz000_xx013.qpy,data/executed_circuits/WH10/0785_013/40_Data_halfMagic_theta_0785_mu_013_bound_YYYY_rx005_ry010_rz000_xx013.qpy,16999e37841e8a4eeb2c9484875e5ebe4f73a7002785073f551bc2d1b18aeaf5,holography-on-ionq/Testing flow/Circuits/Data_batch/WH/Data_0785_013/40_Data_halfMagic_theta_0785_mu_013_bound_YYYY_rx005_ry010_rz000_xx013.qpy,holography-on-ionq/Testing flow/wormhole_data_analysis.ipynb,WH10-D-C016,23a53462d3cc06e1,3,1500,1500
WH10,wh10_final_selected,0785_013,boundary,YYYZ,41,41_Data_halfMagic_theta_0785_mu_013_bound_YYYZ_rx005_ry010_rz000_xx013.qpy,data/executed_circuits/WH10/0785_013/41_Data_halfMagic_theta_0785_mu_013_bound_YYYZ_rx005_ry010_rz000_xx013.qpy,2d315087dd6c90138228e91505acc2fb80ca0c4e1576841068c43d1a789ff17f,holography-on-ionq/Testing flow/Circuits/Data_batch/WH/Data_0785_013/41_Data_halfMagic_theta_0785_mu_013_bound_YYYZ_rx005_ry010_rz000_xx013.qpy,holography-on-ionq/Testing flow/wormhole_data_analysis.ipynb,WH10-D-C016,23a53462d3cc06e1,3,1500,1500
WH10,wh10_final_selected,0785_013,boundary,YYZX,42,42_Data_halfMagic_theta_0785_mu_013_bound_YYZX_rx005_ry010_rz000_xx013.qpy,data/executed_circuits/WH10/0785_013/42_Data_halfMagic_theta_0785_mu_013_bound_YYZX_rx005_ry010_rz000_xx013.qpy,2bcbab03b233a6682eec72718c0ce8827b19f38d89addd4b4e44cb727104ad3f,holography-on-ionq/Testing flow/Circuits/Data_batch/WH/Data_0785_013/42_Data_halfMagic_theta_0785_mu_013_bound_YYZX_rx005_ry010_rz000_xx013.qpy,holography-on-ionq/Testing flow/wormhole_data_analysis.ipynb,WH10-D-C016,23a53462d3cc06e1,3,1500,1500
WH10,wh10_final_selected,0785_013,boundary,YYZY,43,43_Data_halfMagic_theta_0785_mu_013_bound_YYZY_rx005_ry010_rz000_xx013.qpy,data/executed_circuits/WH10/0785_013/43_Data_halfMagic_theta_0785_mu_013_bound_YYZY_rx005_ry010_rz000_xx013.qpy,63f303652c1505e479f36deacac7d40e7d983e9546ffa967d113d2db8be1b8a4,holography-on-ionq/Testing flow/Circuits/Data_batch/WH/Data_0785_013/43_Data_halfMagic_theta_0785_mu_013_bound_YYZY_rx005_ry010_rz000_xx013.qpy,holography-on-ionq/Testing flow/wormhole_data_analysis.ipynb,WH10-D-C016,23a53462d3cc06e1,3,1500,1500
WH10,wh10_final_selected,0785_013,boundary,YYZZ,44,44_Data_halfMagic_theta_0785_mu_013_bound_YYZZ_rx005_ry010_rz000_xx013.qpy,data/executed_circuits/WH10/0785_013/44_Data_halfMagic_theta_0785_mu_013_bound_YYZZ_rx005_ry010_rz000_xx013.qpy,e0a83e11a139edd7cad4480f8cae94589d6e47d0527a882e02766df2d2db9c41,holography-on-ionq/Testing flow/Circuits/Data_batch/WH/Data_0785_013/44_Data_halfMagic_theta_0785_mu_013_bound_YYZZ_rx005_ry010_rz000_xx013.qpy,holography-on-ionq/Testing flow/wormhole_data_analysis.ipynb,WH10-D-C016,23a53462d3cc06e1,3,1500,1500
WH10,wh10_final_selected,0785_013,boundary,YZXX,45,45_Data_halfMagic_theta_0785_mu_013_bound_YZXX_rx005_ry010_rz000_xx013.qpy,data/executed_circuits/WH10/0785_013/45_Data_halfMagic_theta_0785_mu_013_bound_YZXX_rx005_ry010_rz000_xx013.qpy,32b3ce9a57332a496a71f0475d529a99ea704d7755c32261f8d31eb95e6fe276,holography-on-ionq/Testing flow/Circuits/Data_batch/WH/Data_0785_013/45_Data_halfMagic_theta_0785_mu_013_bound_YZXX_rx005_ry010_rz000_xx013.qpy,holography-on-ionq/Testing flow/wormhole_data_analysis.ipynb,WH10-D-C016,23a53462d3cc06e1,3,1500,1500
WH10,wh10_final_selected,0785_013,boundary,YZXY,46,46_Data_halfMagic_theta_0785_mu_013_bound_YZXY_rx005_ry010_rz000_xx013.qpy,data/executed_circuits/WH10/0785_013/46_Data_halfMagic_theta_0785_mu_013_bound_YZXY_rx005_ry010_rz000_xx013.qpy,7b668227cae9923d1cf9e02c02224f9d63e53cd272c470e3d71886a0b75c7995,holography-on-ionq/Testing flow/Circuits/Data_batch/WH/Data_0785_013/46_Data_halfMagic_theta_0785_mu_013_bound_YZXY_rx005_ry010_rz000_xx013.qpy,holography-on-ionq/Testing flow/wormhole_data_analysis.ipynb,WH10-D-C016,23a53462d3cc06e1,3,1500,1500
WH10,wh10_final_selected,0785_013,boundary,YZXZ,47,47_Data_halfMagic_theta_0785_mu_013_bound_YZXZ_rx005_ry010_rz000_xx013.qpy,data/executed_circuits/WH10/0785_013/47_Data_halfMagic_theta_0785_mu_013_bound_YZXZ_rx005_ry010_rz000_xx013.qpy,cc0e5d3ed2dc41658f101a104593dc09653c6205191a85ac695b208141d13c5d,holography-on-ionq/Testing flow/Circuits/Data_batch/WH/Data_0785_013/47_Data_halfMagic_theta_0785_mu_013_bound_YZXZ_rx005_ry010_rz000_xx013.qpy,holography-on-ionq/Testing flow/wormhole_data_analysis.ipynb,WH10-D-C016,23a53462d3cc06e1,3,1500,1500
WH10,wh10_final_selected,0785_013,boundary,YZYX,48,48_Data_halfMagic_theta_0785_mu_013_bound_YZYX_rx005_ry010_rz000_xx013.qpy,data/executed_circuits/WH10/0785_013/48_Data_halfMagic_theta_0785_mu_013_bound_YZYX_rx005_ry010_rz000_xx013.qpy,62b041951bfb20dfecdb54d91f65664415b5b4a4d9fab860f5f7599795e00a13,holography-on-ionq/Testing flow/Circuits/Data_batch/WH/Data_0785_013/48_Data_halfMagic_theta_0785_mu_013_bound_YZYX_rx005_ry010_rz000_xx013.qpy,holography-on-ionq/Testing flow/wormhole_data_analysis.ipynb,WH10-D-C016,23a53462d3cc06e1,3,1500,1500
WH10,wh10_final_selected,0785_013,boundary,YZYY,49,49_Data_halfMagic_theta_0785_mu_013_bound_YZYY_rx005_ry010_rz000_xx013.qpy,data/executed_circuits/WH10/0785_013/49_Data_halfMagic_theta_0785_mu_013_bound_YZYY_rx005_ry010_rz000_xx013.qpy,418d723f96663b41288f36e881d74c5186c0832dc9c1cae1e8678765a4197c47,holography-on-ionq/Testing flow/Circuits/Data_batch/WH/Data_0785_013/49_Data_halfMagic_theta_0785_mu_013_bound_YZYY_rx005_ry010_rz000_xx013.qpy,holography-on-ionq/Testing flow/wormhole_data_analysis.ipynb,WH10-D-C016,23a53462d3cc06e1,3,1500,1500
WH10,wh10_final_selected,0785_013,boundary,YZYZ,50,50_Data_halfMagic_theta_0785_mu_013_bound_YZYZ_rx005_ry010_rz000_xx013.qpy,data/executed_circuits/WH10/0785_013/50_Data_halfMagic_theta_0785_mu_013_bound_YZYZ_rx005_ry010_rz000_xx013.qpy,1808289eecdc4ca18d470a17e6472d4caea59d58b81d461afd9dddb7e0c6b1a7,holography-on-ionq/Testing flow/Circuits/Data_batch/WH/Data_0785_013/50_Data_halfMagic_theta_0785_mu_013_bound_YZYZ_rx005_ry010_rz000_xx013.qpy,holography-on-ionq/Testing flow/wormhole_data_analysis.ipynb,WH10-D-C016,23a53462d3cc06e1,3,1500,1500
WH10,wh10_final_selected,0785_013,boundary,YZZX,51,51_Data_halfMagic_theta_0785_mu_013_bound_YZZX_rx005_ry010_rz000_xx013.qpy,data/executed_circuits/WH10/0785_013/51_Data_halfMagic_theta_0785_mu_013_bound_YZZX_rx005_ry010_rz000_xx013.qpy,39ade5e35a44f1a01e12b1458b0a4d730be4762d9f9f239469de8d4eda5919ce,holography-on-ionq/Testing flow/Circuits/Data_batch/WH/Data_0785_013/51_Data_halfMagic_theta_0785_mu_013_bound_YZZX_rx005_ry010_rz000_xx013.qpy,holography-on-ionq/Testing flow/wormhole_data_analysis.ipynb,WH10-D-C016,23a53462d3cc06e1,3,1500,1500
WH10,wh10_final_selected,0785_013,boundary,YZZY,52,52_Data_halfMagic_theta_0785_mu_013_bound_YZZY_rx005_ry010_rz000_xx013.qpy,data/executed_circuits/WH10/0785_013/52_Data_halfMagic_theta_0785_mu_013_bound_YZZY_rx005_ry010_rz000_xx013.qpy,15b33948f3949d96c0b428bd9d227f19138fead9f6550458e43a6540c33fe435,holography-on-ionq/Testing flow/Circuits/Data_batch/WH/Data_0785_013/52_Data_halfMagic_theta_0785_mu_013_bound_YZZY_rx005_ry010_rz000_xx013.qpy,holography-on-ionq/Testing flow/wormhole_data_analysis.ipynb,WH10-D-C016,23a53462d3cc06e1,3,1500,1500
WH10,wh10_final_selected,0785_013,boundary,YZZZ,53,53_Data_halfMagic_theta_0785_mu_013_bound_YZZZ_rx005_ry010_rz000_xx013.qpy,data/executed_circuits/WH10/0785_013/53_Data_halfMagic_theta_0785_mu_013_bound_YZZZ_rx005_ry010_rz000_xx013.qpy,287f765d43926a9a8d08318e62c869c49c285a05b3683cd7c85100a23ccce079,holography-on-ionq/Testing flow/Circuits/Data_batch/WH/Data_0785_013/53_Data_halfMagic_theta_0785_mu_013_bound_YZZZ_rx005_ry010_rz000_xx013.qpy,holography-on-ionq/Testing flow/wormhole_data_analysis.ipynb,WH10-D-C016,23a53462d3cc06e1,3,1500,1500
WH10,wh10_final_selected,0785_013,boundary,ZXXX,54,54_Data_halfMagic_theta_0785_mu_013_bound_ZXXX_rx005_ry010_rz000_xx013.qpy,data/executed_circuits/WH10/0785_013/54_Data_halfMagic_theta_0785_mu_013_bound_ZXXX_rx005_ry010_rz000_xx013.qpy,bc7f199c93ca41d8f57122bc7dcf953a46ef2d7b9a4b979dd0f6e56c5f914548,holography-on-ionq/Testing flow/Circuits/Data_batch/WH/Data_0785_013/54_Data_halfMagic_theta_0785_mu_013_bound_ZXXX_rx005_ry010_rz000_xx013.qpy,holography-on-ionq/Testing flow/wormhole_data_analysis.ipynb,WH10-D-C016,23a53462d3cc06e1,3,1500,1500
WH10,wh10_final_selected,0785_013,boundary,ZXXY,55,55_Data_halfMagic_theta_0785_mu_013_bound_ZXXY_rx005_ry010_rz000_xx013.qpy,data/executed_circuits/WH10/0785_013/55_Data_halfMagic_theta_0785_mu_013_bound_ZXXY_rx005_ry010_rz000_xx013.qpy,ae4fbbce56f0e81848d3d56cb6a354aee95b0041bf94ad6aacbf25c33541d288,holography-on-ionq/Testing flow/Circuits/Data_batch/WH/Data_0785_013/55_Data_halfMagic_theta_0785_mu_013_bound_ZXXY_rx005_ry010_rz000_xx013.qpy,holography-on-ionq/Testing flow/wormhole_data_analysis.ipynb,WH10-D-C016,23a53462d3cc06e1,3,1500,1500
WH10,wh10_final_selected,0785_013,boundary,ZXXZ,56,56_Data_halfMagic_theta_0785_mu_013_bound_ZXXZ_rx005_ry010_rz000_xx013.qpy,data/executed_circuits/WH10/0785_013/56_Data_halfMagic_theta_0785_mu_013_bound_ZXXZ_rx005_ry010_rz000_xx013.qpy,d342b40842519fa47cc2fe9dc99e774e298194fcf5f582e9e73c7485ce1ce324,holography-on-ionq/Testing flow/Circuits/Data_batch/WH/Data_0785_013/56_Data_halfMagic_theta_0785_mu_013_bound_ZXXZ_rx005_ry010_rz000_xx013.qpy,holography-on-ionq/Testing flow/wormhole_data_analysis.ipynb,WH10-D-C016,23a53462d3cc06e1,3,1500,1500
WH10,wh10_final_selected,0785_013,boundary,ZXYX,57,57_Data_halfMagic_theta_0785_mu_013_bound_ZXYX_rx005_ry010_rz000_xx013.qpy,data/executed_circuits/WH10/0785_013/57_Data_halfMagic_theta_0785_mu_013_bound_ZXYX_rx005_ry010_rz000_xx013.qpy,5bcb7d2a18a800189e64f0d51272dadd0d56ce5a5cf6251834199e53e1b6cb9e,holography-on-ionq/Testing flow/Circuits/Data_batch/WH/Data_0785_013/57_Data_halfMagic_theta_0785_mu_013_bound_ZXYX_rx005_ry010_rz000_xx013.qpy,holography-on-ionq/Testing flow/wormhole_data_analysis.ipynb,WH10-D-C016,23a53462d3cc06e1,3,1500,1500
WH10,wh10_final_selected,0785_013,boundary,ZXYY,58,58_Data_halfMagic_theta_0785_mu_013_bound_ZXYY_rx005_ry010_rz000_xx013.qpy,data/executed_circuits/WH10/0785_013/58_Data_halfMagic_theta_0785_mu_013_bound_ZXYY_rx005_ry010_rz000_xx013.qpy,45a916d633d82fcb4d3801755603b349697714ac77ec10638539aa60cc9afba5,holography-on-ionq/Testing flow/Circuits/Data_batch/WH/Data_0785_013/58_Data_halfMagic_theta_0785_mu_013_bound_ZXYY_rx005_ry010_rz000_xx013.qpy,holography-on-ionq/Testing flow/wormhole_data_analysis.ipynb,WH10-D-C016,23a53462d3cc06e1,3,1500,1500
WH10,wh10_final_selected,0785_013,boundary,ZXYZ,59,59_Data_halfMagic_theta_0785_mu_013_bound_ZXYZ_rx005_ry010_rz000_xx013.qpy,data/executed_circuits/WH10/0785_013/59_Data_halfMagic_theta_0785_mu_013_bound_ZXYZ_rx005_ry010_rz000_xx013.qpy,a2ced0a8e810708a57fc3a32806020a292bc3594ed96fb26e1cd160ecfd996ab,holography-on-ionq/Testing flow/Circuits/Data_batch/WH/Data_0785_013/59_Data_halfMagic_theta_0785_mu_013_bound_ZXYZ_rx005_ry010_rz000_xx013.qpy,holography-on-ionq/Testing flow/wormhole_data_analysis.ipynb,WH10-D-C016,23a53462d3cc06e1,3,1500,1500
WH10,wh10_final_selected,0785_013,boundary,ZXZX,60,60_Data_halfMagic_theta_0785_mu_013_bound_ZXZX_rx005_ry010_rz000_xx013.qpy,data/executed_circuits/WH10/0785_013/60_Data_halfMagic_theta_0785_mu_013_bound_ZXZX_rx005_ry010_rz000_xx013.qpy,3e192a5a523eeae1efc2c5528da7b127cc4c7ea82050acdb66d813e5753525f2,holography-on-ionq/Testing flow/Circuits/Data_batch/WH/Data_0785_013/60_Data_halfMagic_theta_0785_mu_013_bound_ZXZX_rx005_ry010_rz000_xx013.qpy,holography-on-ionq/Testing flow/wormhole_data_analysis.ipynb,WH10-D-C016,23a53462d3cc06e1,3,1500,1500
WH10,wh10_final_selected,0785_013,boundary,ZXZY,61,61_Data_halfMagic_theta_0785_mu_013_bound_ZXZY_rx005_ry010_rz000_xx013.qpy,data/executed_circuits/WH10/0785_013/61_Data_halfMagic_theta_0785_mu_013_bound_ZXZY_rx005_ry010_rz000_xx013.qpy,3352e39a28d42c39ac849974740ced125546884dad60d709311f6176e0ac3cf0,holography-on-ionq/Testing flow/Circuits/Data_batch/WH/Data_0785_013/61_Data_halfMagic_theta_0785_mu_013_bound_ZXZY_rx005_ry010_rz000_xx013.qpy,holography-on-ionq/Testing flow/wormhole_data_analysis.ipynb,WH10-D-C016,23a53462d3cc06e1,3,1500,1500
WH10,wh10_final_selected,0785_013,boundary,ZXZZ,62,62_Data_halfMagic_theta_0785_mu_013_bound_ZXZZ_rx005_ry010_rz000_xx013.qpy,data/executed_circuits/WH10/0785_013/62_Data_halfMagic_theta_0785_mu_013_bound_ZXZZ_rx005_ry010_rz000_xx013.qpy,3aefec88e59d8ebdbd37fa55b341fa5fb354f588def689b1030e70fe038d18c1,holography-on-ionq/Testing flow/Circuits/Data_batch/WH/Data_0785_013/62_Data_halfMagic_theta_0785_mu_013_bound_ZXZZ_rx005_ry010_rz000_xx013.qpy,holography-on-ionq/Testing flow/wormhole_data_analysis.ipynb,WH10-D-C016,23a53462d3cc06e1,3,1500,1500
WH10,wh10_final_selected,0785_013,boundary,ZYXX,63,63_Data_halfMagic_theta_0785_mu_013_bound_ZYXX_rx005_ry010_rz000_xx013.qpy,data/executed_circuits/WH10/0785_013/63_Data_halfMagic_theta_0785_mu_013_bound_ZYXX_rx005_ry010_rz000_xx013.qpy,8e096cda9639546a480387b202e9496e397db8db1bdba5fb1817d8307e8b1bbb,holography-on-ionq/Testing flow/Circuits/Data_batch/WH/Data_0785_013/63_Data_halfMagic_theta_0785_mu_013_bound_ZYXX_rx005_ry010_rz000_xx013.qpy,holography-on-ionq/Testing flow/wormhole_data_analysis.ipynb,WH10-D-C016,23a53462d3cc06e1,3,1500,1500
WH10,wh10_final_selected,0785_013,boundary,ZYXY,64,64_Data_halfMagic_theta_0785_mu_013_bound_ZYXY_rx005_ry010_rz000_xx013.qpy,data/executed_circuits/WH10/0785_013/64_Data_halfMagic_theta_0785_mu_013_bound_ZYXY_rx005_ry010_rz000_xx013.qpy,4ce34b9f4d974487f0e23a7e3af577ab3b835b73dd5673ebb6fbdbf91c762bb3,holography-on-ionq/Testing flow/Circuits/Data_batch/WH/Data_0785_013/64_Data_halfMagic_theta_0785_mu_013_bound_ZYXY_rx005_ry010_rz000_xx013.qpy,holography-on-ionq/Testing flow/wormhole_data_analysis.ipynb,WH10-D-C016,23a53462d3cc06e1,3,1500,1500
WH10,wh10_final_selected,0785_013,boundary,ZYXZ,65,65_Data_halfMagic_theta_0785_mu_013_bound_ZYXZ_rx005_ry010_rz000_xx013.qpy,data/executed_circuits/WH10/0785_013/65_Data_halfMagic_theta_0785_mu_013_bound_ZYXZ_rx005_ry010_rz000_xx013.qpy,2efe7b97d6d97ac8ce2c8ab2da3c441f937175b133e89bf5fac5d4c965eb8cee,holography-on-ionq/Testing flow/Circuits/Data_batch/WH/Data_0785_013/65_Data_halfMagic_theta_0785_mu_013_bound_ZYXZ_rx005_ry010_rz000_xx013.qpy,holography-on-ionq/Testing flow/wormhole_data_analysis.ipynb,WH10-D-C016,23a53462d3cc06e1,3,1500,1500
WH10,wh10_final_selected,0785_013,boundary,ZYYX,66,66_Data_halfMagic_theta_0785_mu_013_bound_ZYYX_rx005_ry010_rz000_xx013.qpy,data/executed_circuits/WH10/0785_013/66_Data_halfMagic_theta_0785_mu_013_bound_ZYYX_rx005_ry010_rz000_xx013.qpy,8eeb1cc3f718ebf1f86d0fdbe0a741a9bc4f7df3ad4f8fc12c8a239da57fc79b,holography-on-ionq/Testing flow/Circuits/Data_batch/WH/Data_0785_013/66_Data_halfMagic_theta_0785_mu_013_bound_ZYYX_rx005_ry010_rz000_xx013.qpy,holography-on-ionq/Testing flow/wormhole_data_analysis.ipynb,WH10-D-C016,23a53462d3cc06e1,3,1500,1500
WH10,wh10_final_selected,0785_013,boundary,ZYYY,67,67_Data_halfMagic_theta_0785_mu_013_bound_ZYYY_rx005_ry010_rz000_xx013.qpy,data/executed_circuits/WH10/0785_013/67_Data_halfMagic_theta_0785_mu_013_bound_ZYYY_rx005_ry010_rz000_xx013.qpy,bba410b005012f55345eb75f5d85304c76d257ce7c63a82b310a34f06b6a2857,holography-on-ionq/Testing flow/Circuits/Data_batch/WH/Data_0785_013/67_Data_halfMagic_theta_0785_mu_013_bound_ZYYY_rx005_ry010_rz000_xx013.qpy,holography-on-ionq/Testing flow/wormhole_data_analysis.ipynb,WH10-D-C016,23a53462d3cc06e1,3,1500,1500
WH10,wh10_final_selected,0785_013,boundary,ZYYZ,68,68_Data_halfMagic_theta_0785_mu_013_bound_ZYYZ_rx005_ry010_rz000_xx013.qpy,data/executed_circuits/WH10/0785_013/68_Data_halfMagic_theta_0785_mu_013_bound_ZYYZ_rx005_ry010_rz000_xx013.qpy,3834704d34a2c2b095345a0aebbbc0a4cb9650f533c72726395ff3aa067c57dc,holography-on-ionq/Testing flow/Circuits/Data_batch/WH/Data_0785_013/68_Data_halfMagic_theta_0785_mu_013_bound_ZYYZ_rx005_ry010_rz000_xx013.qpy,holography-on-ionq/Testing flow/wormhole_data_analysis.ipynb,WH10-D-C016,23a53462d3cc06e1,3,1500,1500
WH10,wh10_final_selected,0785_013,boundary,ZYZX,69,69_Data_halfMagic_theta_0785_mu_013_bound_ZYZX_rx005_ry010_rz000_xx013.qpy,data/executed_circuits/WH10/0785_013/69_Data_halfMagic_theta_0785_mu_013_bound_ZYZX_rx005_ry010_rz000_xx013.qpy,844e81dd25f50fd55def591bfb19515af2f397f9fd62f5ce92685e537e792e1c,holography-on-ionq/Testing flow/Circuits/Data_batch/WH/Data_0785_013/69_Data_halfMagic_theta_0785_mu_013_bound_ZYZX_rx005_ry010_rz000_xx013.qpy,holography-on-ionq/Testing flow/wormhole_data_analysis.ipynb,WH10-D-C016,23a53462d3cc06e1,3,1500,1500
WH10,wh10_final_selected,0785_013,boundary,ZYZY,70,70_Data_halfMagic_theta_0785_mu_013_bound_ZYZY_rx005_ry010_rz000_xx013.qpy,data/executed_circuits/WH10/0785_013/70_Data_halfMagic_theta_0785_mu_013_bound_ZYZY_rx005_ry010_rz000_xx013.qpy,97169cd61d853bce1afb6e0440552d60cd37570ad03809838b0adf9f27ef40b4,holography-on-ionq/Testing flow/Circuits/Data_batch/WH/Data_0785_013/70_Data_halfMagic_theta_0785_mu_013_bound_ZYZY_rx005_ry010_rz000_xx013.qpy,holography-on-ionq/Testing flow/wormhole_data_analysis.ipynb,WH10-D-C016,23a53462d3cc06e1,3,1500,1500
WH10,wh10_final_selected,0785_013,boundary,ZYZZ,71,71_Data_halfMagic_theta_0785_mu_013_bound_ZYZZ_rx005_ry010_rz000_xx013.qpy,data/executed_circuits/WH10/0785_013/71_Data_halfMagic_theta_0785_mu_013_bound_ZYZZ_rx005_ry010_rz000_xx013.qpy,0c40538edf53782851d5913d6e5a32607fd39e2d13d3e49d87e78c814077ebce,holography-on-ionq/Testing flow/Circuits/Data_batch/WH/Data_0785_013/71_Data_halfMagic_theta_0785_mu_013_bound_ZYZZ_rx005_ry010_rz000_xx013.qpy,holography-on-ionq/Testing flow/wormhole_data_analysis.ipynb,WH10-D-C016,23a53462d3cc06e1,3,1500,1500
WH10,wh10_final_selected,0785_013,boundary,ZZXX,72,72_Data_halfMagic_theta_0785_mu_013_bound_ZZXX_rx005_ry010_rz000_xx013.qpy,data/executed_circuits/WH10/0785_013/72_Data_halfMagic_theta_0785_mu_013_bound_ZZXX_rx005_ry010_rz000_xx013.qpy,ec074b52ed84792a28930ecedb26ba3acf9ccb8c677ce636066c4e11af8b830a,holography-on-ionq/Testing flow/Circuits/Data_batch/WH/Data_0785_013/72_Data_halfMagic_theta_0785_mu_013_bound_ZZXX_rx005_ry010_rz000_xx013.qpy,holography-on-ionq/Testing flow/wormhole_data_analysis.ipynb,WH10-D-C016,23a53462d3cc06e1,3,1500,1500
WH10,wh10_final_selected,0785_013,boundary,ZZXY,73,73_Data_halfMagic_theta_0785_mu_013_bound_ZZXY_rx005_ry010_rz000_xx013.qpy,data/executed_circuits/WH10/0785_013/73_Data_halfMagic_theta_0785_mu_013_bound_ZZXY_rx005_ry010_rz000_xx013.qpy,e309c8c8d66c976ca775c0304c2ef279fa54d85ac82c8830ed84039725301f53,holography-on-ionq/Testing flow/Circuits/Data_batch/WH/Data_0785_013/73_Data_halfMagic_theta_0785_mu_013_bound_ZZXY_rx005_ry010_rz000_xx013.qpy,holography-on-ionq/Testing flow/wormhole_data_analysis.ipynb,WH10-D-C016,23a53462d3cc06e1,3,1500,1500
WH10,wh10_final_selected,0785_013,boundary,ZZXZ,74,74_Data_halfMagic_theta_0785_mu_013_bound_ZZXZ_rx005_ry010_rz000_xx013.qpy,data/executed_circuits/WH10/0785_013/74_Data_halfMagic_theta_0785_mu_013_bound_ZZXZ_rx005_ry010_rz000_xx013.qpy,d267dc85f51de235d77a2251b70baa02312936fec192eda293bf1d06f8c612fd,holography-on-ionq/Testing flow/Circuits/Data_batch/WH/Data_0785_013/74_Data_halfMagic_theta_0785_mu_013_bound_ZZXZ_rx005_ry010_rz000_xx013.qpy,holography-on-ionq/Testing flow/wormhole_data_analysis.ipynb,WH10-D-C016,23a53462d3cc06e1,3,1500,1500
WH10,wh10_final_selected,0785_013,boundary,ZZYX,75,75_Data_halfMagic_theta_0785_mu_013_bound_ZZYX_rx005_ry010_rz000_xx013.qpy,data/executed_circuits/WH10/0785_013/75_Data_halfMagic_theta_0785_mu_013_bound_ZZYX_rx005_ry010_rz000_xx013.qpy,a833a39bb51ab531303d61e2e4c77f2e06634f5a3451fc6f4afac7e25821c0c0,holography-on-ionq/Testing flow/Circuits/Data_batch/WH/Data_0785_013/75_Data_halfMagic_theta_0785_mu_013_bound_ZZYX_rx005_ry010_rz000_xx013.qpy,holography-on-ionq/Testing flow/wormhole_data_analysis.ipynb,WH10-D-C016,23a53462d3cc06e1,3,1500,1500
WH10,wh10_final_selected,0785_013,boundary,ZZYY,76,76_Data_halfMagic_theta_0785_mu_013_bound_ZZYY_rx005_ry010_rz000_xx013.qpy,data/executed_circuits/WH10/0785_013/76_Data_halfMagic_theta_0785_mu_013_bound_ZZYY_rx005_ry010_rz000_xx013.qpy,748c7264915a6fe0d62f58f7acc7266b33dfa0497fa8f31e9a725a43abdf3f98,holography-on-ionq/Testing flow/Circuits/Data_batch/WH/Data_0785_013/76_Data_halfMagic_theta_0785_mu_013_bound_ZZYY_rx005_ry010_rz000_xx013.qpy,holography-on-ionq/Testing flow/wormhole_data_analysis.ipynb,WH10-D-C016,23a53462d3cc06e1,3,1500,1500
WH10,wh10_final_selected,0785_013,boundary,ZZYZ,77,77_Data_halfMagic_theta_0785_mu_013_bound_ZZYZ_rx005_ry010_rz000_xx013.qpy,data/executed_circuits/WH10/0785_013/77_Data_halfMagic_theta_0785_mu_013_bound_ZZYZ_rx005_ry010_rz000_xx013.qpy,1330400eba283590a00a59a7e21a5ff8e5c9136d9a57a130002e3c15ed2b66d1,holography-on-ionq/Testing flow/Circuits/Data_batch/WH/Data_0785_013/77_Data_halfMagic_theta_0785_mu_013_bound_ZZYZ_rx005_ry010_rz000_xx013.qpy,holography-on-ionq/Testing flow/wormhole_data_analysis.ipynb,WH10-D-C016,23a53462d3cc06e1,3,1500,1500
WH10,wh10_final_selected,0785_013,boundary,ZZZX,78,78_Data_halfMagic_theta_0785_mu_013_bound_ZZZX_rx005_ry010_rz000_xx013.qpy,data/executed_circuits/WH10/0785_013/78_Data_halfMagic_theta_0785_mu_013_bound_ZZZX_rx005_ry010_rz000_xx013.qpy,3bfe897c5a7b4eb8ada8de2ed26f4af0a366bf4514b8622c27ee3a44f6c92666,holography-on-ionq/Testing flow/Circuits/Data_batch/WH/Data_0785_013/78_Data_halfMagic_theta_0785_mu_013_bound_ZZZX_rx005_ry010_rz000_xx013.qpy,holography-on-ionq/Testing flow/wormhole_data_analysis.ipynb,WH10-D-C016,23a53462d3cc06e1,3,1500,1500
WH10,wh10_final_selected,0785_013,boundary,ZZZY,79,79_Data_halfMagic_theta_0785_mu_013_bound_ZZZY_rx005_ry010_rz000_xx013.qpy,data/executed_circuits/WH10/0785_013/79_Data_halfMagic_theta_0785_mu_013_bound_ZZZY_rx005_ry010_rz000_xx013.qpy,408985fa61556999c0adf012326f7586c6114dccfa7862fc657f1dda1ea0fb68,holography-on-ionq/Testing flow/Circuits/Data_batch/WH/Data_0785_013/79_Data_halfMagic_theta_0785_mu_013_bound_ZZZY_rx005_ry010_rz000_xx013.qpy,holography-on-ionq/Testing flow/wormhole_data_analysis.ipynb,WH10-D-C016,23a53462d3cc06e1,3,1500,1500
WH10,wh10_final_selected,0785_013,boundary,ZZZZ,80,80_Data_halfMagic_theta_0785_mu_013_bound_ZZZZ_rx005_ry010_rz000_xx013.qpy,data/executed_circuits/WH10/0785_013/80_Data_halfMagic_theta_0785_mu_013_bound_ZZZZ_rx005_ry010_rz000_xx013.qpy,be69a53e6690f9f18cfa429e088860dca5f86a997c95f0537aa6ec55d1860aaa,holography-on-ionq/Testing flow/Circuits/Data_batch/WH/Data_0785_013/80_Data_halfMagic_theta_0785_mu_013_bound_ZZZZ_rx005_ry010_rz000_xx013.qpy,holography-on-ionq/Testing flow/wormhole_data_analysis.ipynb,WH10-D-C016,23a53462d3cc06e1,3,1500,1500
WH10,wh10_final_selected,0785_013,bulk,XX,81,81_Data_halfMagic_theta_0785_mu_013_bulk_XX_rx005_ry010_rz000_xx013.qpy,data/executed_circuits/WH10/0785_013/81_Data_halfMagic_theta_0785_mu_013_bulk_XX_rx005_ry010_rz000_xx013.qpy,73ee8064969fa619460df9a3bf45acd9e519be34056513981ae9889fbe585c14,holography-on-ionq/Testing flow/Circuits/Data_batch/WH/Data_0785_013/81_Data_halfMagic_theta_0785_mu_013_bulk_XX_rx005_ry010_rz000_xx013.qpy,holography-on-ionq/Testing flow/wormhole_data_analysis.ipynb,WH10-D-C016,23a53462d3cc06e1,3,1500,1500
WH10,wh10_final_selected,0785_013,bulk,XY,82,82_Data_halfMagic_theta_0785_mu_013_bulk_XY_rx005_ry010_rz000_xx013.qpy,data/executed_circuits/WH10/0785_013/82_Data_halfMagic_theta_0785_mu_013_bulk_XY_rx005_ry010_rz000_xx013.qpy,0b252e11d91bb7cec769a7deb852b17b62cd0c1bce2d4029ca71ad7688d708f8,holography-on-ionq/Testing flow/Circuits/Data_batch/WH/Data_0785_013/82_Data_halfMagic_theta_0785_mu_013_bulk_XY_rx005_ry010_rz000_xx013.qpy,holography-on-ionq/Testing flow/wormhole_data_analysis.ipynb,WH10-D-C016,23a53462d3cc06e1,3,1500,1500
WH10,wh10_final_selected,0785_013,bulk,XZ,83,83_Data_halfMagic_theta_0785_mu_013_bulk_XZ_rx005_ry010_rz000_xx013.qpy,data/executed_circuits/WH10/0785_013/83_Data_halfMagic_theta_0785_mu_013_bulk_XZ_rx005_ry010_rz000_xx013.qpy,87bcb200d996d23cfc29768fdc7d8c5c3b5d438f490bda5a2af4806ae6868afc,holography-on-ionq/Testing flow/Circuits/Data_batch/WH/Data_0785_013/83_Data_halfMagic_theta_0785_mu_013_bulk_XZ_rx005_ry010_rz000_xx013.qpy,holography-on-ionq/Testing flow/wormhole_data_analysis.ipynb,WH10-D-C016,23a53462d3cc06e1,3,1500,1500
WH10,wh10_final_selected,0785_013,bulk,YX,84,84_Data_halfMagic_theta_0785_mu_013_bulk_YX_rx005_ry010_rz000_xx013.qpy,data/executed_circuits/WH10/0785_013/84_Data_halfMagic_theta_0785_mu_013_bulk_YX_rx005_ry010_rz000_xx013.qpy,d15789d0ef2e21f405d38554da1dde8b476c71819d8e28537ad50ee5414c78fb,holography-on-ionq/Testing flow/Circuits/Data_batch/WH/Data_0785_013/84_Data_halfMagic_theta_0785_mu_013_bulk_YX_rx005_ry010_rz000_xx013.qpy,holography-on-ionq/Testing flow/wormhole_data_analysis.ipynb,WH10-D-C016,23a53462d3cc06e1,3,1500,1500
WH10,wh10_final_selected,0785_013,bulk,YY,85,85_Data_halfMagic_theta_0785_mu_013_bulk_YY_rx005_ry010_rz000_xx013.qpy,data/executed_circuits/WH10/0785_013/85_Data_halfMagic_theta_0785_mu_013_bulk_YY_rx005_ry010_rz000_xx013.qpy,61329c0ece90fc2347123bb49d3efec639bbede5b94e0def9eb0ce4487de87cc,holography-on-ionq/Testing flow/Circuits/Data_batch/WH/Data_0785_013/85_Data_halfMagic_theta_0785_mu_013_bulk_YY_rx005_ry010_rz000_xx013.qpy,holography-on-ionq/Testing flow/wormhole_data_analysis.ipynb,WH10-D-C016,23a53462d3cc06e1,3,1500,1500
WH10,wh10_final_selected,0785_013,bulk,YZ,86,86_Data_halfMagic_theta_0785_mu_013_bulk_YZ_rx005_ry010_rz000_xx013.qpy,data/executed_circuits/WH10/0785_013/86_Data_halfMagic_theta_0785_mu_013_bulk_YZ_rx005_ry010_rz000_xx013.qpy,41dc327d2d11c9d2535c492640c891287432c2e76e85713e456f5b02355a986e,holography-on-ionq/Testing flow/Circuits/Data_batch/WH/Data_0785_013/86_Data_halfMagic_theta_0785_mu_013_bulk_YZ_rx005_ry010_rz000_xx013.qpy,holography-on-ionq/Testing flow/wormhole_data_analysis.ipynb,WH10-D-C016,23a53462d3cc06e1,3,1500,1500
WH10,wh10_final_selected,0785_013,bulk,ZX,87,87_Data_halfMagic_theta_0785_mu_013_bulk_ZX_rx005_ry010_rz000_xx013.qpy,data/executed_circuits/WH10/0785_013/87_Data_halfMagic_theta_0785_mu_013_bulk_ZX_rx005_ry010_rz000_xx013.qpy,7c440a421a2b3e5b105be8602d27648e0098a754f12d8dd807a0d2d6c9f6050d,holography-on-ionq/Testing flow/Circuits/Data_batch/WH/Data_0785_013/87_Data_halfMagic_theta_0785_mu_013_bulk_ZX_rx005_ry010_rz000_xx013.qpy,holography-on-ionq/Testing flow/wormhole_data_analysis.ipynb,WH10-D-C016,23a53462d3cc06e1,3,1500,1500
WH10,wh10_final_selected,0785_013,bulk,ZY,88,88_Data_halfMagic_theta_0785_mu_013_bulk_ZY_rx005_ry010_rz000_xx013.qpy,data/executed_circuits/WH10/0785_013/88_Data_halfMagic_theta_0785_mu_013_bulk_ZY_rx005_ry010_rz000_xx013.qpy,cd73e22467749ddae76be58f2a317ca54f5d355b12cf6d3f9477c0eeb0ad661b,holography-on-ionq/Testing flow/Circuits/Data_batch/WH/Data_0785_013/88_Data_halfMagic_theta_0785_mu_013_bulk_ZY_rx005_ry010_rz000_xx013.qpy,holography-on-ionq/Testing flow/wormhole_data_analysis.ipynb,WH10-D-C016,23a53462d3cc06e1,3,1500,1500
WH10,wh10_final_selected,0785_013,bulk,ZZ,89,89_Data_halfMagic_theta_0785_mu_013_bulk_ZZ_rx005_ry010_rz000_xx013.qpy,data/executed_circuits/WH10/0785_013/89_Data_halfMagic_theta_0785_mu_013_bulk_ZZ_rx005_ry010_rz000_xx013.qpy,ffb9a2e4fe6346d6dd8454ec8627e5a1e2699cbfc5c3ed21359d4bdee5250268,holography-on-ionq/Testing flow/Circuits/Data_batch/WH/Data_0785_013/89_Data_halfMagic_theta_0785_mu_013_bulk_ZZ_rx005_ry010_rz000_xx013.qpy,holography-on-ionq/Testing flow/wormhole_data_analysis.ipynb,WH10-D-C016,23a53462d3cc06e1,3,1500,1500
WH10,wh10_final_selected,0785_027,boundary,XXXX,0,00_Data_withMagic_theta_0785_mu_027_bound_XXXX_rx010_ry020_rz000_xx027.qpy,data/executed_circuits/WH10/0785_027/00_Data_withMagic_theta_0785_mu_027_bound_XXXX_rx010_ry020_rz000_xx027.qpy,87851849402075fb4ea3ba8825a6a912710b4efd19ca70592d889c048633d370,holography-on-ionq/Testing flow/Circuits/Data_batch/WH/Data_0785_027/00_Data_withMagic_theta_0785_mu_027_bound_XXXX_rx010_ry020_rz000_xx027.qpy,holography-on-ionq/Testing flow/wormhole_data_analysis.ipynb,WH10-D-C016,23a53462d3cc06e1,3,1250,1250
WH10,wh10_final_selected,0785_027,boundary,XXXY,1,01_Data_withMagic_theta_0785_mu_027_bound_XXXY_rx010_ry020_rz000_xx027.qpy,data/executed_circuits/WH10/0785_027/01_Data_withMagic_theta_0785_mu_027_bound_XXXY_rx010_ry020_rz000_xx027.qpy,1af8c2c597fdd54cb88287726b8ab9191befa1e83bce2b62fcd2a0152d78a6cc,holography-on-ionq/Testing flow/Circuits/Data_batch/WH/Data_0785_027/01_Data_withMagic_theta_0785_mu_027_bound_XXXY_rx010_ry020_rz000_xx027.qpy,holography-on-ionq/Testing flow/wormhole_data_analysis.ipynb,WH10-D-C016,23a53462d3cc06e1,3,1250,1250
WH10,wh10_final_selected,0785_027,boundary,XXXZ,2,02_Data_withMagic_theta_0785_mu_027_bound_XXXZ_rx010_ry020_rz000_xx027.qpy,data/executed_circuits/WH10/0785_027/02_Data_withMagic_theta_0785_mu_027_bound_XXXZ_rx010_ry020_rz000_xx027.qpy,5e960b1a54cd049cd332a248a2c36206a7de5228ba2d56e189271dfcdf786682,holography-on-ionq/Testing flow/Circuits/Data_batch/WH/Data_0785_027/02_Data_withMagic_theta_0785_mu_027_bound_XXXZ_rx010_ry020_rz000_xx027.qpy,holography-on-ionq/Testing flow/wormhole_data_analysis.ipynb,WH10-D-C016,23a53462d3cc06e1,3,1250,1250
WH10,wh10_final_selected,0785_027,boundary,XXYX,3,03_Data_withMagic_theta_0785_mu_027_bound_XXYX_rx010_ry020_rz000_xx027.qpy,data/executed_circuits/WH10/0785_027/03_Data_withMagic_theta_0785_mu_027_bound_XXYX_rx010_ry020_rz000_xx027.qpy,d6be327921efb0c5d2b3eff4d53d7d9e7d53c3e4a8a0c01f81d538b09a7ce8e8,holography-on-ionq/Testing flow/Circuits/Data_batch/WH/Data_0785_027/03_Data_withMagic_theta_0785_mu_027_bound_XXYX_rx010_ry020_rz000_xx027.qpy,holography-on-ionq/Testing flow/wormhole_data_analysis.ipynb,WH10-D-C016,23a53462d3cc06e1,3,1250,1250
WH10,wh10_final_selected,0785_027,boundary,XXYY,4,04_Data_withMagic_theta_0785_mu_027_bound_XXYY_rx010_ry020_rz000_xx027.qpy,data/executed_circuits/WH10/0785_027/04_Data_withMagic_theta_0785_mu_027_bound_XXYY_rx010_ry020_rz000_xx027.qpy,8ee09ca91c2be3e9422c1d04795df0e8c384661da943ac1689f765b0c89f772d,holography-on-ionq/Testing flow/Circuits/Data_batch/WH/Data_0785_027/04_Data_withMagic_theta_0785_mu_027_bound_XXYY_rx010_ry020_rz000_xx027.qpy,holography-on-ionq/Testing flow/wormhole_data_analysis.ipynb,WH10-D-C016,23a53462d3cc06e1,3,1250,1250
WH10,wh10_final_selected,0785_027,boundary,XXYZ,5,05_Data_withMagic_theta_0785_mu_027_bound_XXYZ_rx010_ry020_rz000_xx027.qpy,data/executed_circuits/WH10/0785_027/05_Data_withMagic_theta_0785_mu_027_bound_XXYZ_rx010_ry020_rz000_xx027.qpy,4c6f16bde9448e56fce191afc8549145b7d46ed4554599caadd370e11173a361,holography-on-ionq/Testing flow/Circuits/Data_batch/WH/Data_0785_027/05_Data_withMagic_theta_0785_mu_027_bound_XXYZ_rx010_ry020_rz000_xx027.qpy,holography-on-ionq/Testing flow/wormhole_data_analysis.ipynb,WH10-D-C016,23a53462d3cc06e1,3,1250,1250
WH10,wh10_final_selected,0785_027,boundary,XXZX,6,06_Data_withMagic_theta_0785_mu_027_bound_XXZX_rx010_ry020_rz000_xx027.qpy,data/executed_circuits/WH10/0785_027/06_Data_withMagic_theta_0785_mu_027_bound_XXZX_rx010_ry020_rz000_xx027.qpy,03de70f82dead0792d268e487c6456501de85f513ec1b35e2f04b2302d4bf73b,holography-on-ionq/Testing flow/Circuits/Data_batch/WH/Data_0785_027/06_Data_withMagic_theta_0785_mu_027_bound_XXZX_rx010_ry020_rz000_xx027.qpy,holography-on-ionq/Testing flow/wormhole_data_analysis.ipynb,WH10-D-C016,23a53462d3cc06e1,3,1250,1250
WH10,wh10_final_selected,0785_027,boundary,XXZY,7,07_Data_withMagic_theta_0785_mu_027_bound_XXZY_rx010_ry020_rz000_xx027.qpy,data/executed_circuits/WH10/0785_027/07_Data_withMagic_theta_0785_mu_027_bound_XXZY_rx010_ry020_rz000_xx027.qpy,b373a521125b5bb586a04bc49a3076f5c71e7eafdaf7fbd505cf58aa78f2f650,holography-on-ionq/Testing flow/Circuits/Data_batch/WH/Data_0785_027/07_Data_withMagic_theta_0785_mu_027_bound_XXZY_rx010_ry020_rz000_xx027.qpy,holography-on-ionq/Testing flow/wormhole_data_analysis.ipynb,WH10-D-C016,23a53462d3cc06e1,3,1250,1250
WH10,wh10_final_selected,0785_027,boundary,XXZZ,8,08_Data_withMagic_theta_0785_mu_027_bound_XXZZ_rx010_ry020_rz000_xx027.qpy,data/executed_circuits/WH10/0785_027/08_Data_withMagic_theta_0785_mu_027_bound_XXZZ_rx010_ry020_rz000_xx027.qpy,43a36ff09f9dec1b337efb0243c4ff7ee60dcf178824ee94019d9d745dc759c7,holography-on-ionq/Testing flow/Circuits/Data_batch/WH/Data_0785_027/08_Data_withMagic_theta_0785_mu_027_bound_XXZZ_rx010_ry020_rz000_xx027.qpy,holography-on-ionq/Testing flow/wormhole_data_analysis.ipynb,WH10-D-C016,23a53462d3cc06e1,3,1250,1250
WH10,wh10_final_selected,0785_027,boundary,XYXX,9,09_Data_withMagic_theta_0785_mu_027_bound_XYXX_rx010_ry020_rz000_xx027.qpy,data/executed_circuits/WH10/0785_027/09_Data_withMagic_theta_0785_mu_027_bound_XYXX_rx010_ry020_rz000_xx027.qpy,e63da10f4a38da5a39270dbaab13753598b24f71b762c8d6f644d80418ab73b0,holography-on-ionq/Testing flow/Circuits/Data_batch/WH/Data_0785_027/09_Data_withMagic_theta_0785_mu_027_bound_XYXX_rx010_ry020_rz000_xx027.qpy,holography-on-ionq/Testing flow/wormhole_data_analysis.ipynb,WH10-D-C016,23a53462d3cc06e1,3,1250,1250
WH10,wh10_final_selected,0785_027,boundary,XYXY,10,10_Data_withMagic_theta_0785_mu_027_bound_XYXY_rx010_ry020_rz000_xx027.qpy,data/executed_circuits/WH10/0785_027/10_Data_withMagic_theta_0785_mu_027_bound_XYXY_rx010_ry020_rz000_xx027.qpy,2a6b8d7a5f853748237ca13870e325f9e0b01f22da0171333541a86519fc3d18,holography-on-ionq/Testing flow/Circuits/Data_batch/WH/Data_0785_027/10_Data_withMagic_theta_0785_mu_027_bound_XYXY_rx010_ry020_rz000_xx027.qpy,holography-on-ionq/Testing flow/wormhole_data_analysis.ipynb,WH10-D-C016,23a53462d3cc06e1,3,1250,1250
WH10,wh10_final_selected,0785_027,boundary,XYXZ,11,11_Data_withMagic_theta_0785_mu_027_bound_XYXZ_rx010_ry020_rz000_xx027.qpy,data/executed_circuits/WH10/0785_027/11_Data_withMagic_theta_0785_mu_027_bound_XYXZ_rx010_ry020_rz000_xx027.qpy,fae28b8b8866e5de23a69ff90c87f8bc204eb1e87512af0d76d95ee8397a5be5,holography-on-ionq/Testing flow/Circuits/Data_batch/WH/Data_0785_027/11_Data_withMagic_theta_0785_mu_027_bound_XYXZ_rx010_ry020_rz000_xx027.qpy,holography-on-ionq/Testing flow/wormhole_data_analysis.ipynb,WH10-D-C016,23a53462d3cc06e1,3,1250,1250
WH10,wh10_final_selected,0785_027,boundary,XYYX,12,12_Data_withMagic_theta_0785_mu_027_bound_XYYX_rx010_ry020_rz000_xx027.qpy,data/executed_circuits/WH10/0785_027/12_Data_withMagic_theta_0785_mu_027_bound_XYYX_rx010_ry020_rz000_xx027.qpy,1f9fabde7ba790ed5ddf5f1da9374673c4575ec4a76e252a58e5c661117ebf5d,holography-on-ionq/Testing flow/Circuits/Data_batch/WH/Data_0785_027/12_Data_withMagic_theta_0785_mu_027_bound_XYYX_rx010_ry020_rz000_xx027.qpy,holography-on-ionq/Testing flow/wormhole_data_analysis.ipynb,WH10-D-C016,23a53462d3cc06e1,3,1250,1250
WH10,wh10_final_selected,0785_027,boundary,XYYY,13,13_Data_withMagic_theta_0785_mu_027_bound_XYYY_rx010_ry020_rz000_xx027.qpy,data/executed_circuits/WH10/0785_027/13_Data_withMagic_theta_0785_mu_027_bound_XYYY_rx010_ry020_rz000_xx027.qpy,d858d4ebb148e2938f7b2cc890e06269ca1f9f3dc7d3f6c57b17158361e78b49,holography-on-ionq/Testing flow/Circuits/Data_batch/WH/Data_0785_027/13_Data_withMagic_theta_0785_mu_027_bound_XYYY_rx010_ry020_rz000_xx027.qpy,holography-on-ionq/Testing flow/wormhole_data_analysis.ipynb,WH10-D-C016,23a53462d3cc06e1,3,1250,1250
WH10,wh10_final_selected,0785_027,boundary,XYYZ,14,14_Data_withMagic_theta_0785_mu_027_bound_XYYZ_rx010_ry020_rz000_xx027.qpy,data/executed_circuits/WH10/0785_027/14_Data_withMagic_theta_0785_mu_027_bound_XYYZ_rx010_ry020_rz000_xx027.qpy,baa05aa2412db7755d65e6a8ca4f6df3a18c26d7552ff5baf1b54014979083d8,holography-on-ionq/Testing flow/Circuits/Data_batch/WH/Data_0785_027/14_Data_withMagic_theta_0785_mu_027_bound_XYYZ_rx010_ry020_rz000_xx027.qpy,holography-on-ionq/Testing flow/wormhole_data_analysis.ipynb,WH10-D-C016,23a53462d3cc06e1,3,1250,1250
WH10,wh10_final_selected,0785_027,boundary,XYZX,15,15_Data_withMagic_theta_0785_mu_027_bound_XYZX_rx010_ry020_rz000_xx027.qpy,data/executed_circuits/WH10/0785_027/15_Data_withMagic_theta_0785_mu_027_bound_XYZX_rx010_ry020_rz000_xx027.qpy,8dc4a5c73353b0730d76029105d575d7ef4b7267993782bbce6d825b44b5fad0,holography-on-ionq/Testing flow/Circuits/Data_batch/WH/Data_0785_027/15_Data_withMagic_theta_0785_mu_027_bound_XYZX_rx010_ry020_rz000_xx027.qpy,holography-on-ionq/Testing flow/wormhole_data_analysis.ipynb,WH10-D-C016,23a53462d3cc06e1,3,1250,1250
WH10,wh10_final_selected,0785_027,boundary,XYZY,16,16_Data_withMagic_theta_0785_mu_027_bound_XYZY_rx010_ry020_rz000_xx027.qpy,data/executed_circuits/WH10/0785_027/16_Data_withMagic_theta_0785_mu_027_bound_XYZY_rx010_ry020_rz000_xx027.qpy,8c507cc83b88cd9f029b0468b0228a2844296baaec93e1f50770e251abc07d0f,holography-on-ionq/Testing flow/Circuits/Data_batch/WH/Data_0785_027/16_Data_withMagic_theta_0785_mu_027_bound_XYZY_rx010_ry020_rz000_xx027.qpy,holography-on-ionq/Testing flow/wormhole_data_analysis.ipynb,WH10-D-C016,23a53462d3cc06e1,3,1250,1250
WH10,wh10_final_selected,0785_027,boundary,XYZZ,17,17_Data_withMagic_theta_0785_mu_027_bound_XYZZ_rx010_ry020_rz000_xx027.qpy,data/executed_circuits/WH10/0785_027/17_Data_withMagic_theta_0785_mu_027_bound_XYZZ_rx010_ry020_rz000_xx027.qpy,0ca781fa39ce43fcce1bdbe208344e08edd79d1a4509ffb109855a0c01e51469,holography-on-ionq/Testing flow/Circuits/Data_batch/WH/Data_0785_027/17_Data_withMagic_theta_0785_mu_027_bound_XYZZ_rx010_ry020_rz000_xx027.qpy,holography-on-ionq/Testing flow/wormhole_data_analysis.ipynb,WH10-D-C016,23a53462d3cc06e1,3,1250,1250
WH10,wh10_final_selected,0785_027,boundary,XZXX,18,18_Data_withMagic_theta_0785_mu_027_bound_XZXX_rx010_ry020_rz000_xx027.qpy,data/executed_circuits/WH10/0785_027/18_Data_withMagic_theta_0785_mu_027_bound_XZXX_rx010_ry020_rz000_xx027.qpy,1b9c6a9e5a10e293b9bd384a3450d97592dcba75b87783524a8e1819a2a867e1,holography-on-ionq/Testing flow/Circuits/Data_batch/WH/Data_0785_027/18_Data_withMagic_theta_0785_mu_027_bound_XZXX_rx010_ry020_rz000_xx027.qpy,holography-on-ionq/Testing flow/wormhole_data_analysis.ipynb,WH10-D-C016,23a53462d3cc06e1,3,1250,1250
WH10,wh10_final_selected,0785_027,boundary,XZXY,19,19_Data_withMagic_theta_0785_mu_027_bound_XZXY_rx010_ry020_rz000_xx027.qpy,data/executed_circuits/WH10/0785_027/19_Data_withMagic_theta_0785_mu_027_bound_XZXY_rx010_ry020_rz000_xx027.qpy,3b49521c9d7782e8ba6137ee5571bb9bb0d8163e1fd093d82c32f3501f51c166,holography-on-ionq/Testing flow/Circuits/Data_batch/WH/Data_0785_027/19_Data_withMagic_theta_0785_mu_027_bound_XZXY_rx010_ry020_rz000_xx027.qpy,holography-on-ionq/Testing flow/wormhole_data_analysis.ipynb,WH10-D-C016,23a53462d3cc06e1,3,1250,1250
WH10,wh10_final_selected,0785_027,boundary,XZXZ,20,20_Data_withMagic_theta_0785_mu_027_bound_XZXZ_rx010_ry020_rz000_xx027.qpy,data/executed_circuits/WH10/0785_027/20_Data_withMagic_theta_0785_mu_027_bound_XZXZ_rx010_ry020_rz000_xx027.qpy,9353139c56cf8170404d2c6d4ab007529b0c6597244676a3567386e860a47328,holography-on-ionq/Testing flow/Circuits/Data_batch/WH/Data_0785_027/20_Data_withMagic_theta_0785_mu_027_bound_XZXZ_rx010_ry020_rz000_xx027.qpy,holography-on-ionq/Testing flow/wormhole_data_analysis.ipynb,WH10-D-C016,23a53462d3cc06e1,3,1250,1250
WH10,wh10_final_selected,0785_027,boundary,XZYX,21,21_Data_withMagic_theta_0785_mu_027_bound_XZYX_rx010_ry020_rz000_xx027.qpy,data/executed_circuits/WH10/0785_027/21_Data_withMagic_theta_0785_mu_027_bound_XZYX_rx010_ry020_rz000_xx027.qpy,bcefe7ef8488b82b93253ba6b6a8b09a260588ab6d88a02ac083c8e9de5b2fb0,holography-on-ionq/Testing flow/Circuits/Data_batch/WH/Data_0785_027/21_Data_withMagic_theta_0785_mu_027_bound_XZYX_rx010_ry020_rz000_xx027.qpy,holography-on-ionq/Testing flow/wormhole_data_analysis.ipynb,WH10-D-C016,23a53462d3cc06e1,3,1250,1250
WH10,wh10_final_selected,0785_027,boundary,XZYY,22,22_Data_withMagic_theta_0785_mu_027_bound_XZYY_rx010_ry020_rz000_xx027.qpy,data/executed_circuits/WH10/0785_027/22_Data_withMagic_theta_0785_mu_027_bound_XZYY_rx010_ry020_rz000_xx027.qpy,dbe50d261cb0e00561082531180d4b3ff3f80d4a7c1177c28d316472e6c287ea,holography-on-ionq/Testing flow/Circuits/Data_batch/WH/Data_0785_027/22_Data_withMagic_theta_0785_mu_027_bound_XZYY_rx010_ry020_rz000_xx027.qpy,holography-on-ionq/Testing flow/wormhole_data_analysis.ipynb,WH10-D-C016,23a53462d3cc06e1,3,1250,1250
WH10,wh10_final_selected,0785_027,boundary,XZYZ,23,23_Data_withMagic_theta_0785_mu_027_bound_XZYZ_rx010_ry020_rz000_xx027.qpy,data/executed_circuits/WH10/0785_027/23_Data_withMagic_theta_0785_mu_027_bound_XZYZ_rx010_ry020_rz000_xx027.qpy,4250fbfb05113cdf7ff0ecb9f399ace395ea35730de5e9ec0505f2e4d85be2a1,holography-on-ionq/Testing flow/Circuits/Data_batch/WH/Data_0785_027/23_Data_withMagic_theta_0785_mu_027_bound_XZYZ_rx010_ry020_rz000_xx027.qpy,holography-on-ionq/Testing flow/wormhole_data_analysis.ipynb,WH10-D-C016,23a53462d3cc06e1,3,1250,1250
WH10,wh10_final_selected,0785_027,boundary,XZZX,24,24_Data_withMagic_theta_0785_mu_027_bound_XZZX_rx010_ry020_rz000_xx027.qpy,data/executed_circuits/WH10/0785_027/24_Data_withMagic_theta_0785_mu_027_bound_XZZX_rx010_ry020_rz000_xx027.qpy,d975954e7464826a2a3c8a2cb9e9a04de9454037bc311a8eb160bba4f000abaf,holography-on-ionq/Testing flow/Circuits/Data_batch/WH/Data_0785_027/24_Data_withMagic_theta_0785_mu_027_bound_XZZX_rx010_ry020_rz000_xx027.qpy,holography-on-ionq/Testing flow/wormhole_data_analysis.ipynb,WH10-D-C016,23a53462d3cc06e1,3,1250,1250
WH10,wh10_final_selected,0785_027,boundary,XZZY,25,25_Data_withMagic_theta_0785_mu_027_bound_XZZY_rx010_ry020_rz000_xx027.qpy,data/executed_circuits/WH10/0785_027/25_Data_withMagic_theta_0785_mu_027_bound_XZZY_rx010_ry020_rz000_xx027.qpy,3bb313a85767ecb3b5f7fd62c550ed0637d5f5afe3874af852de4de5b3995288,holography-on-ionq/Testing flow/Circuits/Data_batch/WH/Data_0785_027/25_Data_withMagic_theta_0785_mu_027_bound_XZZY_rx010_ry020_rz000_xx027.qpy,holography-on-ionq/Testing flow/wormhole_data_analysis.ipynb,WH10-D-C016,23a53462d3cc06e1,3,1250,1250
WH10,wh10_final_selected,0785_027,boundary,XZZZ,26,26_Data_withMagic_theta_0785_mu_027_bound_XZZZ_rx010_ry020_rz000_xx027.qpy,data/executed_circuits/WH10/0785_027/26_Data_withMagic_theta_0785_mu_027_bound_XZZZ_rx010_ry020_rz000_xx027.qpy,e2c2ad160ac001ec43b34037f0a192073ec838509cb4b1bdc2a7ce041303038b,holography-on-ionq/Testing flow/Circuits/Data_batch/WH/Data_0785_027/26_Data_withMagic_theta_0785_mu_027_bound_XZZZ_rx010_ry020_rz000_xx027.qpy,holography-on-ionq/Testing flow/wormhole_data_analysis.ipynb,WH10-D-C016,23a53462d3cc06e1,3,1250,1250
WH10,wh10_final_selected,0785_027,boundary,YXXX,27,27_Data_withMagic_theta_0785_mu_027_bound_YXXX_rx010_ry020_rz000_xx027.qpy,data/executed_circuits/WH10/0785_027/27_Data_withMagic_theta_0785_mu_027_bound_YXXX_rx010_ry020_rz000_xx027.qpy,30c746a773433ef6d1d5d7d96945e9e9aed7a45fbfd03e7aa958567a1fb0af14,holography-on-ionq/Testing flow/Circuits/Data_batch/WH/Data_0785_027/27_Data_withMagic_theta_0785_mu_027_bound_YXXX_rx010_ry020_rz000_xx027.qpy,holography-on-ionq/Testing flow/wormhole_data_analysis.ipynb,WH10-D-C016,23a53462d3cc06e1,3,1250,1250
WH10,wh10_final_selected,0785_027,boundary,YXXY,28,28_Data_withMagic_theta_0785_mu_027_bound_YXXY_rx010_ry020_rz000_xx027.qpy,data/executed_circuits/WH10/0785_027/28_Data_withMagic_theta_0785_mu_027_bound_YXXY_rx010_ry020_rz000_xx027.qpy,a95db6209768724aa328baf3e8b8a1f04fe20d4c5259cfa3ce65a915d1ee55b2,holography-on-ionq/Testing flow/Circuits/Data_batch/WH/Data_0785_027/28_Data_withMagic_theta_0785_mu_027_bound_YXXY_rx010_ry020_rz000_xx027.qpy,holography-on-ionq/Testing flow/wormhole_data_analysis.ipynb,WH10-D-C016,23a53462d3cc06e1,3,1250,1250
WH10,wh10_final_selected,0785_027,boundary,YXXZ,29,29_Data_withMagic_theta_0785_mu_027_bound_YXXZ_rx010_ry020_rz000_xx027.qpy,data/executed_circuits/WH10/0785_027/29_Data_withMagic_theta_0785_mu_027_bound_YXXZ_rx010_ry020_rz000_xx027.qpy,caf0aec028396a6f09360a58c350cb94ecfda54c56e359535514fc1f173785e0,holography-on-ionq/Testing flow/Circuits/Data_batch/WH/Data_0785_027/29_Data_withMagic_theta_0785_mu_027_bound_YXXZ_rx010_ry020_rz000_xx027.qpy,holography-on-ionq/Testing flow/wormhole_data_analysis.ipynb,WH10-D-C016,23a53462d3cc06e1,3,1250,1250
WH10,wh10_final_selected,0785_027,boundary,YXYX,30,30_Data_withMagic_theta_0785_mu_027_bound_YXYX_rx010_ry020_rz000_xx027.qpy,data/executed_circuits/WH10/0785_027/30_Data_withMagic_theta_0785_mu_027_bound_YXYX_rx010_ry020_rz000_xx027.qpy,268fddcb4c9b9b55b9870be3cb925e5ec2db234c7b5fb03ed7ba9c8aa02d0f58,holography-on-ionq/Testing flow/Circuits/Data_batch/WH/Data_0785_027/30_Data_withMagic_theta_0785_mu_027_bound_YXYX_rx010_ry020_rz000_xx027.qpy,holography-on-ionq/Testing flow/wormhole_data_analysis.ipynb,WH10-D-C016,23a53462d3cc06e1,3,1250,1250
WH10,wh10_final_selected,0785_027,boundary,YXYY,31,31_Data_withMagic_theta_0785_mu_027_bound_YXYY_rx010_ry020_rz000_xx027.qpy,data/executed_circuits/WH10/0785_027/31_Data_withMagic_theta_0785_mu_027_bound_YXYY_rx010_ry020_rz000_xx027.qpy,c1de9ac195dab6bda7a5ae0fdc9afc9a5332721cbae39b7d6984525ab89a2f17,holography-on-ionq/Testing flow/Circuits/Data_batch/WH/Data_0785_027/31_Data_withMagic_theta_0785_mu_027_bound_YXYY_rx010_ry020_rz000_xx027.qpy,holography-on-ionq/Testing flow/wormhole_data_analysis.ipynb,WH10-D-C016,23a53462d3cc06e1,3,1250,1250
WH10,wh10_final_selected,0785_027,boundary,YXYZ,32,32_Data_withMagic_theta_0785_mu_027_bound_YXYZ_rx010_ry020_rz000_xx027.qpy,data/executed_circuits/WH10/0785_027/32_Data_withMagic_theta_0785_mu_027_bound_YXYZ_rx010_ry020_rz000_xx027.qpy,ee19dee5b4287a9985654e5a5e2694a742864c3b3791d83610289f336e4b52a8,holography-on-ionq/Testing flow/Circuits/Data_batch/WH/Data_0785_027/32_Data_withMagic_theta_0785_mu_027_bound_YXYZ_rx010_ry020_rz000_xx027.qpy,holography-on-ionq/Testing flow/wormhole_data_analysis.ipynb,WH10-D-C016,23a53462d3cc06e1,3,1250,1250
WH10,wh10_final_selected,0785_027,boundary,YXZX,33,33_Data_withMagic_theta_0785_mu_027_bound_YXZX_rx010_ry020_rz000_xx027.qpy,data/executed_circuits/WH10/0785_027/33_Data_withMagic_theta_0785_mu_027_bound_YXZX_rx010_ry020_rz000_xx027.qpy,83100e307efe07c4fed8f9927028aef667c016e883f0596bf9b28f323832f1a7,holography-on-ionq/Testing flow/Circuits/Data_batch/WH/Data_0785_027/33_Data_withMagic_theta_0785_mu_027_bound_YXZX_rx010_ry020_rz000_xx027.qpy,holography-on-ionq/Testing flow/wormhole_data_analysis.ipynb,WH10-D-C016,23a53462d3cc06e1,3,1250,1250
WH10,wh10_final_selected,0785_027,boundary,YXZY,34,34_Data_withMagic_theta_0785_mu_027_bound_YXZY_rx010_ry020_rz000_xx027.qpy,data/executed_circuits/WH10/0785_027/34_Data_withMagic_theta_0785_mu_027_bound_YXZY_rx010_ry020_rz000_xx027.qpy,604dcd636ce018d5580452ab4ca19a8fcce4a9f560f9cde96971c981d0c65573,holography-on-ionq/Testing flow/Circuits/Data_batch/WH/Data_0785_027/34_Data_withMagic_theta_0785_mu_027_bound_YXZY_rx010_ry020_rz000_xx027.qpy,holography-on-ionq/Testing flow/wormhole_data_analysis.ipynb,WH10-D-C016,23a53462d3cc06e1,3,1250,1250
WH10,wh10_final_selected,0785_027,boundary,YXZZ,35,35_Data_withMagic_theta_0785_mu_027_bound_YXZZ_rx010_ry020_rz000_xx027.qpy,data/executed_circuits/WH10/0785_027/35_Data_withMagic_theta_0785_mu_027_bound_YXZZ_rx010_ry020_rz000_xx027.qpy,6aa9863f7a65d44bac91f0683d7bb40fe6202460dfcb146ca56117e985ae5a12,holography-on-ionq/Testing flow/Circuits/Data_batch/WH/Data_0785_027/35_Data_withMagic_theta_0785_mu_027_bound_YXZZ_rx010_ry020_rz000_xx027.qpy,holography-on-ionq/Testing flow/wormhole_data_analysis.ipynb,WH10-D-C016,23a53462d3cc06e1,3,1250,1250
WH10,wh10_final_selected,0785_027,boundary,YYXX,36,36_Data_withMagic_theta_0785_mu_027_bound_YYXX_rx010_ry020_rz000_xx027.qpy,data/executed_circuits/WH10/0785_027/36_Data_withMagic_theta_0785_mu_027_bound_YYXX_rx010_ry020_rz000_xx027.qpy,e90fb49804904b58f51d99fef8384c81bd787fdf80f235285e998ffcfc300d9c,holography-on-ionq/Testing flow/Circuits/Data_batch/WH/Data_0785_027/36_Data_withMagic_theta_0785_mu_027_bound_YYXX_rx010_ry020_rz000_xx027.qpy,holography-on-ionq/Testing flow/wormhole_data_analysis.ipynb,WH10-D-C016,23a53462d3cc06e1,3,1250,1250
WH10,wh10_final_selected,0785_027,boundary,YYXY,37,37_Data_withMagic_theta_0785_mu_027_bound_YYXY_rx010_ry020_rz000_xx027.qpy,data/executed_circuits/WH10/0785_027/37_Data_withMagic_theta_0785_mu_027_bound_YYXY_rx010_ry020_rz000_xx027.qpy,15cff5482743dfde7ef7766e717f4c2833510b55b6eb0f973f02650d046094e1,holography-on-ionq/Testing flow/Circuits/Data_batch/WH/Data_0785_027/37_Data_withMagic_theta_0785_mu_027_bound_YYXY_rx010_ry020_rz000_xx027.qpy,holography-on-ionq/Testing flow/wormhole_data_analysis.ipynb,WH10-D-C016,23a53462d3cc06e1,3,1250,1250
WH10,wh10_final_selected,0785_027,boundary,YYXZ,38,38_Data_withMagic_theta_0785_mu_027_bound_YYXZ_rx010_ry020_rz000_xx027.qpy,data/executed_circuits/WH10/0785_027/38_Data_withMagic_theta_0785_mu_027_bound_YYXZ_rx010_ry020_rz000_xx027.qpy,9cd5a38b565d1e140faa61cf0f23e5cdaa8f02d9a4c2f566c3f4a919a267706e,holography-on-ionq/Testing flow/Circuits/Data_batch/WH/Data_0785_027/38_Data_withMagic_theta_0785_mu_027_bound_YYXZ_rx010_ry020_rz000_xx027.qpy,holography-on-ionq/Testing flow/wormhole_data_analysis.ipynb,WH10-D-C016,23a53462d3cc06e1,3,1250,1250
WH10,wh10_final_selected,0785_027,boundary,YYYX,39,39_Data_withMagic_theta_0785_mu_027_bound_YYYX_rx010_ry020_rz000_xx027.qpy,data/executed_circuits/WH10/0785_027/39_Data_withMagic_theta_0785_mu_027_bound_YYYX_rx010_ry020_rz000_xx027.qpy,5776551280e3ba4304375898114262c6c1ec0fbb2464ed6b8ec42ee14d050d92,holography-on-ionq/Testing flow/Circuits/Data_batch/WH/Data_0785_027/39_Data_withMagic_theta_0785_mu_027_bound_YYYX_rx010_ry020_rz000_xx027.qpy,holography-on-ionq/Testing flow/wormhole_data_analysis.ipynb,WH10-D-C016,23a53462d3cc06e1,3,1250,1250
WH10,wh10_final_selected,0785_027,boundary,YYYY,40,40_Data_withMagic_theta_0785_mu_027_bound_YYYY_rx010_ry020_rz000_xx027.qpy,data/executed_circuits/WH10/0785_027/40_Data_withMagic_theta_0785_mu_027_bound_YYYY_rx010_ry020_rz000_xx027.qpy,d25ec58320e63d027de973cd81c03b2fc05b5b73f04e46dc5032fd0acbb5385e,holography-on-ionq/Testing flow/Circuits/Data_batch/WH/Data_0785_027/40_Data_withMagic_theta_0785_mu_027_bound_YYYY_rx010_ry020_rz000_xx027.qpy,holography-on-ionq/Testing flow/wormhole_data_analysis.ipynb,WH10-D-C016,23a53462d3cc06e1,3,1250,1250
WH10,wh10_final_selected,0785_027,boundary,YYYZ,41,41_Data_withMagic_theta_0785_mu_027_bound_YYYZ_rx010_ry020_rz000_xx027.qpy,data/executed_circuits/WH10/0785_027/41_Data_withMagic_theta_0785_mu_027_bound_YYYZ_rx010_ry020_rz000_xx027.qpy,90e4dcbcbca09c4366bb73d7d3ec95b0ea8eae6e0c7c4f1346f7d629827406a7,holography-on-ionq/Testing flow/Circuits/Data_batch/WH/Data_0785_027/41_Data_withMagic_theta_0785_mu_027_bound_YYYZ_rx010_ry020_rz000_xx027.qpy,holography-on-ionq/Testing flow/wormhole_data_analysis.ipynb,WH10-D-C016,23a53462d3cc06e1,3,1250,1250
WH10,wh10_final_selected,0785_027,boundary,YYZX,42,42_Data_withMagic_theta_0785_mu_027_bound_YYZX_rx010_ry020_rz000_xx027.qpy,data/executed_circuits/WH10/0785_027/42_Data_withMagic_theta_0785_mu_027_bound_YYZX_rx010_ry020_rz000_xx027.qpy,869535f71e61bfff5a1a3a07af88a4f719da3ab74d46f4f78eb28ec2e7f5b443,holography-on-ionq/Testing flow/Circuits/Data_batch/WH/Data_0785_027/42_Data_withMagic_theta_0785_mu_027_bound_YYZX_rx010_ry020_rz000_xx027.qpy,holography-on-ionq/Testing flow/wormhole_data_analysis.ipynb,WH10-D-C016,23a53462d3cc06e1,3,1250,1250
WH10,wh10_final_selected,0785_027,boundary,YYZY,43,43_Data_withMagic_theta_0785_mu_027_bound_YYZY_rx010_ry020_rz000_xx027.qpy,data/executed_circuits/WH10/0785_027/43_Data_withMagic_theta_0785_mu_027_bound_YYZY_rx010_ry020_rz000_xx027.qpy,6c78323be4066713625b8ff134948d568671f08688acecedfee3806ed3534146,holography-on-ionq/Testing flow/Circuits/Data_batch/WH/Data_0785_027/43_Data_withMagic_theta_0785_mu_027_bound_YYZY_rx010_ry020_rz000_xx027.qpy,holography-on-ionq/Testing flow/wormhole_data_analysis.ipynb,WH10-D-C016,23a53462d3cc06e1,3,1250,1250
WH10,wh10_final_selected,0785_027,boundary,YYZZ,44,44_Data_withMagic_theta_0785_mu_027_bound_YYZZ_rx010_ry020_rz000_xx027.qpy,data/executed_circuits/WH10/0785_027/44_Data_withMagic_theta_0785_mu_027_bound_YYZZ_rx010_ry020_rz000_xx027.qpy,93c85281ead0a546d745b93c2c7399d2d074707e2ff62d78bfe99816b91bcf63,holography-on-ionq/Testing flow/Circuits/Data_batch/WH/Data_0785_027/44_Data_withMagic_theta_0785_mu_027_bound_YYZZ_rx010_ry020_rz000_xx027.qpy,holography-on-ionq/Testing flow/wormhole_data_analysis.ipynb,WH10-D-C016,23a53462d3cc06e1,3,1250,1250
WH10,wh10_final_selected,0785_027,boundary,YZXX,45,45_Data_withMagic_theta_0785_mu_027_bound_YZXX_rx010_ry020_rz000_xx027.qpy,data/executed_circuits/WH10/0785_027/45_Data_withMagic_theta_0785_mu_027_bound_YZXX_rx010_ry020_rz000_xx027.qpy,a848c4d26d6f2d13e7b8c50678a456b216633857c5e3836ce8985efe61c632b4,holography-on-ionq/Testing flow/Circuits/Data_batch/WH/Data_0785_027/45_Data_withMagic_theta_0785_mu_027_bound_YZXX_rx010_ry020_rz000_xx027.qpy,holography-on-ionq/Testing flow/wormhole_data_analysis.ipynb,WH10-D-C016,23a53462d3cc06e1,3,1250,1250
WH10,wh10_final_selected,0785_027,boundary,YZXY,46,46_Data_withMagic_theta_0785_mu_027_bound_YZXY_rx010_ry020_rz000_xx027.qpy,data/executed_circuits/WH10/0785_027/46_Data_withMagic_theta_0785_mu_027_bound_YZXY_rx010_ry020_rz000_xx027.qpy,03704a879debc3f1b8984d0f51213ba828bac53c2a2feaf035c357bfaf050aab,holography-on-ionq/Testing flow/Circuits/Data_batch/WH/Data_0785_027/46_Data_withMagic_theta_0785_mu_027_bound_YZXY_rx010_ry020_rz000_xx027.qpy,holography-on-ionq/Testing flow/wormhole_data_analysis.ipynb,WH10-D-C016,23a53462d3cc06e1,3,1250,1250
WH10,wh10_final_selected,0785_027,boundary,YZXZ,47,47_Data_withMagic_theta_0785_mu_027_bound_YZXZ_rx010_ry020_rz000_xx027.qpy,data/executed_circuits/WH10/0785_027/47_Data_withMagic_theta_0785_mu_027_bound_YZXZ_rx010_ry020_rz000_xx027.qpy,d89419ab0d84fbc7d7b4a14c879ca3889ebf182f818f1a8f32659677eef51020,holography-on-ionq/Testing flow/Circuits/Data_batch/WH/Data_0785_027/47_Data_withMagic_theta_0785_mu_027_bound_YZXZ_rx010_ry020_rz000_xx027.qpy,holography-on-ionq/Testing flow/wormhole_data_analysis.ipynb,WH10-D-C016,23a53462d3cc06e1,3,1250,1250
WH10,wh10_final_selected,0785_027,boundary,YZYX,48,48_Data_withMagic_theta_0785_mu_027_bound_YZYX_rx010_ry020_rz000_xx027.qpy,data/executed_circuits/WH10/0785_027/48_Data_withMagic_theta_0785_mu_027_bound_YZYX_rx010_ry020_rz000_xx027.qpy,c81fd79bedc173b7b58e59dcf2c13d19ab22f9e26c5b66ea7940f44927de43dc,holography-on-ionq/Testing flow/Circuits/Data_batch/WH/Data_0785_027/48_Data_withMagic_theta_0785_mu_027_bound_YZYX_rx010_ry020_rz000_xx027.qpy,holography-on-ionq/Testing flow/wormhole_data_analysis.ipynb,WH10-D-C016,23a53462d3cc06e1,3,1250,1250
WH10,wh10_final_selected,0785_027,boundary,YZYY,49,49_Data_withMagic_theta_0785_mu_027_bound_YZYY_rx010_ry020_rz000_xx027.qpy,data/executed_circuits/WH10/0785_027/49_Data_withMagic_theta_0785_mu_027_bound_YZYY_rx010_ry020_rz000_xx027.qpy,fd21d992ffdfe75d29684f8118a82e6fa0a5f73810af46071541e1efe6654963,holography-on-ionq/Testing flow/Circuits/Data_batch/WH/Data_0785_027/49_Data_withMagic_theta_0785_mu_027_bound_YZYY_rx010_ry020_rz000_xx027.qpy,holography-on-ionq/Testing flow/wormhole_data_analysis.ipynb,WH10-D-C016,23a53462d3cc06e1,3,1250,1250
WH10,wh10_final_selected,0785_027,boundary,YZYZ,50,50_Data_withMagic_theta_0785_mu_027_bound_YZYZ_rx010_ry020_rz000_xx027.qpy,data/executed_circuits/WH10/0785_027/50_Data_withMagic_theta_0785_mu_027_bound_YZYZ_rx010_ry020_rz000_xx027.qpy,f38372577b8914a5fe2520151e53ada575b2eae7046ff605ccf5130581b69179,holography-on-ionq/Testing flow/Circuits/Data_batch/WH/Data_0785_027/50_Data_withMagic_theta_0785_mu_027_bound_YZYZ_rx010_ry020_rz000_xx027.qpy,holography-on-ionq/Testing flow/wormhole_data_analysis.ipynb,WH10-D-C016,23a53462d3cc06e1,3,1250,1250
WH10,wh10_final_selected,0785_027,boundary,YZZX,51,51_Data_withMagic_theta_0785_mu_027_bound_YZZX_rx010_ry020_rz000_xx027.qpy,data/executed_circuits/WH10/0785_027/51_Data_withMagic_theta_0785_mu_027_bound_YZZX_rx010_ry020_rz000_xx027.qpy,3cf14029c689073b7536b3cf6ef960232e06d0e3d313496aeb51af5c749037bc,holography-on-ionq/Testing flow/Circuits/Data_batch/WH/Data_0785_027/51_Data_withMagic_theta_0785_mu_027_bound_YZZX_rx010_ry020_rz000_xx027.qpy,holography-on-ionq/Testing flow/wormhole_data_analysis.ipynb,WH10-D-C016,23a53462d3cc06e1,3,1250,1250
WH10,wh10_final_selected,0785_027,boundary,YZZY,52,52_Data_withMagic_theta_0785_mu_027_bound_YZZY_rx010_ry020_rz000_xx027.qpy,data/executed_circuits/WH10/0785_027/52_Data_withMagic_theta_0785_mu_027_bound_YZZY_rx010_ry020_rz000_xx027.qpy,443afaf595544bfd8b699c64212a76743f378efb73530009d8f0d9a494244fee,holography-on-ionq/Testing flow/Circuits/Data_batch/WH/Data_0785_027/52_Data_withMagic_theta_0785_mu_027_bound_YZZY_rx010_ry020_rz000_xx027.qpy,holography-on-ionq/Testing flow/wormhole_data_analysis.ipynb,WH10-D-C016,23a53462d3cc06e1,3,1250,1250
WH10,wh10_final_selected,0785_027,boundary,YZZZ,53,53_Data_withMagic_theta_0785_mu_027_bound_YZZZ_rx010_ry020_rz000_xx027.qpy,data/executed_circuits/WH10/0785_027/53_Data_withMagic_theta_0785_mu_027_bound_YZZZ_rx010_ry020_rz000_xx027.qpy,d145bd95a8a30186ff68b1cbf12b405221df86b103c26c1d499a8a34ed9c2d99,holography-on-ionq/Testing flow/Circuits/Data_batch/WH/Data_0785_027/53_Data_withMagic_theta_0785_mu_027_bound_YZZZ_rx010_ry020_rz000_xx027.qpy,holography-on-ionq/Testing flow/wormhole_data_analysis.ipynb,WH10-D-C016,23a53462d3cc06e1,3,1250,1250
WH10,wh10_final_selected,0785_027,boundary,ZXXX,54,54_Data_withMagic_theta_0785_mu_027_bound_ZXXX_rx010_ry020_rz000_xx027.qpy,data/executed_circuits/WH10/0785_027/54_Data_withMagic_theta_0785_mu_027_bound_ZXXX_rx010_ry020_rz000_xx027.qpy,23fefdbf6e57663cdc506729c4bebc864d2e5d9a41a26f14675717ad6cfc1c44,holography-on-ionq/Testing flow/Circuits/Data_batch/WH/Data_0785_027/54_Data_withMagic_theta_0785_mu_027_bound_ZXXX_rx010_ry020_rz000_xx027.qpy,holography-on-ionq/Testing flow/wormhole_data_analysis.ipynb,WH10-D-C016,23a53462d3cc06e1,3,1250,1250
WH10,wh10_final_selected,0785_027,boundary,ZXXY,55,55_Data_withMagic_theta_0785_mu_027_bound_ZXXY_rx010_ry020_rz000_xx027.qpy,data/executed_circuits/WH10/0785_027/55_Data_withMagic_theta_0785_mu_027_bound_ZXXY_rx010_ry020_rz000_xx027.qpy,90de9cba8a30a208e4d14a37fd68bffcad5095d365e337ab75d0ed3d128b0fbf,holography-on-ionq/Testing flow/Circuits/Data_batch/WH/Data_0785_027/55_Data_withMagic_theta_0785_mu_027_bound_ZXXY_rx010_ry020_rz000_xx027.qpy,holography-on-ionq/Testing flow/wormhole_data_analysis.ipynb,WH10-D-C016,23a53462d3cc06e1,3,1250,1250
WH10,wh10_final_selected,0785_027,boundary,ZXXZ,56,56_Data_withMagic_theta_0785_mu_027_bound_ZXXZ_rx010_ry020_rz000_xx027.qpy,data/executed_circuits/WH10/0785_027/56_Data_withMagic_theta_0785_mu_027_bound_ZXXZ_rx010_ry020_rz000_xx027.qpy,90d5aa1db3375f101bfdc1027eb66ae724dd273de6c930fc4e5fd3b3e9c40f80,holography-on-ionq/Testing flow/Circuits/Data_batch/WH/Data_0785_027/56_Data_withMagic_theta_0785_mu_027_bound_ZXXZ_rx010_ry020_rz000_xx027.qpy,holography-on-ionq/Testing flow/wormhole_data_analysis.ipynb,WH10-D-C016,23a53462d3cc06e1,3,1250,1250
WH10,wh10_final_selected,0785_027,boundary,ZXYX,57,57_Data_withMagic_theta_0785_mu_027_bound_ZXYX_rx010_ry020_rz000_xx027.qpy,data/executed_circuits/WH10/0785_027/57_Data_withMagic_theta_0785_mu_027_bound_ZXYX_rx010_ry020_rz000_xx027.qpy,f680d1e76f57f42472987c5730cae60f27966f2d4234b259cb530d72060d2fcf,holography-on-ionq/Testing flow/Circuits/Data_batch/WH/Data_0785_027/57_Data_withMagic_theta_0785_mu_027_bound_ZXYX_rx010_ry020_rz000_xx027.qpy,holography-on-ionq/Testing flow/wormhole_data_analysis.ipynb,WH10-D-C016,23a53462d3cc06e1,3,1250,1250
WH10,wh10_final_selected,0785_027,boundary,ZXYY,58,58_Data_withMagic_theta_0785_mu_027_bound_ZXYY_rx010_ry020_rz000_xx027.qpy,data/executed_circuits/WH10/0785_027/58_Data_withMagic_theta_0785_mu_027_bound_ZXYY_rx010_ry020_rz000_xx027.qpy,4b7b9865c31d10baecb00f8bc8f8b6ad061e95f6f1a8d7b70c6c15e48f293c4d,holography-on-ionq/Testing flow/Circuits/Data_batch/WH/Data_0785_027/58_Data_withMagic_theta_0785_mu_027_bound_ZXYY_rx010_ry020_rz000_xx027.qpy,holography-on-ionq/Testing flow/wormhole_data_analysis.ipynb,WH10-D-C016,23a53462d3cc06e1,3,1250,1250
WH10,wh10_final_selected,0785_027,boundary,ZXYZ,59,59_Data_withMagic_theta_0785_mu_027_bound_ZXYZ_rx010_ry020_rz000_xx027.qpy,data/executed_circuits/WH10/0785_027/59_Data_withMagic_theta_0785_mu_027_bound_ZXYZ_rx010_ry020_rz000_xx027.qpy,2cab5ad81c7d1b7001ad20166aae9e88b52b6efecacf21ffdc841542902142b9,holography-on-ionq/Testing flow/Circuits/Data_batch/WH/Data_0785_027/59_Data_withMagic_theta_0785_mu_027_bound_ZXYZ_rx010_ry020_rz000_xx027.qpy,holography-on-ionq/Testing flow/wormhole_data_analysis.ipynb,WH10-D-C016,23a53462d3cc06e1,3,1250,1250
WH10,wh10_final_selected,0785_027,boundary,ZXZX,60,60_Data_withMagic_theta_0785_mu_027_bound_ZXZX_rx010_ry020_rz000_xx027.qpy,data/executed_circuits/WH10/0785_027/60_Data_withMagic_theta_0785_mu_027_bound_ZXZX_rx010_ry020_rz000_xx027.qpy,19b71a6c1c9326a661e68e751ba5cb43c7853509b5193cffdf59fde94c961b56,holography-on-ionq/Testing flow/Circuits/Data_batch/WH/Data_0785_027/60_Data_withMagic_theta_0785_mu_027_bound_ZXZX_rx010_ry020_rz000_xx027.qpy,holography-on-ionq/Testing flow/wormhole_data_analysis.ipynb,WH10-D-C016,23a53462d3cc06e1,3,1250,1250
WH10,wh10_final_selected,0785_027,boundary,ZXZY,61,61_Data_withMagic_theta_0785_mu_027_bound_ZXZY_rx010_ry020_rz000_xx027.qpy,data/executed_circuits/WH10/0785_027/61_Data_withMagic_theta_0785_mu_027_bound_ZXZY_rx010_ry020_rz000_xx027.qpy,04c04e4ac41d2597a475b42b8bcf3484fc7714f339440a6faeef72a39091c2af,holography-on-ionq/Testing flow/Circuits/Data_batch/WH/Data_0785_027/61_Data_withMagic_theta_0785_mu_027_bound_ZXZY_rx010_ry020_rz000_xx027.qpy,holography-on-ionq/Testing flow/wormhole_data_analysis.ipynb,WH10-D-C016,23a53462d3cc06e1,3,1250,1250
WH10,wh10_final_selected,0785_027,boundary,ZXZZ,62,62_Data_withMagic_theta_0785_mu_027_bound_ZXZZ_rx010_ry020_rz000_xx027.qpy,data/executed_circuits/WH10/0785_027/62_Data_withMagic_theta_0785_mu_027_bound_ZXZZ_rx010_ry020_rz000_xx027.qpy,f3df9483eb61f7270ec66cfccdf1e04de800c75cd2ba81983be8182e24c98328,holography-on-ionq/Testing flow/Circuits/Data_batch/WH/Data_0785_027/62_Data_withMagic_theta_0785_mu_027_bound_ZXZZ_rx010_ry020_rz000_xx027.qpy,holography-on-ionq/Testing flow/wormhole_data_analysis.ipynb,WH10-D-C016,23a53462d3cc06e1,3,1250,1250
WH10,wh10_final_selected,0785_027,boundary,ZYXX,63,63_Data_withMagic_theta_0785_mu_027_bound_ZYXX_rx010_ry020_rz000_xx027.qpy,data/executed_circuits/WH10/0785_027/63_Data_withMagic_theta_0785_mu_027_bound_ZYXX_rx010_ry020_rz000_xx027.qpy,5c29ee859a2eaf6e8172308018d252a8084f2944d90c2eaca988b89e306cb7ac,holography-on-ionq/Testing flow/Circuits/Data_batch/WH/Data_0785_027/63_Data_withMagic_theta_0785_mu_027_bound_ZYXX_rx010_ry020_rz000_xx027.qpy,holography-on-ionq/Testing flow/wormhole_data_analysis.ipynb,WH10-D-C016,23a53462d3cc06e1,3,1250,1250
WH10,wh10_final_selected,0785_027,boundary,ZYXY,64,64_Data_withMagic_theta_0785_mu_027_bound_ZYXY_rx010_ry020_rz000_xx027.qpy,data/executed_circuits/WH10/0785_027/64_Data_withMagic_theta_0785_mu_027_bound_ZYXY_rx010_ry020_rz000_xx027.qpy,9be3dc892ce386213e8f09635b33523257693692148dd48b4d877de78f172faf,holography-on-ionq/Testing flow/Circuits/Data_batch/WH/Data_0785_027/64_Data_withMagic_theta_0785_mu_027_bound_ZYXY_rx010_ry020_rz000_xx027.qpy,holography-on-ionq/Testing flow/wormhole_data_analysis.ipynb,WH10-D-C016,23a53462d3cc06e1,3,1250,1250
WH10,wh10_final_selected,0785_027,boundary,ZYXZ,65,65_Data_withMagic_theta_0785_mu_027_bound_ZYXZ_rx010_ry020_rz000_xx027.qpy,data/executed_circuits/WH10/0785_027/65_Data_withMagic_theta_0785_mu_027_bound_ZYXZ_rx010_ry020_rz000_xx027.qpy,50ad963de4d685e6e7984c99e90f584fe18ec32f75754d7749d313d930e8158a,holography-on-ionq/Testing flow/Circuits/Data_batch/WH/Data_0785_027/65_Data_withMagic_theta_0785_mu_027_bound_ZYXZ_rx010_ry020_rz000_xx027.qpy,holography-on-ionq/Testing flow/wormhole_data_analysis.ipynb,WH10-D-C016,23a53462d3cc06e1,3,1250,1250
WH10,wh10_final_selected,0785_027,boundary,ZYYX,66,66_Data_withMagic_theta_0785_mu_027_bound_ZYYX_rx010_ry020_rz000_xx027.qpy,data/executed_circuits/WH10/0785_027/66_Data_withMagic_theta_0785_mu_027_bound_ZYYX_rx010_ry020_rz000_xx027.qpy,f6b23b6de12f12ce021e2158e80c1e912aaaa9814f003e5888d2e351a2d59d69,holography-on-ionq/Testing flow/Circuits/Data_batch/WH/Data_0785_027/66_Data_withMagic_theta_0785_mu_027_bound_ZYYX_rx010_ry020_rz000_xx027.qpy,holography-on-ionq/Testing flow/wormhole_data_analysis.ipynb,WH10-D-C016,23a53462d3cc06e1,3,1250,1250
WH10,wh10_final_selected,0785_027,boundary,ZYYY,67,67_Data_withMagic_theta_0785_mu_027_bound_ZYYY_rx010_ry020_rz000_xx027.qpy,data/executed_circuits/WH10/0785_027/67_Data_withMagic_theta_0785_mu_027_bound_ZYYY_rx010_ry020_rz000_xx027.qpy,51029fe9ebf0fe95b653732bca7e72240c2228fc85840246d77f12110c7603d1,holography-on-ionq/Testing flow/Circuits/Data_batch/WH/Data_0785_027/67_Data_withMagic_theta_0785_mu_027_bound_ZYYY_rx010_ry020_rz000_xx027.qpy,holography-on-ionq/Testing flow/wormhole_data_analysis.ipynb,WH10-D-C016,23a53462d3cc06e1,3,1250,1250
WH10,wh10_final_selected,0785_027,boundary,ZYYZ,68,68_Data_withMagic_theta_0785_mu_027_bound_ZYYZ_rx010_ry020_rz000_xx027.qpy,data/executed_circuits/WH10/0785_027/68_Data_withMagic_theta_0785_mu_027_bound_ZYYZ_rx010_ry020_rz000_xx027.qpy,209e53237b0942201ba8173346ef996386554df8fa3e128ae42c46a1ca4c0ce4,holography-on-ionq/Testing flow/Circuits/Data_batch/WH/Data_0785_027/68_Data_withMagic_theta_0785_mu_027_bound_ZYYZ_rx010_ry020_rz000_xx027.qpy,holography-on-ionq/Testing flow/wormhole_data_analysis.ipynb,WH10-D-C016,23a53462d3cc06e1,3,1250,1250
WH10,wh10_final_selected,0785_027,boundary,ZYZX,69,69_Data_withMagic_theta_0785_mu_027_bound_ZYZX_rx010_ry020_rz000_xx027.qpy,data/executed_circuits/WH10/0785_027/69_Data_withMagic_theta_0785_mu_027_bound_ZYZX_rx010_ry020_rz000_xx027.qpy,eaa5f53369f6d64798705a45101e90e8c7a40185b3cda76fdfd15373ff8c4e80,holography-on-ionq/Testing flow/Circuits/Data_batch/WH/Data_0785_027/69_Data_withMagic_theta_0785_mu_027_bound_ZYZX_rx010_ry020_rz000_xx027.qpy,holography-on-ionq/Testing flow/wormhole_data_analysis.ipynb,WH10-D-C016,23a53462d3cc06e1,3,1250,1250
WH10,wh10_final_selected,0785_027,boundary,ZYZY,70,70_Data_withMagic_theta_0785_mu_027_bound_ZYZY_rx010_ry020_rz000_xx027.qpy,data/executed_circuits/WH10/0785_027/70_Data_withMagic_theta_0785_mu_027_bound_ZYZY_rx010_ry020_rz000_xx027.qpy,b4b4f06ba86b8f246c63857171ab0739fdcb8120b823d4190c563b11ca3f0699,holography-on-ionq/Testing flow/Circuits/Data_batch/WH/Data_0785_027/70_Data_withMagic_theta_0785_mu_027_bound_ZYZY_rx010_ry020_rz000_xx027.qpy,holography-on-ionq/Testing flow/wormhole_data_analysis.ipynb,WH10-D-C016,23a53462d3cc06e1,3,1250,1250
WH10,wh10_final_selected,0785_027,boundary,ZYZZ,71,71_Data_withMagic_theta_0785_mu_027_bound_ZYZZ_rx010_ry020_rz000_xx027.qpy,data/executed_circuits/WH10/0785_027/71_Data_withMagic_theta_0785_mu_027_bound_ZYZZ_rx010_ry020_rz000_xx027.qpy,ed088d06c1274e96310409fc8ff6aa8d0290dfd1a5b290a1c7f413f39cf33c7b,holography-on-ionq/Testing flow/Circuits/Data_batch/WH/Data_0785_027/71_Data_withMagic_theta_0785_mu_027_bound_ZYZZ_rx010_ry020_rz000_xx027.qpy,holography-on-ionq/Testing flow/wormhole_data_analysis.ipynb,WH10-D-C016,23a53462d3cc06e1,3,1250,1250
WH10,wh10_final_selected,0785_027,boundary,ZZXX,72,72_Data_withMagic_theta_0785_mu_027_bound_ZZXX_rx010_ry020_rz000_xx027.qpy,data/executed_circuits/WH10/0785_027/72_Data_withMagic_theta_0785_mu_027_bound_ZZXX_rx010_ry020_rz000_xx027.qpy,9728e3a89cc306cad5e6a28803fa4caf9a0ba1a6f9c671f935e99479566794cf,holography-on-ionq/Testing flow/Circuits/Data_batch/WH/Data_0785_027/72_Data_withMagic_theta_0785_mu_027_bound_ZZXX_rx010_ry020_rz000_xx027.qpy,holography-on-ionq/Testing flow/wormhole_data_analysis.ipynb,WH10-D-C016,23a53462d3cc06e1,3,1250,1250
WH10,wh10_final_selected,0785_027,boundary,ZZXY,73,73_Data_withMagic_theta_0785_mu_027_bound_ZZXY_rx010_ry020_rz000_xx027.qpy,data/executed_circuits/WH10/0785_027/73_Data_withMagic_theta_0785_mu_027_bound_ZZXY_rx010_ry020_rz000_xx027.qpy,ab09ccd84881026bd6b299ccc34a611634f82b6c7387d035ea00becb534d26af,holography-on-ionq/Testing flow/Circuits/Data_batch/WH/Data_0785_027/73_Data_withMagic_theta_0785_mu_027_bound_ZZXY_rx010_ry020_rz000_xx027.qpy,holography-on-ionq/Testing flow/wormhole_data_analysis.ipynb,WH10-D-C016,23a53462d3cc06e1,3,1250,1250
WH10,wh10_final_selected,0785_027,boundary,ZZXZ,74,74_Data_withMagic_theta_0785_mu_027_bound_ZZXZ_rx010_ry020_rz000_xx027.qpy,data/executed_circuits/WH10/0785_027/74_Data_withMagic_theta_0785_mu_027_bound_ZZXZ_rx010_ry020_rz000_xx027.qpy,61d21a74f2074337246d3377ce97cd78082f3c023bdd5df3c34594c8064fbbaf,holography-on-ionq/Testing flow/Circuits/Data_batch/WH/Data_0785_027/74_Data_withMagic_theta_0785_mu_027_bound_ZZXZ_rx010_ry020_rz000_xx027.qpy,holography-on-ionq/Testing flow/wormhole_data_analysis.ipynb,WH10-D-C016,23a53462d3cc06e1,3,1250,1250
WH10,wh10_final_selected,0785_027,boundary,ZZYX,75,75_Data_withMagic_theta_0785_mu_027_bound_ZZYX_rx010_ry020_rz000_xx027.qpy,data/executed_circuits/WH10/0785_027/75_Data_withMagic_theta_0785_mu_027_bound_ZZYX_rx010_ry020_rz000_xx027.qpy,29c90ca495aacd9cb567709c5f54128d229183e85590b20dca799c35042ceb3f,holography-on-ionq/Testing flow/Circuits/Data_batch/WH/Data_0785_027/75_Data_withMagic_theta_0785_mu_027_bound_ZZYX_rx010_ry020_rz000_xx027.qpy,holography-on-ionq/Testing flow/wormhole_data_analysis.ipynb,WH10-D-C016,23a53462d3cc06e1,3,1250,1250
WH10,wh10_final_selected,0785_027,boundary,ZZYY,76,76_Data_withMagic_theta_0785_mu_027_bound_ZZYY_rx010_ry020_rz000_xx027.qpy,data/executed_circuits/WH10/0785_027/76_Data_withMagic_theta_0785_mu_027_bound_ZZYY_rx010_ry020_rz000_xx027.qpy,784aec85e64d474e704d1a563718ef84b1a2e02cd25c4e120ef6a613cb91d3e5,holography-on-ionq/Testing flow/Circuits/Data_batch/WH/Data_0785_027/76_Data_withMagic_theta_0785_mu_027_bound_ZZYY_rx010_ry020_rz000_xx027.qpy,holography-on-ionq/Testing flow/wormhole_data_analysis.ipynb,WH10-D-C016,23a53462d3cc06e1,3,1250,1250
WH10,wh10_final_selected,0785_027,boundary,ZZYZ,77,77_Data_withMagic_theta_0785_mu_027_bound_ZZYZ_rx010_ry020_rz000_xx027.qpy,data/executed_circuits/WH10/0785_027/77_Data_withMagic_theta_0785_mu_027_bound_ZZYZ_rx010_ry020_rz000_xx027.qpy,464a1e18073b980c134c6f55b70be2fb6cde4524c95cbb257ced7186b54ec0bf,holography-on-ionq/Testing flow/Circuits/Data_batch/WH/Data_0785_027/77_Data_withMagic_theta_0785_mu_027_bound_ZZYZ_rx010_ry020_rz000_xx027.qpy,holography-on-ionq/Testing flow/wormhole_data_analysis.ipynb,WH10-D-C016,23a53462d3cc06e1,3,1250,1250
WH10,wh10_final_selected,0785_027,boundary,ZZZX,78,78_Data_withMagic_theta_0785_mu_027_bound_ZZZX_rx010_ry020_rz000_xx027.qpy,data/executed_circuits/WH10/0785_027/78_Data_withMagic_theta_0785_mu_027_bound_ZZZX_rx010_ry020_rz000_xx027.qpy,3ec1c1f359fec51a498ad2ee925bd77a2317ef5e53d1a754ee550da2df67fd2b,holography-on-ionq/Testing flow/Circuits/Data_batch/WH/Data_0785_027/78_Data_withMagic_theta_0785_mu_027_bound_ZZZX_rx010_ry020_rz000_xx027.qpy,holography-on-ionq/Testing flow/wormhole_data_analysis.ipynb,WH10-D-C016,23a53462d3cc06e1,3,1250,1250
WH10,wh10_final_selected,0785_027,boundary,ZZZY,79,79_Data_withMagic_theta_0785_mu_027_bound_ZZZY_rx010_ry020_rz000_xx027.qpy,data/executed_circuits/WH10/0785_027/79_Data_withMagic_theta_0785_mu_027_bound_ZZZY_rx010_ry020_rz000_xx027.qpy,fa17b7b26d3153cdffde84bf74e728d72f4d874460edb0b8ee5ab36ab36983e9,holography-on-ionq/Testing flow/Circuits/Data_batch/WH/Data_0785_027/79_Data_withMagic_theta_0785_mu_027_bound_ZZZY_rx010_ry020_rz000_xx027.qpy,holography-on-ionq/Testing flow/wormhole_data_analysis.ipynb,WH10-D-C016,23a53462d3cc06e1,3,1250,1250
WH10,wh10_final_selected,0785_027,boundary,ZZZZ,80,80_Data_withMagic_theta_0785_mu_027_bound_ZZZZ_rx010_ry020_rz000_xx027.qpy,data/executed_circuits/WH10/0785_027/80_Data_withMagic_theta_0785_mu_027_bound_ZZZZ_rx010_ry020_rz000_xx027.qpy,7e194953a3957d7b65a8654eabf47da013ea5f0abad00d4fe23bd82ff889171c,holography-on-ionq/Testing flow/Circuits/Data_batch/WH/Data_0785_027/80_Data_withMagic_theta_0785_mu_027_bound_ZZZZ_rx010_ry020_rz000_xx027.qpy,holography-on-ionq/Testing flow/wormhole_data_analysis.ipynb,WH10-D-C016,23a53462d3cc06e1,3,1250,1250
WH10,wh10_final_selected,0785_027,bulk,XX,81,81_Data_withMagic_theta_0785_mu_027_bulk_XX_rx010_ry020_rz000_xx027.qpy,data/executed_circuits/WH10/0785_027/81_Data_withMagic_theta_0785_mu_027_bulk_XX_rx010_ry020_rz000_xx027.qpy,bcc89d5ba3b89888209d65b54aed77beb5fa60d405adc7054fbc4592300f8762,holography-on-ionq/Testing flow/Circuits/Data_batch/WH/Data_0785_027/81_Data_withMagic_theta_0785_mu_027_bulk_XX_rx010_ry020_rz000_xx027.qpy,holography-on-ionq/Testing flow/wormhole_data_analysis.ipynb,WH10-D-C016,23a53462d3cc06e1,3,1250,1250
WH10,wh10_final_selected,0785_027,bulk,XY,82,82_Data_withMagic_theta_0785_mu_027_bulk_XY_rx010_ry020_rz000_xx027.qpy,data/executed_circuits/WH10/0785_027/82_Data_withMagic_theta_0785_mu_027_bulk_XY_rx010_ry020_rz000_xx027.qpy,525e6e0defadf8ba124d7b314df27f867767805a6c9d026f4c45b67b382ceccc,holography-on-ionq/Testing flow/Circuits/Data_batch/WH/Data_0785_027/82_Data_withMagic_theta_0785_mu_027_bulk_XY_rx010_ry020_rz000_xx027.qpy,holography-on-ionq/Testing flow/wormhole_data_analysis.ipynb,WH10-D-C016,23a53462d3cc06e1,3,1250,1250
WH10,wh10_final_selected,0785_027,bulk,XZ,83,83_Data_withMagic_theta_0785_mu_027_bulk_XZ_rx010_ry020_rz000_xx027.qpy,data/executed_circuits/WH10/0785_027/83_Data_withMagic_theta_0785_mu_027_bulk_XZ_rx010_ry020_rz000_xx027.qpy,d67a2eb4af641f8c99e9bafc406a94d80bf341adae75bc5ec525658eb224c0f0,holography-on-ionq/Testing flow/Circuits/Data_batch/WH/Data_0785_027/83_Data_withMagic_theta_0785_mu_027_bulk_XZ_rx010_ry020_rz000_xx027.qpy,holography-on-ionq/Testing flow/wormhole_data_analysis.ipynb,WH10-D-C016,23a53462d3cc06e1,3,1250,1250
WH10,wh10_final_selected,0785_027,bulk,YX,84,84_Data_withMagic_theta_0785_mu_027_bulk_YX_rx010_ry020_rz000_xx027.qpy,data/executed_circuits/WH10/0785_027/84_Data_withMagic_theta_0785_mu_027_bulk_YX_rx010_ry020_rz000_xx027.qpy,2ab7f4b98342c470c02e186c124b3a46bc2dcf8e6a6b7bd8b522594c36a32611,holography-on-ionq/Testing flow/Circuits/Data_batch/WH/Data_0785_027/84_Data_withMagic_theta_0785_mu_027_bulk_YX_rx010_ry020_rz000_xx027.qpy,holography-on-ionq/Testing flow/wormhole_data_analysis.ipynb,WH10-D-C016,23a53462d3cc06e1,3,1250,1250
WH10,wh10_final_selected,0785_027,bulk,YY,85,85_Data_withMagic_theta_0785_mu_027_bulk_YY_rx010_ry020_rz000_xx027.qpy,data/executed_circuits/WH10/0785_027/85_Data_withMagic_theta_0785_mu_027_bulk_YY_rx010_ry020_rz000_xx027.qpy,2b671971ed7419c263ff410749a6ef9a630787a3b2a768a6a93d0c33bd79307b,holography-on-ionq/Testing flow/Circuits/Data_batch/WH/Data_0785_027/85_Data_withMagic_theta_0785_mu_027_bulk_YY_rx010_ry020_rz000_xx027.qpy,holography-on-ionq/Testing flow/wormhole_data_analysis.ipynb,WH10-D-C016,23a53462d3cc06e1,3,1250,1250
WH10,wh10_final_selected,0785_027,bulk,YZ,86,86_Data_withMagic_theta_0785_mu_027_bulk_YZ_rx010_ry020_rz000_xx027.qpy,data/executed_circuits/WH10/0785_027/86_Data_withMagic_theta_0785_mu_027_bulk_YZ_rx010_ry020_rz000_xx027.qpy,c934d503734115240f5347515eea7bf3fca8a491398ab461df6797c550782e36,holography-on-ionq/Testing flow/Circuits/Data_batch/WH/Data_0785_027/86_Data_withMagic_theta_0785_mu_027_bulk_YZ_rx010_ry020_rz000_xx027.qpy,holography-on-ionq/Testing flow/wormhole_data_analysis.ipynb,WH10-D-C016,23a53462d3cc06e1,3,1250,1250
WH10,wh10_final_selected,0785_027,bulk,ZX,87,87_Data_withMagic_theta_0785_mu_027_bulk_ZX_rx010_ry020_rz000_xx027.qpy,data/executed_circuits/WH10/0785_027/87_Data_withMagic_theta_0785_mu_027_bulk_ZX_rx010_ry020_rz000_xx027.qpy,f0f215763ae9a16f6071f70b27e441a3c129dcf5860767091b70a5d2eab347e1,holography-on-ionq/Testing flow/Circuits/Data_batch/WH/Data_0785_027/87_Data_withMagic_theta_0785_mu_027_bulk_ZX_rx010_ry020_rz000_xx027.qpy,holography-on-ionq/Testing flow/wormhole_data_analysis.ipynb,WH10-D-C016,23a53462d3cc06e1,3,1250,1250
WH10,wh10_final_selected,0785_027,bulk,ZY,88,88_Data_withMagic_theta_0785_mu_027_bulk_ZY_rx010_ry020_rz000_xx027.qpy,data/executed_circuits/WH10/0785_027/88_Data_withMagic_theta_0785_mu_027_bulk_ZY_rx010_ry020_rz000_xx027.qpy,db5f0aa219ec4fb11eea4446b0c4a906e3acb3297c0ed9ad7cc04c741d29b758,holography-on-ionq/Testing flow/Circuits/Data_batch/WH/Data_0785_027/88_Data_withMagic_theta_0785_mu_027_bulk_ZY_rx010_ry020_rz000_xx027.qpy,holography-on-ionq/Testing flow/wormhole_data_analysis.ipynb,WH10-D-C016,23a53462d3cc06e1,3,1250,1250
WH10,wh10_final_selected,0785_027,bulk,ZZ,89,89_Data_withMagic_theta_0785_mu_027_bulk_ZZ_rx010_ry020_rz000_xx027.qpy,data/executed_circuits/WH10/0785_027/89_Data_withMagic_theta_0785_mu_027_bulk_ZZ_rx010_ry020_rz000_xx027.qpy,9d7dcb029ca143e4d407c38aab846b0bbebda2864b4d6db173ffe905ceced3eb,holography-on-ionq/Testing flow/Circuits/Data_batch/WH/Data_0785_027/89_Data_withMagic_theta_0785_mu_027_bulk_ZZ_rx010_ry020_rz000_xx027.qpy,holography-on-ionq/Testing flow/wormhole_data_analysis.ipynb,WH10-D-C016,23a53462d3cc06e1,3,1250,1250
WH16,wh16_2026_03_19,0000_000,boundary,XXXX,0,000_Data_000_theta_0000_bound_XXXX_x_best_010_opt_recovery.qpy,data/executed_circuits/WH16/0000_000/000_Data_000_theta_0000_bound_XXXX_x_best_010_opt_recovery.qpy,4c4164b272d2d994ffa6f1ff3b1f3ea197516ffc939114c2bc34d8e08a28f277,holography-on-ionq/Testing flow/Circuits/Data_batch/WH16_2026-03-19/Data_0000_000/000_Data_000_theta_0000_bound_XXXX_x_best_010_opt_recovery.qpy,happy_ions/16-qubit-wormhole_cirq.ipynb,WH16-C-C039,53b1f35c6ba0ce91,8,,1000
WH16,wh16_2026_03_19,0000_000,boundary,XXXY,1,001_Data_000_theta_0000_bound_XXXY_x_best_010_opt_recovery.qpy,data/executed_circuits/WH16/0000_000/001_Data_000_theta_0000_bound_XXXY_x_best_010_opt_recovery.qpy,23a95fc0c66f0594aad8ba50ff0a26677c5289d0f39d0f3c8506f18db80a31f4,holography-on-ionq/Testing flow/Circuits/Data_batch/WH16_2026-03-19/Data_0000_000/001_Data_000_theta_0000_bound_XXXY_x_best_010_opt_recovery.qpy,happy_ions/16-qubit-wormhole_cirq.ipynb,WH16-C-C039,53b1f35c6ba0ce91,8,,1000
WH16,wh16_2026_03_19,0000_000,boundary,XXXZ,2,002_Data_000_theta_0000_bound_XXXZ_x_best_010_opt_recovery.qpy,data/executed_circuits/WH16/0000_000/002_Data_000_theta_0000_bound_XXXZ_x_best_010_opt_recovery.qpy,0f8d3d3bb21cc0d5317214a8e9c2d3d6c7e3c2d0fa4446d494e04f16536c2632,holography-on-ionq/Testing flow/Circuits/Data_batch/WH16_2026-03-19/Data_0000_000/002_Data_000_theta_0000_bound_XXXZ_x_best_010_opt_recovery.qpy,happy_ions/16-qubit-wormhole_cirq.ipynb,WH16-C-C039,53b1f35c6ba0ce91,8,,1000
WH16,wh16_2026_03_19,0000_000,boundary,XXYX,3,003_Data_000_theta_0000_bound_XXYX_x_best_010_opt_recovery.qpy,data/executed_circuits/WH16/0000_000/003_Data_000_theta_0000_bound_XXYX_x_best_010_opt_recovery.qpy,7249d256bf3edd5bb17f8e2ac172f1e89356e2e49c377aae23e87b22e4028129,holography-on-ionq/Testing flow/Circuits/Data_batch/WH16_2026-03-19/Data_0000_000/003_Data_000_theta_0000_bound_XXYX_x_best_010_opt_recovery.qpy,happy_ions/16-qubit-wormhole_cirq.ipynb,WH16-C-C039,53b1f35c6ba0ce91,8,,1000
WH16,wh16_2026_03_19,0000_000,boundary,XXYY,4,004_Data_000_theta_0000_bound_XXYY_x_best_010_opt_recovery.qpy,data/executed_circuits/WH16/0000_000/004_Data_000_theta_0000_bound_XXYY_x_best_010_opt_recovery.qpy,25ed042fdeed181671d748f4717333eeaf59b369e0073075b224017dc0390808,holography-on-ionq/Testing flow/Circuits/Data_batch/WH16_2026-03-19/Data_0000_000/004_Data_000_theta_0000_bound_XXYY_x_best_010_opt_recovery.qpy,happy_ions/16-qubit-wormhole_cirq.ipynb,WH16-C-C039,53b1f35c6ba0ce91,8,,1000
WH16,wh16_2026_03_19,0000_000,boundary,XXYZ,5,005_Data_000_theta_0000_bound_XXYZ_x_best_010_opt_recovery.qpy,data/executed_circuits/WH16/0000_000/005_Data_000_theta_0000_bound_XXYZ_x_best_010_opt_recovery.qpy,b190df4c86760585ebd0e437b58391fdbb560763597a366e5b9e679a8b8106a0,holography-on-ionq/Testing flow/Circuits/Data_batch/WH16_2026-03-19/Data_0000_000/005_Data_000_theta_0000_bound_XXYZ_x_best_010_opt_recovery.qpy,happy_ions/16-qubit-wormhole_cirq.ipynb,WH16-C-C039,53b1f35c6ba0ce91,8,,1000
WH16,wh16_2026_03_19,0000_000,boundary,XXZX,6,006_Data_000_theta_0000_bound_XXZX_x_best_010_opt_recovery.qpy,data/executed_circuits/WH16/0000_000/006_Data_000_theta_0000_bound_XXZX_x_best_010_opt_recovery.qpy,d211c443dd81bff3654925c3b7b0fc4756a4c8d87fd0e74ca41724a2f95b1b75,holography-on-ionq/Testing flow/Circuits/Data_batch/WH16_2026-03-19/Data_0000_000/006_Data_000_theta_0000_bound_XXZX_x_best_010_opt_recovery.qpy,happy_ions/16-qubit-wormhole_cirq.ipynb,WH16-C-C039,53b1f35c6ba0ce91,8,,1000
WH16,wh16_2026_03_19,0000_000,boundary,XXZY,7,007_Data_000_theta_0000_bound_XXZY_x_best_010_opt_recovery.qpy,data/executed_circuits/WH16/0000_000/007_Data_000_theta_0000_bound_XXZY_x_best_010_opt_recovery.qpy,ae23716a8c2f8395d56732d84de23ea5571271a44ec9a0a65a739d256d8becb1,holography-on-ionq/Testing flow/Circuits/Data_batch/WH16_2026-03-19/Data_0000_000/007_Data_000_theta_0000_bound_XXZY_x_best_010_opt_recovery.qpy,happy_ions/16-qubit-wormhole_cirq.ipynb,WH16-C-C039,53b1f35c6ba0ce91,8,,1000
WH16,wh16_2026_03_19,0000_000,boundary,XXZZ,8,008_Data_000_theta_0000_bound_XXZZ_x_best_010_opt_recovery.qpy,data/executed_circuits/WH16/0000_000/008_Data_000_theta_0000_bound_XXZZ_x_best_010_opt_recovery.qpy,137aa03dc4b668a907291f2b2668ce765588678464040d0c1bba613b46a867e9,holography-on-ionq/Testing flow/Circuits/Data_batch/WH16_2026-03-19/Data_0000_000/008_Data_000_theta_0000_bound_XXZZ_x_best_010_opt_recovery.qpy,happy_ions/16-qubit-wormhole_cirq.ipynb,WH16-C-C039,53b1f35c6ba0ce91,8,,1000
WH16,wh16_2026_03_19,0000_000,boundary,XYXX,9,009_Data_000_theta_0000_bound_XYXX_x_best_010_opt_recovery.qpy,data/executed_circuits/WH16/0000_000/009_Data_000_theta_0000_bound_XYXX_x_best_010_opt_recovery.qpy,0e5017d4a15b96767c17433b6644516570b1e0963b3b2fef0a79e256193f6d64,holography-on-ionq/Testing flow/Circuits/Data_batch/WH16_2026-03-19/Data_0000_000/009_Data_000_theta_0000_bound_XYXX_x_best_010_opt_recovery.qpy,happy_ions/16-qubit-wormhole_cirq.ipynb,WH16-C-C039,53b1f35c6ba0ce91,8,,1000
WH16,wh16_2026_03_19,0000_000,boundary,XYXY,10,010_Data_000_theta_0000_bound_XYXY_x_best_010_opt_recovery.qpy,data/executed_circuits/WH16/0000_000/010_Data_000_theta_0000_bound_XYXY_x_best_010_opt_recovery.qpy,5b3cb806a31620962ce6c69513a86f7b8c91fa967da066e8e420a2814eed759b,holography-on-ionq/Testing flow/Circuits/Data_batch/WH16_2026-03-19/Data_0000_000/010_Data_000_theta_0000_bound_XYXY_x_best_010_opt_recovery.qpy,happy_ions/16-qubit-wormhole_cirq.ipynb,WH16-C-C039,53b1f35c6ba0ce91,8,,1000
WH16,wh16_2026_03_19,0000_000,boundary,XYXZ,11,011_Data_000_theta_0000_bound_XYXZ_x_best_010_opt_recovery.qpy,data/executed_circuits/WH16/0000_000/011_Data_000_theta_0000_bound_XYXZ_x_best_010_opt_recovery.qpy,29dedffcd8db6bba7152944001311244e56de3ab78701cb48a152cea38e1738e,holography-on-ionq/Testing flow/Circuits/Data_batch/WH16_2026-03-19/Data_0000_000/011_Data_000_theta_0000_bound_XYXZ_x_best_010_opt_recovery.qpy,happy_ions/16-qubit-wormhole_cirq.ipynb,WH16-C-C039,53b1f35c6ba0ce91,8,,1000
WH16,wh16_2026_03_19,0000_000,boundary,XYYX,12,012_Data_000_theta_0000_bound_XYYX_x_best_010_opt_recovery.qpy,data/executed_circuits/WH16/0000_000/012_Data_000_theta_0000_bound_XYYX_x_best_010_opt_recovery.qpy,faec3e629d66c48f4ccc9dc3c81991f5b1b34b88b1812baeb2e3a68a4a2d376c,holography-on-ionq/Testing flow/Circuits/Data_batch/WH16_2026-03-19/Data_0000_000/012_Data_000_theta_0000_bound_XYYX_x_best_010_opt_recovery.qpy,happy_ions/16-qubit-wormhole_cirq.ipynb,WH16-C-C039,53b1f35c6ba0ce91,8,,1000
WH16,wh16_2026_03_19,0000_000,boundary,XYYY,13,013_Data_000_theta_0000_bound_XYYY_x_best_010_opt_recovery.qpy,data/executed_circuits/WH16/0000_000/013_Data_000_theta_0000_bound_XYYY_x_best_010_opt_recovery.qpy,6ace53ecdaa483d1505d6d56d27e90cc976cb73b77e9569b290270bf8f8f720e,holography-on-ionq/Testing flow/Circuits/Data_batch/WH16_2026-03-19/Data_0000_000/013_Data_000_theta_0000_bound_XYYY_x_best_010_opt_recovery.qpy,happy_ions/16-qubit-wormhole_cirq.ipynb,WH16-C-C039,53b1f35c6ba0ce91,8,,1000
WH16,wh16_2026_03_19,0000_000,boundary,XYYZ,14,014_Data_000_theta_0000_bound_XYYZ_x_best_010_opt_recovery.qpy,data/executed_circuits/WH16/0000_000/014_Data_000_theta_0000_bound_XYYZ_x_best_010_opt_recovery.qpy,142b5ff4b43a0d84db58fbcbe698e2adffc215ab7cdbca65e33cd17d82bfba61,holography-on-ionq/Testing flow/Circuits/Data_batch/WH16_2026-03-19/Data_0000_000/014_Data_000_theta_0000_bound_XYYZ_x_best_010_opt_recovery.qpy,happy_ions/16-qubit-wormhole_cirq.ipynb,WH16-C-C039,53b1f35c6ba0ce91,8,,1000
WH16,wh16_2026_03_19,0000_000,boundary,XYZX,15,015_Data_000_theta_0000_bound_XYZX_x_best_010_opt_recovery.qpy,data/executed_circuits/WH16/0000_000/015_Data_000_theta_0000_bound_XYZX_x_best_010_opt_recovery.qpy,3ff09bf9e990ba57edee81568d92c7d9701ab15a40be9880da428c710b549a60,holography-on-ionq/Testing flow/Circuits/Data_batch/WH16_2026-03-19/Data_0000_000/015_Data_000_theta_0000_bound_XYZX_x_best_010_opt_recovery.qpy,happy_ions/16-qubit-wormhole_cirq.ipynb,WH16-C-C039,53b1f35c6ba0ce91,8,,1000
WH16,wh16_2026_03_19,0000_000,boundary,XYZY,16,016_Data_000_theta_0000_bound_XYZY_x_best_010_opt_recovery.qpy,data/executed_circuits/WH16/0000_000/016_Data_000_theta_0000_bound_XYZY_x_best_010_opt_recovery.qpy,10a9fcfd7de48b526dfac8a8b38f733ef2f8752465b3c3a21377cb617c8c4a5a,holography-on-ionq/Testing flow/Circuits/Data_batch/WH16_2026-03-19/Data_0000_000/016_Data_000_theta_0000_bound_XYZY_x_best_010_opt_recovery.qpy,happy_ions/16-qubit-wormhole_cirq.ipynb,WH16-C-C039,53b1f35c6ba0ce91,8,,1000
WH16,wh16_2026_03_19,0000_000,boundary,XYZZ,17,017_Data_000_theta_0000_bound_XYZZ_x_best_010_opt_recovery.qpy,data/executed_circuits/WH16/0000_000/017_Data_000_theta_0000_bound_XYZZ_x_best_010_opt_recovery.qpy,5b82266425ddc781664cddb41d1887b4c7d6a02bb0acd3742fb4f3ab21469e97,holography-on-ionq/Testing flow/Circuits/Data_batch/WH16_2026-03-19/Data_0000_000/017_Data_000_theta_0000_bound_XYZZ_x_best_010_opt_recovery.qpy,happy_ions/16-qubit-wormhole_cirq.ipynb,WH16-C-C039,53b1f35c6ba0ce91,8,,1000
WH16,wh16_2026_03_19,0000_000,boundary,XZXX,18,018_Data_000_theta_0000_bound_XZXX_x_best_010_opt_recovery.qpy,data/executed_circuits/WH16/0000_000/018_Data_000_theta_0000_bound_XZXX_x_best_010_opt_recovery.qpy,8ef294b201b289fbc92c029346d544b31cf07ffd959e2eefd9867c2c1173e1d0,holography-on-ionq/Testing flow/Circuits/Data_batch/WH16_2026-03-19/Data_0000_000/018_Data_000_theta_0000_bound_XZXX_x_best_010_opt_recovery.qpy,happy_ions/16-qubit-wormhole_cirq.ipynb,WH16-C-C039,53b1f35c6ba0ce91,8,,1000
WH16,wh16_2026_03_19,0000_000,boundary,XZXY,19,019_Data_000_theta_0000_bound_XZXY_x_best_010_opt_recovery.qpy,data/executed_circuits/WH16/0000_000/019_Data_000_theta_0000_bound_XZXY_x_best_010_opt_recovery.qpy,f137cc194d23df5c26196bb6dd15bae40bc34767f2cfcb962a8a619d62c12849,holography-on-ionq/Testing flow/Circuits/Data_batch/WH16_2026-03-19/Data_0000_000/019_Data_000_theta_0000_bound_XZXY_x_best_010_opt_recovery.qpy,happy_ions/16-qubit-wormhole_cirq.ipynb,WH16-C-C039,53b1f35c6ba0ce91,8,,1000
WH16,wh16_2026_03_19,0000_000,boundary,XZXZ,20,020_Data_000_theta_0000_bound_XZXZ_x_best_010_opt_recovery.qpy,data/executed_circuits/WH16/0000_000/020_Data_000_theta_0000_bound_XZXZ_x_best_010_opt_recovery.qpy,2c2a5772ba8e3982827c5d11c46795c964bdf16195320cb4029c97edf14aadca,holography-on-ionq/Testing flow/Circuits/Data_batch/WH16_2026-03-19/Data_0000_000/020_Data_000_theta_0000_bound_XZXZ_x_best_010_opt_recovery.qpy,happy_ions/16-qubit-wormhole_cirq.ipynb,WH16-C-C039,53b1f35c6ba0ce91,8,,1000
WH16,wh16_2026_03_19,0000_000,boundary,XZYX,21,021_Data_000_theta_0000_bound_XZYX_x_best_010_opt_recovery.qpy,data/executed_circuits/WH16/0000_000/021_Data_000_theta_0000_bound_XZYX_x_best_010_opt_recovery.qpy,7ba385ef53ac7e62d74fde5839f380a17003a85d2e4c225a7038635a217ea928,holography-on-ionq/Testing flow/Circuits/Data_batch/WH16_2026-03-19/Data_0000_000/021_Data_000_theta_0000_bound_XZYX_x_best_010_opt_recovery.qpy,happy_ions/16-qubit-wormhole_cirq.ipynb,WH16-C-C039,53b1f35c6ba0ce91,8,,1000
WH16,wh16_2026_03_19,0000_000,boundary,XZYY,22,022_Data_000_theta_0000_bound_XZYY_x_best_010_opt_recovery.qpy,data/executed_circuits/WH16/0000_000/022_Data_000_theta_0000_bound_XZYY_x_best_010_opt_recovery.qpy,4143b1829199de51cf030ed0e1580af411ec1ae7a22f63376ecc60e75dd8e73a,holography-on-ionq/Testing flow/Circuits/Data_batch/WH16_2026-03-19/Data_0000_000/022_Data_000_theta_0000_bound_XZYY_x_best_010_opt_recovery.qpy,happy_ions/16-qubit-wormhole_cirq.ipynb,WH16-C-C039,53b1f35c6ba0ce91,8,,1000
WH16,wh16_2026_03_19,0000_000,boundary,XZYZ,23,023_Data_000_theta_0000_bound_XZYZ_x_best_010_opt_recovery.qpy,data/executed_circuits/WH16/0000_000/023_Data_000_theta_0000_bound_XZYZ_x_best_010_opt_recovery.qpy,235faf30bf0b9591b0baa4c921dde4054a8890ec75ea3425ea7561342a4b5d3d,holography-on-ionq/Testing flow/Circuits/Data_batch/WH16_2026-03-19/Data_0000_000/023_Data_000_theta_0000_bound_XZYZ_x_best_010_opt_recovery.qpy,happy_ions/16-qubit-wormhole_cirq.ipynb,WH16-C-C039,53b1f35c6ba0ce91,8,,1000
WH16,wh16_2026_03_19,0000_000,boundary,XZZX,24,024_Data_000_theta_0000_bound_XZZX_x_best_010_opt_recovery.qpy,data/executed_circuits/WH16/0000_000/024_Data_000_theta_0000_bound_XZZX_x_best_010_opt_recovery.qpy,46d6ed7ffdec9e03a77445f31e685b5a31b5fd9c418779566b94e4264fb6125a,holography-on-ionq/Testing flow/Circuits/Data_batch/WH16_2026-03-19/Data_0000_000/024_Data_000_theta_0000_bound_XZZX_x_best_010_opt_recovery.qpy,happy_ions/16-qubit-wormhole_cirq.ipynb,WH16-C-C039,53b1f35c6ba0ce91,8,,1000
WH16,wh16_2026_03_19,0000_000,boundary,XZZY,25,025_Data_000_theta_0000_bound_XZZY_x_best_010_opt_recovery.qpy,data/executed_circuits/WH16/0000_000/025_Data_000_theta_0000_bound_XZZY_x_best_010_opt_recovery.qpy,3a72b00f2459e4a71c4e5ddea882650dcddd9b552a07457933216b3426060975,holography-on-ionq/Testing flow/Circuits/Data_batch/WH16_2026-03-19/Data_0000_000/025_Data_000_theta_0000_bound_XZZY_x_best_010_opt_recovery.qpy,happy_ions/16-qubit-wormhole_cirq.ipynb,WH16-C-C039,53b1f35c6ba0ce91,8,,1000
WH16,wh16_2026_03_19,0000_000,boundary,XZZZ,26,026_Data_000_theta_0000_bound_XZZZ_x_best_010_opt_recovery.qpy,data/executed_circuits/WH16/0000_000/026_Data_000_theta_0000_bound_XZZZ_x_best_010_opt_recovery.qpy,4cf7ceacda9eaa9101692b320a2bfc304f972c8db5807fa9ceba210b18017fc3,holography-on-ionq/Testing flow/Circuits/Data_batch/WH16_2026-03-19/Data_0000_000/026_Data_000_theta_0000_bound_XZZZ_x_best_010_opt_recovery.qpy,happy_ions/16-qubit-wormhole_cirq.ipynb,WH16-C-C039,53b1f35c6ba0ce91,8,,1000
WH16,wh16_2026_03_19,0000_000,boundary,YXXX,27,027_Data_000_theta_0000_bound_YXXX_x_best_010_opt_recovery.qpy,data/executed_circuits/WH16/0000_000/027_Data_000_theta_0000_bound_YXXX_x_best_010_opt_recovery.qpy,d4f0b52caef93d83f00810c0c11adcd62a10040555373cb91f6c2168f387289d,holography-on-ionq/Testing flow/Circuits/Data_batch/WH16_2026-03-19/Data_0000_000/027_Data_000_theta_0000_bound_YXXX_x_best_010_opt_recovery.qpy,happy_ions/16-qubit-wormhole_cirq.ipynb,WH16-C-C039,53b1f35c6ba0ce91,8,,1000
WH16,wh16_2026_03_19,0000_000,boundary,YXXY,28,028_Data_000_theta_0000_bound_YXXY_x_best_010_opt_recovery.qpy,data/executed_circuits/WH16/0000_000/028_Data_000_theta_0000_bound_YXXY_x_best_010_opt_recovery.qpy,e9e5ec7738a86d5c53fa060d947a4197c2bc55d9dbbd7af25be57bde1cd73e2e,holography-on-ionq/Testing flow/Circuits/Data_batch/WH16_2026-03-19/Data_0000_000/028_Data_000_theta_0000_bound_YXXY_x_best_010_opt_recovery.qpy,happy_ions/16-qubit-wormhole_cirq.ipynb,WH16-C-C039,53b1f35c6ba0ce91,8,,1000
WH16,wh16_2026_03_19,0000_000,boundary,YXXZ,29,029_Data_000_theta_0000_bound_YXXZ_x_best_010_opt_recovery.qpy,data/executed_circuits/WH16/0000_000/029_Data_000_theta_0000_bound_YXXZ_x_best_010_opt_recovery.qpy,5b1af6526bf18233c89d5ef27f2abed4a053638871563e9d32ead1f623531bcd,holography-on-ionq/Testing flow/Circuits/Data_batch/WH16_2026-03-19/Data_0000_000/029_Data_000_theta_0000_bound_YXXZ_x_best_010_opt_recovery.qpy,happy_ions/16-qubit-wormhole_cirq.ipynb,WH16-C-C039,53b1f35c6ba0ce91,8,,1000
WH16,wh16_2026_03_19,0000_000,boundary,YXYX,30,030_Data_000_theta_0000_bound_YXYX_x_best_010_opt_recovery.qpy,data/executed_circuits/WH16/0000_000/030_Data_000_theta_0000_bound_YXYX_x_best_010_opt_recovery.qpy,13e46dcf08f2f2938ca9800dcd1b55467c26010ebc6cf85a3bfe7e8a68ef3b76,holography-on-ionq/Testing flow/Circuits/Data_batch/WH16_2026-03-19/Data_0000_000/030_Data_000_theta_0000_bound_YXYX_x_best_010_opt_recovery.qpy,happy_ions/16-qubit-wormhole_cirq.ipynb,WH16-C-C039,53b1f35c6ba0ce91,8,,1000
WH16,wh16_2026_03_19,0000_000,boundary,YXYY,31,031_Data_000_theta_0000_bound_YXYY_x_best_010_opt_recovery.qpy,data/executed_circuits/WH16/0000_000/031_Data_000_theta_0000_bound_YXYY_x_best_010_opt_recovery.qpy,a15a8ae2424abc7bb9cf44bbe9d3880faf4f21afb03587ea0270aaca9efe8218,holography-on-ionq/Testing flow/Circuits/Data_batch/WH16_2026-03-19/Data_0000_000/031_Data_000_theta_0000_bound_YXYY_x_best_010_opt_recovery.qpy,happy_ions/16-qubit-wormhole_cirq.ipynb,WH16-C-C039,53b1f35c6ba0ce91,8,,1000
WH16,wh16_2026_03_19,0000_000,boundary,YXYZ,32,032_Data_000_theta_0000_bound_YXYZ_x_best_010_opt_recovery.qpy,data/executed_circuits/WH16/0000_000/032_Data_000_theta_0000_bound_YXYZ_x_best_010_opt_recovery.qpy,3ae5e25b71c19dd80006a5a005f5c76b9722e922a2681389a50e69dd5f1c8644,holography-on-ionq/Testing flow/Circuits/Data_batch/WH16_2026-03-19/Data_0000_000/032_Data_000_theta_0000_bound_YXYZ_x_best_010_opt_recovery.qpy,happy_ions/16-qubit-wormhole_cirq.ipynb,WH16-C-C039,53b1f35c6ba0ce91,8,,1000
WH16,wh16_2026_03_19,0000_000,boundary,YXZX,33,033_Data_000_theta_0000_bound_YXZX_x_best_010_opt_recovery.qpy,data/executed_circuits/WH16/0000_000/033_Data_000_theta_0000_bound_YXZX_x_best_010_opt_recovery.qpy,5e4e3bf974074afb0d2ac5fad5280b9b09abc4a8b147f60d1151e2b2dd3ad1eb,holography-on-ionq/Testing flow/Circuits/Data_batch/WH16_2026-03-19/Data_0000_000/033_Data_000_theta_0000_bound_YXZX_x_best_010_opt_recovery.qpy,happy_ions/16-qubit-wormhole_cirq.ipynb,WH16-C-C039,53b1f35c6ba0ce91,8,,1000
WH16,wh16_2026_03_19,0000_000,boundary,YXZY,34,034_Data_000_theta_0000_bound_YXZY_x_best_010_opt_recovery.qpy,data/executed_circuits/WH16/0000_000/034_Data_000_theta_0000_bound_YXZY_x_best_010_opt_recovery.qpy,13f76b4719c0a21e05764993a0c6c388857c29dbd0f5c2274eacd2ec7048eb36,holography-on-ionq/Testing flow/Circuits/Data_batch/WH16_2026-03-19/Data_0000_000/034_Data_000_theta_0000_bound_YXZY_x_best_010_opt_recovery.qpy,happy_ions/16-qubit-wormhole_cirq.ipynb,WH16-C-C039,53b1f35c6ba0ce91,8,,1000
WH16,wh16_2026_03_19,0000_000,boundary,YXZZ,35,035_Data_000_theta_0000_bound_YXZZ_x_best_010_opt_recovery.qpy,data/executed_circuits/WH16/0000_000/035_Data_000_theta_0000_bound_YXZZ_x_best_010_opt_recovery.qpy,bd0bb22a2f6afd252b322ac4a08c1a9bc85f7f7ffdddceee84dac17809680211,holography-on-ionq/Testing flow/Circuits/Data_batch/WH16_2026-03-19/Data_0000_000/035_Data_000_theta_0000_bound_YXZZ_x_best_010_opt_recovery.qpy,happy_ions/16-qubit-wormhole_cirq.ipynb,WH16-C-C039,53b1f35c6ba0ce91,8,,1000
WH16,wh16_2026_03_19,0000_000,boundary,YYXX,36,036_Data_000_theta_0000_bound_YYXX_x_best_010_opt_recovery.qpy,data/executed_circuits/WH16/0000_000/036_Data_000_theta_0000_bound_YYXX_x_best_010_opt_recovery.qpy,abf6e87db5840334eb799a30a314b0511b72f3c70101531e5bba505cb469c291,holography-on-ionq/Testing flow/Circuits/Data_batch/WH16_2026-03-19/Data_0000_000/036_Data_000_theta_0000_bound_YYXX_x_best_010_opt_recovery.qpy,happy_ions/16-qubit-wormhole_cirq.ipynb,WH16-C-C039,53b1f35c6ba0ce91,8,,1000
WH16,wh16_2026_03_19,0000_000,boundary,YYXY,37,037_Data_000_theta_0000_bound_YYXY_x_best_010_opt_recovery.qpy,data/executed_circuits/WH16/0000_000/037_Data_000_theta_0000_bound_YYXY_x_best_010_opt_recovery.qpy,b59d7068e5bf222600bf0c5ad4a6cc1b517313b266752beb48d7864d49d2c8a6,holography-on-ionq/Testing flow/Circuits/Data_batch/WH16_2026-03-19/Data_0000_000/037_Data_000_theta_0000_bound_YYXY_x_best_010_opt_recovery.qpy,happy_ions/16-qubit-wormhole_cirq.ipynb,WH16-C-C039,53b1f35c6ba0ce91,8,,1000
WH16,wh16_2026_03_19,0000_000,boundary,YYXZ,38,038_Data_000_theta_0000_bound_YYXZ_x_best_010_opt_recovery.qpy,data/executed_circuits/WH16/0000_000/038_Data_000_theta_0000_bound_YYXZ_x_best_010_opt_recovery.qpy,1489df4010c5ebcfa4cb0b70b3693121b22f4c866969f9d18d2f5f1da05bfa8f,holography-on-ionq/Testing flow/Circuits/Data_batch/WH16_2026-03-19/Data_0000_000/038_Data_000_theta_0000_bound_YYXZ_x_best_010_opt_recovery.qpy,happy_ions/16-qubit-wormhole_cirq.ipynb,WH16-C-C039,53b1f35c6ba0ce91,8,,1000
WH16,wh16_2026_03_19,0000_000,boundary,YYYX,39,039_Data_000_theta_0000_bound_YYYX_x_best_010_opt_recovery.qpy,data/executed_circuits/WH16/0000_000/039_Data_000_theta_0000_bound_YYYX_x_best_010_opt_recovery.qpy,9b832fc11b1ffdee7f297aa0ee7620b661cbfa45938aa3b26bde11c7f18cf50a,holography-on-ionq/Testing flow/Circuits/Data_batch/WH16_2026-03-19/Data_0000_000/039_Data_000_theta_0000_bound_YYYX_x_best_010_opt_recovery.qpy,happy_ions/16-qubit-wormhole_cirq.ipynb,WH16-C-C039,53b1f35c6ba0ce91,8,,1000
WH16,wh16_2026_03_19,0000_000,boundary,YYYY,40,040_Data_000_theta_0000_bound_YYYY_x_best_010_opt_recovery.qpy,data/executed_circuits/WH16/0000_000/040_Data_000_theta_0000_bound_YYYY_x_best_010_opt_recovery.qpy,adccc36e14cce6f2893cfae010808865e5c41499cc80af2142a9462524ed9f50,holography-on-ionq/Testing flow/Circuits/Data_batch/WH16_2026-03-19/Data_0000_000/040_Data_000_theta_0000_bound_YYYY_x_best_010_opt_recovery.qpy,happy_ions/16-qubit-wormhole_cirq.ipynb,WH16-C-C039,53b1f35c6ba0ce91,8,,1000
WH16,wh16_2026_03_19,0000_000,boundary,YYYZ,41,041_Data_000_theta_0000_bound_YYYZ_x_best_010_opt_recovery.qpy,data/executed_circuits/WH16/0000_000/041_Data_000_theta_0000_bound_YYYZ_x_best_010_opt_recovery.qpy,c2f0b743cc310bc5554089c56efb0e94b63936c0b323f3b53533ec6826d11447,holography-on-ionq/Testing flow/Circuits/Data_batch/WH16_2026-03-19/Data_0000_000/041_Data_000_theta_0000_bound_YYYZ_x_best_010_opt_recovery.qpy,happy_ions/16-qubit-wormhole_cirq.ipynb,WH16-C-C039,53b1f35c6ba0ce91,8,,1000
WH16,wh16_2026_03_19,0000_000,boundary,YYZX,42,042_Data_000_theta_0000_bound_YYZX_x_best_010_opt_recovery.qpy,data/executed_circuits/WH16/0000_000/042_Data_000_theta_0000_bound_YYZX_x_best_010_opt_recovery.qpy,b227d4ba30ce6c299af6b9ccf4b1d811e8e9b56f98fb0f71d90b13b83fb4e7e4,holography-on-ionq/Testing flow/Circuits/Data_batch/WH16_2026-03-19/Data_0000_000/042_Data_000_theta_0000_bound_YYZX_x_best_010_opt_recovery.qpy,happy_ions/16-qubit-wormhole_cirq.ipynb,WH16-C-C039,53b1f35c6ba0ce91,8,,1000
WH16,wh16_2026_03_19,0000_000,boundary,YYZY,43,043_Data_000_theta_0000_bound_YYZY_x_best_010_opt_recovery.qpy,data/executed_circuits/WH16/0000_000/043_Data_000_theta_0000_bound_YYZY_x_best_010_opt_recovery.qpy,7b10abb16b4e217e97f572cf43b710bb8f0412152647aa7698784528902c6085,holography-on-ionq/Testing flow/Circuits/Data_batch/WH16_2026-03-19/Data_0000_000/043_Data_000_theta_0000_bound_YYZY_x_best_010_opt_recovery.qpy,happy_ions/16-qubit-wormhole_cirq.ipynb,WH16-C-C039,53b1f35c6ba0ce91,8,,1000
WH16,wh16_2026_03_19,0000_000,boundary,YYZZ,44,044_Data_000_theta_0000_bound_YYZZ_x_best_010_opt_recovery.qpy,data/executed_circuits/WH16/0000_000/044_Data_000_theta_0000_bound_YYZZ_x_best_010_opt_recovery.qpy,edcad0b51ad0a8b3ca7097d62bdb921305098fa4e97514039f9d46f1c212adad,holography-on-ionq/Testing flow/Circuits/Data_batch/WH16_2026-03-19/Data_0000_000/044_Data_000_theta_0000_bound_YYZZ_x_best_010_opt_recovery.qpy,happy_ions/16-qubit-wormhole_cirq.ipynb,WH16-C-C039,53b1f35c6ba0ce91,8,,1000
WH16,wh16_2026_03_19,0000_000,boundary,YZXX,45,045_Data_000_theta_0000_bound_YZXX_x_best_010_opt_recovery.qpy,data/executed_circuits/WH16/0000_000/045_Data_000_theta_0000_bound_YZXX_x_best_010_opt_recovery.qpy,b793055f4efd97b81dc69366ae3165cdb5716d9dd00eeeabbffe3ccdb0865e69,holography-on-ionq/Testing flow/Circuits/Data_batch/WH16_2026-03-19/Data_0000_000/045_Data_000_theta_0000_bound_YZXX_x_best_010_opt_recovery.qpy,happy_ions/16-qubit-wormhole_cirq.ipynb,WH16-C-C039,53b1f35c6ba0ce91,8,,1000
WH16,wh16_2026_03_19,0000_000,boundary,YZXY,46,046_Data_000_theta_0000_bound_YZXY_x_best_010_opt_recovery.qpy,data/executed_circuits/WH16/0000_000/046_Data_000_theta_0000_bound_YZXY_x_best_010_opt_recovery.qpy,2f0bca865e1d0f4f34bc8c4b3efd6b0e17fe6fc89d041fa3a7143463af380e04,holography-on-ionq/Testing flow/Circuits/Data_batch/WH16_2026-03-19/Data_0000_000/046_Data_000_theta_0000_bound_YZXY_x_best_010_opt_recovery.qpy,happy_ions/16-qubit-wormhole_cirq.ipynb,WH16-C-C039,53b1f35c6ba0ce91,8,,1000
WH16,wh16_2026_03_19,0000_000,boundary,YZXZ,47,047_Data_000_theta_0000_bound_YZXZ_x_best_010_opt_recovery.qpy,data/executed_circuits/WH16/0000_000/047_Data_000_theta_0000_bound_YZXZ_x_best_010_opt_recovery.qpy,bbc852a28583a53aefed7d1997a82d662ced1c0a42e7f5c2d2076e2dbd806c8d,holography-on-ionq/Testing flow/Circuits/Data_batch/WH16_2026-03-19/Data_0000_000/047_Data_000_theta_0000_bound_YZXZ_x_best_010_opt_recovery.qpy,happy_ions/16-qubit-wormhole_cirq.ipynb,WH16-C-C039,53b1f35c6ba0ce91,8,,1000
WH16,wh16_2026_03_19,0000_000,boundary,YZYX,48,048_Data_000_theta_0000_bound_YZYX_x_best_010_opt_recovery.qpy,data/executed_circuits/WH16/0000_000/048_Data_000_theta_0000_bound_YZYX_x_best_010_opt_recovery.qpy,84ecde7a7ae46440b2c433ce67bafe1d6fed880f0b12adf9ebd03f41d930261d,holography-on-ionq/Testing flow/Circuits/Data_batch/WH16_2026-03-19/Data_0000_000/048_Data_000_theta_0000_bound_YZYX_x_best_010_opt_recovery.qpy,happy_ions/16-qubit-wormhole_cirq.ipynb,WH16-C-C039,53b1f35c6ba0ce91,8,,1000
WH16,wh16_2026_03_19,0000_000,boundary,YZYY,49,049_Data_000_theta_0000_bound_YZYY_x_best_010_opt_recovery.qpy,data/executed_circuits/WH16/0000_000/049_Data_000_theta_0000_bound_YZYY_x_best_010_opt_recovery.qpy,48513acb158d81a5d6be5dd865174bed676415bca1b738f05b60a68f52e50ac6,holography-on-ionq/Testing flow/Circuits/Data_batch/WH16_2026-03-19/Data_0000_000/049_Data_000_theta_0000_bound_YZYY_x_best_010_opt_recovery.qpy,happy_ions/16-qubit-wormhole_cirq.ipynb,WH16-C-C039,53b1f35c6ba0ce91,8,,1000
WH16,wh16_2026_03_19,0000_000,boundary,YZYZ,50,050_Data_000_theta_0000_bound_YZYZ_x_best_010_opt_recovery.qpy,data/executed_circuits/WH16/0000_000/050_Data_000_theta_0000_bound_YZYZ_x_best_010_opt_recovery.qpy,77b5a21dc0ad00b48da33d364a314081d612ab52937de3728fb640be974e76d0,holography-on-ionq/Testing flow/Circuits/Data_batch/WH16_2026-03-19/Data_0000_000/050_Data_000_theta_0000_bound_YZYZ_x_best_010_opt_recovery.qpy,happy_ions/16-qubit-wormhole_cirq.ipynb,WH16-C-C039,53b1f35c6ba0ce91,8,,1000
WH16,wh16_2026_03_19,0000_000,boundary,YZZX,51,051_Data_000_theta_0000_bound_YZZX_x_best_010_opt_recovery.qpy,data/executed_circuits/WH16/0000_000/051_Data_000_theta_0000_bound_YZZX_x_best_010_opt_recovery.qpy,7d8a5b97b63b1f9dc0b11df47db7fe9a18efad5d9ae0c747b31b227ce8a02779,holography-on-ionq/Testing flow/Circuits/Data_batch/WH16_2026-03-19/Data_0000_000/051_Data_000_theta_0000_bound_YZZX_x_best_010_opt_recovery.qpy,happy_ions/16-qubit-wormhole_cirq.ipynb,WH16-C-C039,53b1f35c6ba0ce91,8,,1000
WH16,wh16_2026_03_19,0000_000,boundary,YZZY,52,052_Data_000_theta_0000_bound_YZZY_x_best_010_opt_recovery.qpy,data/executed_circuits/WH16/0000_000/052_Data_000_theta_0000_bound_YZZY_x_best_010_opt_recovery.qpy,6309b21f864635689984113d69b9760dd94a57809fcf059ac6c899186eecbfec,holography-on-ionq/Testing flow/Circuits/Data_batch/WH16_2026-03-19/Data_0000_000/052_Data_000_theta_0000_bound_YZZY_x_best_010_opt_recovery.qpy,happy_ions/16-qubit-wormhole_cirq.ipynb,WH16-C-C039,53b1f35c6ba0ce91,8,,1000
WH16,wh16_2026_03_19,0000_000,boundary,YZZZ,53,053_Data_000_theta_0000_bound_YZZZ_x_best_010_opt_recovery.qpy,data/executed_circuits/WH16/0000_000/053_Data_000_theta_0000_bound_YZZZ_x_best_010_opt_recovery.qpy,79efde429022a4609dfe5d2b4dabdf8b9d6e849e7395742ba0a6a67710dcaf10,holography-on-ionq/Testing flow/Circuits/Data_batch/WH16_2026-03-19/Data_0000_000/053_Data_000_theta_0000_bound_YZZZ_x_best_010_opt_recovery.qpy,happy_ions/16-qubit-wormhole_cirq.ipynb,WH16-C-C039,53b1f35c6ba0ce91,8,,1000
WH16,wh16_2026_03_19,0000_000,boundary,ZXXX,54,054_Data_000_theta_0000_bound_ZXXX_x_best_010_opt_recovery.qpy,data/executed_circuits/WH16/0000_000/054_Data_000_theta_0000_bound_ZXXX_x_best_010_opt_recovery.qpy,6433b813f7bdb8b0d441270c46ee4710fdb9944414b159ea368d67ca752d8673,holography-on-ionq/Testing flow/Circuits/Data_batch/WH16_2026-03-19/Data_0000_000/054_Data_000_theta_0000_bound_ZXXX_x_best_010_opt_recovery.qpy,happy_ions/16-qubit-wormhole_cirq.ipynb,WH16-C-C039,53b1f35c6ba0ce91,8,,1000
WH16,wh16_2026_03_19,0000_000,boundary,ZXXY,55,055_Data_000_theta_0000_bound_ZXXY_x_best_010_opt_recovery.qpy,data/executed_circuits/WH16/0000_000/055_Data_000_theta_0000_bound_ZXXY_x_best_010_opt_recovery.qpy,56b2d40ed6cb626e631d3d079ae73e0c6554067e2157f0cfc32ba05417869131,holography-on-ionq/Testing flow/Circuits/Data_batch/WH16_2026-03-19/Data_0000_000/055_Data_000_theta_0000_bound_ZXXY_x_best_010_opt_recovery.qpy,happy_ions/16-qubit-wormhole_cirq.ipynb,WH16-C-C039,53b1f35c6ba0ce91,8,,1000
WH16,wh16_2026_03_19,0000_000,boundary,ZXXZ,56,056_Data_000_theta_0000_bound_ZXXZ_x_best_010_opt_recovery.qpy,data/executed_circuits/WH16/0000_000/056_Data_000_theta_0000_bound_ZXXZ_x_best_010_opt_recovery.qpy,647e2a7f98ea429028fac97c30d9b2b62c5b97795c2ef28df35eddad60ed1300,holography-on-ionq/Testing flow/Circuits/Data_batch/WH16_2026-03-19/Data_0000_000/056_Data_000_theta_0000_bound_ZXXZ_x_best_010_opt_recovery.qpy,happy_ions/16-qubit-wormhole_cirq.ipynb,WH16-C-C039,53b1f35c6ba0ce91,8,,1000
WH16,wh16_2026_03_19,0000_000,boundary,ZXYX,57,057_Data_000_theta_0000_bound_ZXYX_x_best_010_opt_recovery.qpy,data/executed_circuits/WH16/0000_000/057_Data_000_theta_0000_bound_ZXYX_x_best_010_opt_recovery.qpy,8568d9429445590962d0ea9f9c2f6384c0fb3f47273120791667250687b451c2,holography-on-ionq/Testing flow/Circuits/Data_batch/WH16_2026-03-19/Data_0000_000/057_Data_000_theta_0000_bound_ZXYX_x_best_010_opt_recovery.qpy,happy_ions/16-qubit-wormhole_cirq.ipynb,WH16-C-C039,53b1f35c6ba0ce91,8,,1000
WH16,wh16_2026_03_19,0000_000,boundary,ZXYY,58,058_Data_000_theta_0000_bound_ZXYY_x_best_010_opt_recovery.qpy,data/executed_circuits/WH16/0000_000/058_Data_000_theta_0000_bound_ZXYY_x_best_010_opt_recovery.qpy,be1b2e1fb0b9a093a4da656894c337524f55289ffa97b2e6e9553c96c9131b73,holography-on-ionq/Testing flow/Circuits/Data_batch/WH16_2026-03-19/Data_0000_000/058_Data_000_theta_0000_bound_ZXYY_x_best_010_opt_recovery.qpy,happy_ions/16-qubit-wormhole_cirq.ipynb,WH16-C-C039,53b1f35c6ba0ce91,8,,1000
WH16,wh16_2026_03_19,0000_000,boundary,ZXYZ,59,059_Data_000_theta_0000_bound_ZXYZ_x_best_010_opt_recovery.qpy,data/executed_circuits/WH16/0000_000/059_Data_000_theta_0000_bound_ZXYZ_x_best_010_opt_recovery.qpy,dcaddf7ee15dfe3a89d614695dfb415edf91912b851965c0cca96a3d822396b1,holography-on-ionq/Testing flow/Circuits/Data_batch/WH16_2026-03-19/Data_0000_000/059_Data_000_theta_0000_bound_ZXYZ_x_best_010_opt_recovery.qpy,happy_ions/16-qubit-wormhole_cirq.ipynb,WH16-C-C039,53b1f35c6ba0ce91,8,,1000
WH16,wh16_2026_03_19,0000_000,boundary,ZXZX,60,060_Data_000_theta_0000_bound_ZXZX_x_best_010_opt_recovery.qpy,data/executed_circuits/WH16/0000_000/060_Data_000_theta_0000_bound_ZXZX_x_best_010_opt_recovery.qpy,01aaad6c4a763de91efcbfc46470dc515b098e70467c8d31452c6399ef3cfba7,holography-on-ionq/Testing flow/Circuits/Data_batch/WH16_2026-03-19/Data_0000_000/060_Data_000_theta_0000_bound_ZXZX_x_best_010_opt_recovery.qpy,happy_ions/16-qubit-wormhole_cirq.ipynb,WH16-C-C039,53b1f35c6ba0ce91,8,,1000
WH16,wh16_2026_03_19,0000_000,boundary,ZXZY,61,061_Data_000_theta_0000_bound_ZXZY_x_best_010_opt_recovery.qpy,data/executed_circuits/WH16/0000_000/061_Data_000_theta_0000_bound_ZXZY_x_best_010_opt_recovery.qpy,193acfec9d5a09b6337f213f423fe69841e84f9a28473160b3a4754dffa6ab07,holography-on-ionq/Testing flow/Circuits/Data_batch/WH16_2026-03-19/Data_0000_000/061_Data_000_theta_0000_bound_ZXZY_x_best_010_opt_recovery.qpy,happy_ions/16-qubit-wormhole_cirq.ipynb,WH16-C-C039,53b1f35c6ba0ce91,8,,1000
WH16,wh16_2026_03_19,0000_000,boundary,ZXZZ,62,062_Data_000_theta_0000_bound_ZXZZ_x_best_010_opt_recovery.qpy,data/executed_circuits/WH16/0000_000/062_Data_000_theta_0000_bound_ZXZZ_x_best_010_opt_recovery.qpy,59b6e3285342b9ff8ad2bb1954355bf49cd101dec904ee015cbf1341b4e9b5da,holography-on-ionq/Testing flow/Circuits/Data_batch/WH16_2026-03-19/Data_0000_000/062_Data_000_theta_0000_bound_ZXZZ_x_best_010_opt_recovery.qpy,happy_ions/16-qubit-wormhole_cirq.ipynb,WH16-C-C039,53b1f35c6ba0ce91,8,,1000
WH16,wh16_2026_03_19,0000_000,boundary,ZYXX,63,063_Data_000_theta_0000_bound_ZYXX_x_best_010_opt_recovery.qpy,data/executed_circuits/WH16/0000_000/063_Data_000_theta_0000_bound_ZYXX_x_best_010_opt_recovery.qpy,ba9bc7ae2040b31405d0ed61c762b46dbcee212a27950ea662c2d4f71e1a13d0,holography-on-ionq/Testing flow/Circuits/Data_batch/WH16_2026-03-19/Data_0000_000/063_Data_000_theta_0000_bound_ZYXX_x_best_010_opt_recovery.qpy,happy_ions/16-qubit-wormhole_cirq.ipynb,WH16-C-C039,53b1f35c6ba0ce91,8,,1000
WH16,wh16_2026_03_19,0000_000,boundary,ZYXY,64,064_Data_000_theta_0000_bound_ZYXY_x_best_010_opt_recovery.qpy,data/executed_circuits/WH16/0000_000/064_Data_000_theta_0000_bound_ZYXY_x_best_010_opt_recovery.qpy,2b24983f94ec5e5be72061f987d336490f98719fe175412f2d08cc0588f11c97,holography-on-ionq/Testing flow/Circuits/Data_batch/WH16_2026-03-19/Data_0000_000/064_Data_000_theta_0000_bound_ZYXY_x_best_010_opt_recovery.qpy,happy_ions/16-qubit-wormhole_cirq.ipynb,WH16-C-C039,53b1f35c6ba0ce91,8,,1000
WH16,wh16_2026_03_19,0000_000,boundary,ZYXZ,65,065_Data_000_theta_0000_bound_ZYXZ_x_best_010_opt_recovery.qpy,data/executed_circuits/WH16/0000_000/065_Data_000_theta_0000_bound_ZYXZ_x_best_010_opt_recovery.qpy,5dc10096378b632338366df66693659583074f91fa1776a76a4f6c55800b1065,holography-on-ionq/Testing flow/Circuits/Data_batch/WH16_2026-03-19/Data_0000_000/065_Data_000_theta_0000_bound_ZYXZ_x_best_010_opt_recovery.qpy,happy_ions/16-qubit-wormhole_cirq.ipynb,WH16-C-C039,53b1f35c6ba0ce91,8,,1000
WH16,wh16_2026_03_19,0000_000,boundary,ZYYX,66,066_Data_000_theta_0000_bound_ZYYX_x_best_010_opt_recovery.qpy,data/executed_circuits/WH16/0000_000/066_Data_000_theta_0000_bound_ZYYX_x_best_010_opt_recovery.qpy,d6682842cc466e730351a13d065d153921ca2cc9f2a0ece7ca7b8fd24eb7989a,holography-on-ionq/Testing flow/Circuits/Data_batch/WH16_2026-03-19/Data_0000_000/066_Data_000_theta_0000_bound_ZYYX_x_best_010_opt_recovery.qpy,happy_ions/16-qubit-wormhole_cirq.ipynb,WH16-C-C039,53b1f35c6ba0ce91,8,,1000
WH16,wh16_2026_03_19,0000_000,boundary,ZYYY,67,067_Data_000_theta_0000_bound_ZYYY_x_best_010_opt_recovery.qpy,data/executed_circuits/WH16/0000_000/067_Data_000_theta_0000_bound_ZYYY_x_best_010_opt_recovery.qpy,472f4732c20002cd465a07d64e925904d0833ca45d38805f321e810c4d618ea2,holography-on-ionq/Testing flow/Circuits/Data_batch/WH16_2026-03-19/Data_0000_000/067_Data_000_theta_0000_bound_ZYYY_x_best_010_opt_recovery.qpy,happy_ions/16-qubit-wormhole_cirq.ipynb,WH16-C-C039,53b1f35c6ba0ce91,8,,1000
WH16,wh16_2026_03_19,0000_000,boundary,ZYYZ,68,068_Data_000_theta_0000_bound_ZYYZ_x_best_010_opt_recovery.qpy,data/executed_circuits/WH16/0000_000/068_Data_000_theta_0000_bound_ZYYZ_x_best_010_opt_recovery.qpy,1f410f5498485797eb4c1702bc37acd1327c2c5314989f2750cfa232a4d3ab51,holography-on-ionq/Testing flow/Circuits/Data_batch/WH16_2026-03-19/Data_0000_000/068_Data_000_theta_0000_bound_ZYYZ_x_best_010_opt_recovery.qpy,happy_ions/16-qubit-wormhole_cirq.ipynb,WH16-C-C039,53b1f35c6ba0ce91,8,,1000
WH16,wh16_2026_03_19,0000_000,boundary,ZYZX,69,069_Data_000_theta_0000_bound_ZYZX_x_best_010_opt_recovery.qpy,data/executed_circuits/WH16/0000_000/069_Data_000_theta_0000_bound_ZYZX_x_best_010_opt_recovery.qpy,1fbfaa05ce7aa08bc038560ce899452c331d3088a990fe296c11227a7b90d29a,holography-on-ionq/Testing flow/Circuits/Data_batch/WH16_2026-03-19/Data_0000_000/069_Data_000_theta_0000_bound_ZYZX_x_best_010_opt_recovery.qpy,happy_ions/16-qubit-wormhole_cirq.ipynb,WH16-C-C039,53b1f35c6ba0ce91,8,,1000
WH16,wh16_2026_03_19,0000_000,boundary,ZYZY,70,070_Data_000_theta_0000_bound_ZYZY_x_best_010_opt_recovery.qpy,data/executed_circuits/WH16/0000_000/070_Data_000_theta_0000_bound_ZYZY_x_best_010_opt_recovery.qpy,c883b435824807bc2b8d3757cfbabd02d67e726556fc77b200e701a0969f999f,holography-on-ionq/Testing flow/Circuits/Data_batch/WH16_2026-03-19/Data_0000_000/070_Data_000_theta_0000_bound_ZYZY_x_best_010_opt_recovery.qpy,happy_ions/16-qubit-wormhole_cirq.ipynb,WH16-C-C039,53b1f35c6ba0ce91,8,,1000
WH16,wh16_2026_03_19,0000_000,boundary,ZYZZ,71,071_Data_000_theta_0000_bound_ZYZZ_x_best_010_opt_recovery.qpy,data/executed_circuits/WH16/0000_000/071_Data_000_theta_0000_bound_ZYZZ_x_best_010_opt_recovery.qpy,1c90a6559e0f7ec6e8fbfca22f9d4e107591f24d1c0a43125b15f281cf6584e0,holography-on-ionq/Testing flow/Circuits/Data_batch/WH16_2026-03-19/Data_0000_000/071_Data_000_theta_0000_bound_ZYZZ_x_best_010_opt_recovery.qpy,happy_ions/16-qubit-wormhole_cirq.ipynb,WH16-C-C039,53b1f35c6ba0ce91,8,,1000
WH16,wh16_2026_03_19,0000_000,boundary,ZZXX,72,072_Data_000_theta_0000_bound_ZZXX_x_best_010_opt_recovery.qpy,data/executed_circuits/WH16/0000_000/072_Data_000_theta_0000_bound_ZZXX_x_best_010_opt_recovery.qpy,d5071aa0e00190851ece0af96fcf008a56e56b13ad405a4fdaf09049de9c24d0,holography-on-ionq/Testing flow/Circuits/Data_batch/WH16_2026-03-19/Data_0000_000/072_Data_000_theta_0000_bound_ZZXX_x_best_010_opt_recovery.qpy,happy_ions/16-qubit-wormhole_cirq.ipynb,WH16-C-C039,53b1f35c6ba0ce91,8,,1000
WH16,wh16_2026_03_19,0000_000,boundary,ZZXY,73,073_Data_000_theta_0000_bound_ZZXY_x_best_010_opt_recovery.qpy,data/executed_circuits/WH16/0000_000/073_Data_000_theta_0000_bound_ZZXY_x_best_010_opt_recovery.qpy,ce8ac942b547065646df8732e5ec594cb8c1caa5e51bb108f24ee151e873c02d,holography-on-ionq/Testing flow/Circuits/Data_batch/WH16_2026-03-19/Data_0000_000/073_Data_000_theta_0000_bound_ZZXY_x_best_010_opt_recovery.qpy,happy_ions/16-qubit-wormhole_cirq.ipynb,WH16-C-C039,53b1f35c6ba0ce91,8,,1000
WH16,wh16_2026_03_19,0000_000,boundary,ZZXZ,74,074_Data_000_theta_0000_bound_ZZXZ_x_best_010_opt_recovery.qpy,data/executed_circuits/WH16/0000_000/074_Data_000_theta_0000_bound_ZZXZ_x_best_010_opt_recovery.qpy,b0df0b3420dd04c7a5b264ccf74a32f08ef434b46687f59c373e615763e86374,holography-on-ionq/Testing flow/Circuits/Data_batch/WH16_2026-03-19/Data_0000_000/074_Data_000_theta_0000_bound_ZZXZ_x_best_010_opt_recovery.qpy,happy_ions/16-qubit-wormhole_cirq.ipynb,WH16-C-C039,53b1f35c6ba0ce91,8,,1000
WH16,wh16_2026_03_19,0000_000,boundary,ZZYX,75,075_Data_000_theta_0000_bound_ZZYX_x_best_010_opt_recovery.qpy,data/executed_circuits/WH16/0000_000/075_Data_000_theta_0000_bound_ZZYX_x_best_010_opt_recovery.qpy,29e3a56fdead51a6209e7c827b9f4f5bdf799b7d454701e8d3de50cb69506ae0,holography-on-ionq/Testing flow/Circuits/Data_batch/WH16_2026-03-19/Data_0000_000/075_Data_000_theta_0000_bound_ZZYX_x_best_010_opt_recovery.qpy,happy_ions/16-qubit-wormhole_cirq.ipynb,WH16-C-C039,53b1f35c6ba0ce91,8,,1000
WH16,wh16_2026_03_19,0000_000,boundary,ZZYY,76,076_Data_000_theta_0000_bound_ZZYY_x_best_010_opt_recovery.qpy,data/executed_circuits/WH16/0000_000/076_Data_000_theta_0000_bound_ZZYY_x_best_010_opt_recovery.qpy,4a8fde1793bd832bda92b0d1e4a8c5cdedae33e94966e3d01b77dc190cfdf79f,holography-on-ionq/Testing flow/Circuits/Data_batch/WH16_2026-03-19/Data_0000_000/076_Data_000_theta_0000_bound_ZZYY_x_best_010_opt_recovery.qpy,happy_ions/16-qubit-wormhole_cirq.ipynb,WH16-C-C039,53b1f35c6ba0ce91,8,,1000
WH16,wh16_2026_03_19,0000_000,boundary,ZZYZ,77,077_Data_000_theta_0000_bound_ZZYZ_x_best_010_opt_recovery.qpy,data/executed_circuits/WH16/0000_000/077_Data_000_theta_0000_bound_ZZYZ_x_best_010_opt_recovery.qpy,19c40c6696b8d468c6911c48740457672253e0fb555ebc8dfa7b0717d6418928,holography-on-ionq/Testing flow/Circuits/Data_batch/WH16_2026-03-19/Data_0000_000/077_Data_000_theta_0000_bound_ZZYZ_x_best_010_opt_recovery.qpy,happy_ions/16-qubit-wormhole_cirq.ipynb,WH16-C-C039,53b1f35c6ba0ce91,8,,1000
WH16,wh16_2026_03_19,0000_000,boundary,ZZZX,78,078_Data_000_theta_0000_bound_ZZZX_x_best_010_opt_recovery.qpy,data/executed_circuits/WH16/0000_000/078_Data_000_theta_0000_bound_ZZZX_x_best_010_opt_recovery.qpy,dd7ced19d5482061fc00871093efd9b1b456b81d78b7d20fbbb5ab702e1d1259,holography-on-ionq/Testing flow/Circuits/Data_batch/WH16_2026-03-19/Data_0000_000/078_Data_000_theta_0000_bound_ZZZX_x_best_010_opt_recovery.qpy,happy_ions/16-qubit-wormhole_cirq.ipynb,WH16-C-C039,53b1f35c6ba0ce91,8,,1000
WH16,wh16_2026_03_19,0000_000,boundary,ZZZY,79,079_Data_000_theta_0000_bound_ZZZY_x_best_010_opt_recovery.qpy,data/executed_circuits/WH16/0000_000/079_Data_000_theta_0000_bound_ZZZY_x_best_010_opt_recovery.qpy,86340e1d63d1cfb44a1cc47396ee671975f3548e0f783bc908400e822cbd3d99,holography-on-ionq/Testing flow/Circuits/Data_batch/WH16_2026-03-19/Data_0000_000/079_Data_000_theta_0000_bound_ZZZY_x_best_010_opt_recovery.qpy,happy_ions/16-qubit-wormhole_cirq.ipynb,WH16-C-C039,53b1f35c6ba0ce91,8,,1000
WH16,wh16_2026_03_19,0000_000,boundary,ZZZZ,80,080_Data_000_theta_0000_bound_ZZZZ_x_best_010_opt_recovery.qpy,data/executed_circuits/WH16/0000_000/080_Data_000_theta_0000_bound_ZZZZ_x_best_010_opt_recovery.qpy,12b12aca2919c31094032f774872725bb3232031021fd59e421ccbbe966d911d,holography-on-ionq/Testing flow/Circuits/Data_batch/WH16_2026-03-19/Data_0000_000/080_Data_000_theta_0000_bound_ZZZZ_x_best_010_opt_recovery.qpy,happy_ions/16-qubit-wormhole_cirq.ipynb,WH16-C-C039,53b1f35c6ba0ce91,8,,1000
WH16,wh16_2026_03_19,0000_000,bulk,XXXX,81,081_Data_000_theta_0000_bound_XXXX_x_best_010_opt_recovery.qpy,data/executed_circuits/WH16/0000_000/081_Data_000_theta_0000_bound_XXXX_x_best_010_opt_recovery.qpy,675aee50843b45094a1640966ce0fa3d94d819a08a934f4fc00d3ae26d374d16,holography-on-ionq/Testing flow/Circuits/Data_batch/WH16_2026-03-19/Data_0000_000/081_Data_000_theta_0000_bound_XXXX_x_best_010_opt_recovery.qpy,happy_ions/16-qubit-wormhole_cirq.ipynb,WH16-C-C039,53b1f35c6ba0ce91,8,,1000
WH16,wh16_2026_03_19,0000_000,bulk,XXXY,82,082_Data_000_theta_0000_bound_XXXY_x_best_010_opt_recovery.qpy,data/executed_circuits/WH16/0000_000/082_Data_000_theta_0000_bound_XXXY_x_best_010_opt_recovery.qpy,b45a7f17f8cd9f9036295c8ca810ca14f0873dea8bd279d876fa62f0f59480fd,holography-on-ionq/Testing flow/Circuits/Data_batch/WH16_2026-03-19/Data_0000_000/082_Data_000_theta_0000_bound_XXXY_x_best_010_opt_recovery.qpy,happy_ions/16-qubit-wormhole_cirq.ipynb,WH16-C-C039,53b1f35c6ba0ce91,8,,1000
WH16,wh16_2026_03_19,0000_000,bulk,XXXZ,83,083_Data_000_theta_0000_bound_XXXZ_x_best_010_opt_recovery.qpy,data/executed_circuits/WH16/0000_000/083_Data_000_theta_0000_bound_XXXZ_x_best_010_opt_recovery.qpy,9b160b5ed5840bbb1362af49099643d92b22f8b4097c27f7d1928632ccf4b3d3,holography-on-ionq/Testing flow/Circuits/Data_batch/WH16_2026-03-19/Data_0000_000/083_Data_000_theta_0000_bound_XXXZ_x_best_010_opt_recovery.qpy,happy_ions/16-qubit-wormhole_cirq.ipynb,WH16-C-C039,53b1f35c6ba0ce91,8,,1000
WH16,wh16_2026_03_19,0000_000,bulk,XXYX,84,084_Data_000_theta_0000_bound_XXYX_x_best_010_opt_recovery.qpy,data/executed_circuits/WH16/0000_000/084_Data_000_theta_0000_bound_XXYX_x_best_010_opt_recovery.qpy,7199f99e3b4ee5bdeb9ab3250fb4d391d1f3e1f221420806d9a5d3a8327ebc84,holography-on-ionq/Testing flow/Circuits/Data_batch/WH16_2026-03-19/Data_0000_000/084_Data_000_theta_0000_bound_XXYX_x_best_010_opt_recovery.qpy,happy_ions/16-qubit-wormhole_cirq.ipynb,WH16-C-C039,53b1f35c6ba0ce91,8,,1000
WH16,wh16_2026_03_19,0000_000,bulk,XXYY,85,085_Data_000_theta_0000_bound_XXYY_x_best_010_opt_recovery.qpy,data/executed_circuits/WH16/0000_000/085_Data_000_theta_0000_bound_XXYY_x_best_010_opt_recovery.qpy,ba28bf652c51dbe493080d50b98d4819947c8c3fcd093e1167db0af41d35569b,holography-on-ionq/Testing flow/Circuits/Data_batch/WH16_2026-03-19/Data_0000_000/085_Data_000_theta_0000_bound_XXYY_x_best_010_opt_recovery.qpy,happy_ions/16-qubit-wormhole_cirq.ipynb,WH16-C-C039,53b1f35c6ba0ce91,8,,1000
WH16,wh16_2026_03_19,0000_000,bulk,XXYZ,86,086_Data_000_theta_0000_bound_XXYZ_x_best_010_opt_recovery.qpy,data/executed_circuits/WH16/0000_000/086_Data_000_theta_0000_bound_XXYZ_x_best_010_opt_recovery.qpy,86edc58f1049082c6fe6571dc847ea7d31230d65d50b01bd7f9791e8f1868dcd,holography-on-ionq/Testing flow/Circuits/Data_batch/WH16_2026-03-19/Data_0000_000/086_Data_000_theta_0000_bound_XXYZ_x_best_010_opt_recovery.qpy,happy_ions/16-qubit-wormhole_cirq.ipynb,WH16-C-C039,53b1f35c6ba0ce91,8,,1000
WH16,wh16_2026_03_19,0000_000,bulk,XXZX,87,087_Data_000_theta_0000_bound_XXZX_x_best_010_opt_recovery.qpy,data/executed_circuits/WH16/0000_000/087_Data_000_theta_0000_bound_XXZX_x_best_010_opt_recovery.qpy,1df0130373f68421ed332a5e257886fd1dd68fa9ffba0f3ee67b7c368eadce11,holography-on-ionq/Testing flow/Circuits/Data_batch/WH16_2026-03-19/Data_0000_000/087_Data_000_theta_0000_bound_XXZX_x_best_010_opt_recovery.qpy,happy_ions/16-qubit-wormhole_cirq.ipynb,WH16-C-C039,53b1f35c6ba0ce91,8,,1000
WH16,wh16_2026_03_19,0000_000,bulk,XXZY,88,088_Data_000_theta_0000_bound_XXZY_x_best_010_opt_recovery.qpy,data/executed_circuits/WH16/0000_000/088_Data_000_theta_0000_bound_XXZY_x_best_010_opt_recovery.qpy,5dac230d82d828321eaca2c9913da318ba822c3101cd4f20771e19b0aa862618,holography-on-ionq/Testing flow/Circuits/Data_batch/WH16_2026-03-19/Data_0000_000/088_Data_000_theta_0000_bound_XXZY_x_best_010_opt_recovery.qpy,happy_ions/16-qubit-wormhole_cirq.ipynb,WH16-C-C039,53b1f35c6ba0ce91,8,,1000
WH16,wh16_2026_03_19,0000_000,bulk,XXZZ,89,089_Data_000_theta_0000_bound_XXZZ_x_best_010_opt_recovery.qpy,data/executed_circuits/WH16/0000_000/089_Data_000_theta_0000_bound_XXZZ_x_best_010_opt_recovery.qpy,8790577cb9650213492b60119a93fa7e7fd3882ba46e3d15194987241edd32aa,holography-on-ionq/Testing flow/Circuits/Data_batch/WH16_2026-03-19/Data_0000_000/089_Data_000_theta_0000_bound_XXZZ_x_best_010_opt_recovery.qpy,happy_ions/16-qubit-wormhole_cirq.ipynb,WH16-C-C039,53b1f35c6ba0ce91,8,,1000
WH16,wh16_2026_03_19,0000_000,bulk,XYXX,90,090_Data_000_theta_0000_bound_XYXX_x_best_010_opt_recovery.qpy,data/executed_circuits/WH16/0000_000/090_Data_000_theta_0000_bound_XYXX_x_best_010_opt_recovery.qpy,556653ce3041fa5f360b0ffadbb911ca508af4b0c4d9e8206bef76d9e6d7938e,holography-on-ionq/Testing flow/Circuits/Data_batch/WH16_2026-03-19/Data_0000_000/090_Data_000_theta_0000_bound_XYXX_x_best_010_opt_recovery.qpy,happy_ions/16-qubit-wormhole_cirq.ipynb,WH16-C-C039,53b1f35c6ba0ce91,8,,1000
WH16,wh16_2026_03_19,0000_000,bulk,XYXY,91,091_Data_000_theta_0000_bound_XYXY_x_best_010_opt_recovery.qpy,data/executed_circuits/WH16/0000_000/091_Data_000_theta_0000_bound_XYXY_x_best_010_opt_recovery.qpy,a9c488145ee824e4803dd36403134b93a6aaa2dec4b9b2734bcd04746fec6f52,holography-on-ionq/Testing flow/Circuits/Data_batch/WH16_2026-03-19/Data_0000_000/091_Data_000_theta_0000_bound_XYXY_x_best_010_opt_recovery.qpy,happy_ions/16-qubit-wormhole_cirq.ipynb,WH16-C-C039,53b1f35c6ba0ce91,8,,1000
WH16,wh16_2026_03_19,0000_000,bulk,XYXZ,92,092_Data_000_theta_0000_bound_XYXZ_x_best_010_opt_recovery.qpy,data/executed_circuits/WH16/0000_000/092_Data_000_theta_0000_bound_XYXZ_x_best_010_opt_recovery.qpy,522b644542d4c500becad4ccb2a0e97727ee8491c9447f7bf26020efc1d2d39f,holography-on-ionq/Testing flow/Circuits/Data_batch/WH16_2026-03-19/Data_0000_000/092_Data_000_theta_0000_bound_XYXZ_x_best_010_opt_recovery.qpy,happy_ions/16-qubit-wormhole_cirq.ipynb,WH16-C-C039,53b1f35c6ba0ce91,8,,1000
WH16,wh16_2026_03_19,0000_000,bulk,XYYX,93,093_Data_000_theta_0000_bound_XYYX_x_best_010_opt_recovery.qpy,data/executed_circuits/WH16/0000_000/093_Data_000_theta_0000_bound_XYYX_x_best_010_opt_recovery.qpy,6e7d4bc232daeec79b64145dab32e662d96a5779b0599751dc6c70a68638b7f4,holography-on-ionq/Testing flow/Circuits/Data_batch/WH16_2026-03-19/Data_0000_000/093_Data_000_theta_0000_bound_XYYX_x_best_010_opt_recovery.qpy,happy_ions/16-qubit-wormhole_cirq.ipynb,WH16-C-C039,53b1f35c6ba0ce91,8,,1000
WH16,wh16_2026_03_19,0000_000,bulk,XYYY,94,094_Data_000_theta_0000_bound_XYYY_x_best_010_opt_recovery.qpy,data/executed_circuits/WH16/0000_000/094_Data_000_theta_0000_bound_XYYY_x_best_010_opt_recovery.qpy,3216d01fac307884f0551a0aa9cd872b22ed957ffc4bf30696bcd0f33cfccc61,holography-on-ionq/Testing flow/Circuits/Data_batch/WH16_2026-03-19/Data_0000_000/094_Data_000_theta_0000_bound_XYYY_x_best_010_opt_recovery.qpy,happy_ions/16-qubit-wormhole_cirq.ipynb,WH16-C-C039,53b1f35c6ba0ce91,8,,1000
WH16,wh16_2026_03_19,0000_000,bulk,XYYZ,95,095_Data_000_theta_0000_bound_XYYZ_x_best_010_opt_recovery.qpy,data/executed_circuits/WH16/0000_000/095_Data_000_theta_0000_bound_XYYZ_x_best_010_opt_recovery.qpy,fed3ebf4213e4be70962f35e1e5d3fedf1db5afbb714485e90e2cfe822d6322a,holography-on-ionq/Testing flow/Circuits/Data_batch/WH16_2026-03-19/Data_0000_000/095_Data_000_theta_0000_bound_XYYZ_x_best_010_opt_recovery.qpy,happy_ions/16-qubit-wormhole_cirq.ipynb,WH16-C-C039,53b1f35c6ba0ce91,8,,1000
WH16,wh16_2026_03_19,0000_000,bulk,XYZX,96,096_Data_000_theta_0000_bound_XYZX_x_best_010_opt_recovery.qpy,data/executed_circuits/WH16/0000_000/096_Data_000_theta_0000_bound_XYZX_x_best_010_opt_recovery.qpy,0d082dd4a6a350629b152e832956ec7bc3eb2868f946dee5f1f719bbddcf6fee,holography-on-ionq/Testing flow/Circuits/Data_batch/WH16_2026-03-19/Data_0000_000/096_Data_000_theta_0000_bound_XYZX_x_best_010_opt_recovery.qpy,happy_ions/16-qubit-wormhole_cirq.ipynb,WH16-C-C039,53b1f35c6ba0ce91,8,,1000
WH16,wh16_2026_03_19,0000_000,bulk,XYZY,97,097_Data_000_theta_0000_bound_XYZY_x_best_010_opt_recovery.qpy,data/executed_circuits/WH16/0000_000/097_Data_000_theta_0000_bound_XYZY_x_best_010_opt_recovery.qpy,87b9f81b6d162399e7cdfa908a1b321a4331bb4cc2d3a68c95b5fdf5f3790005,holography-on-ionq/Testing flow/Circuits/Data_batch/WH16_2026-03-19/Data_0000_000/097_Data_000_theta_0000_bound_XYZY_x_best_010_opt_recovery.qpy,happy_ions/16-qubit-wormhole_cirq.ipynb,WH16-C-C039,53b1f35c6ba0ce91,8,,1000
WH16,wh16_2026_03_19,0000_000,bulk,XYZZ,98,098_Data_000_theta_0000_bound_XYZZ_x_best_010_opt_recovery.qpy,data/executed_circuits/WH16/0000_000/098_Data_000_theta_0000_bound_XYZZ_x_best_010_opt_recovery.qpy,eae7bf55d6f12feb81d9780ad6f5f9837765ebdeabbde9c60c76638cff0161bb,holography-on-ionq/Testing flow/Circuits/Data_batch/WH16_2026-03-19/Data_0000_000/098_Data_000_theta_0000_bound_XYZZ_x_best_010_opt_recovery.qpy,happy_ions/16-qubit-wormhole_cirq.ipynb,WH16-C-C039,53b1f35c6ba0ce91,8,,1000
WH16,wh16_2026_03_19,0000_000,bulk,XZXX,99,099_Data_000_theta_0000_bound_XZXX_x_best_010_opt_recovery.qpy,data/executed_circuits/WH16/0000_000/099_Data_000_theta_0000_bound_XZXX_x_best_010_opt_recovery.qpy,fa043651af35dae6bef4a4e1fa911957995548b61646e50906e450b82ce54452,holography-on-ionq/Testing flow/Circuits/Data_batch/WH16_2026-03-19/Data_0000_000/099_Data_000_theta_0000_bound_XZXX_x_best_010_opt_recovery.qpy,happy_ions/16-qubit-wormhole_cirq.ipynb,WH16-C-C039,53b1f35c6ba0ce91,8,,1000
WH16,wh16_2026_03_19,0000_000,bulk,XZXY,100,100_Data_000_theta_0000_bound_XZXY_x_best_010_opt_recovery.qpy,data/executed_circuits/WH16/0000_000/100_Data_000_theta_0000_bound_XZXY_x_best_010_opt_recovery.qpy,37795f08a989defcf1ca900ab6e5c8debfb077f6a07cbefd18b1d317cd01d030,holography-on-ionq/Testing flow/Circuits/Data_batch/WH16_2026-03-19/Data_0000_000/100_Data_000_theta_0000_bound_XZXY_x_best_010_opt_recovery.qpy,happy_ions/16-qubit-wormhole_cirq.ipynb,WH16-C-C039,53b1f35c6ba0ce91,8,,1000
WH16,wh16_2026_03_19,0000_000,bulk,XZXZ,101,101_Data_000_theta_0000_bound_XZXZ_x_best_010_opt_recovery.qpy,data/executed_circuits/WH16/0000_000/101_Data_000_theta_0000_bound_XZXZ_x_best_010_opt_recovery.qpy,626712ba3b0de650e746225219a77e5e99b1009c4533982b4969bca667997a46,holography-on-ionq/Testing flow/Circuits/Data_batch/WH16_2026-03-19/Data_0000_000/101_Data_000_theta_0000_bound_XZXZ_x_best_010_opt_recovery.qpy,happy_ions/16-qubit-wormhole_cirq.ipynb,WH16-C-C039,53b1f35c6ba0ce91,8,,1000
WH16,wh16_2026_03_19,0000_000,bulk,XZYX,102,102_Data_000_theta_0000_bound_XZYX_x_best_010_opt_recovery.qpy,data/executed_circuits/WH16/0000_000/102_Data_000_theta_0000_bound_XZYX_x_best_010_opt_recovery.qpy,1a68295fe4bbdd9ec0d8aa3d26393f5e19e88bfd2cb9fab4cdf5c3230d8b7c89,holography-on-ionq/Testing flow/Circuits/Data_batch/WH16_2026-03-19/Data_0000_000/102_Data_000_theta_0000_bound_XZYX_x_best_010_opt_recovery.qpy,happy_ions/16-qubit-wormhole_cirq.ipynb,WH16-C-C039,53b1f35c6ba0ce91,8,,1000
WH16,wh16_2026_03_19,0000_000,bulk,XZYY,103,103_Data_000_theta_0000_bound_XZYY_x_best_010_opt_recovery.qpy,data/executed_circuits/WH16/0000_000/103_Data_000_theta_0000_bound_XZYY_x_best_010_opt_recovery.qpy,5717c990f84c43349521fac339a98ac95b708e8194347aeb2c6beb778cebb8ef,holography-on-ionq/Testing flow/Circuits/Data_batch/WH16_2026-03-19/Data_0000_000/103_Data_000_theta_0000_bound_XZYY_x_best_010_opt_recovery.qpy,happy_ions/16-qubit-wormhole_cirq.ipynb,WH16-C-C039,53b1f35c6ba0ce91,8,,1000
WH16,wh16_2026_03_19,0000_000,bulk,XZYZ,104,104_Data_000_theta_0000_bound_XZYZ_x_best_010_opt_recovery.qpy,data/executed_circuits/WH16/0000_000/104_Data_000_theta_0000_bound_XZYZ_x_best_010_opt_recovery.qpy,86224483b90773aa4cc2d60fc432db9769ef7f46ba31f5bfefaa117bb526d86c,holography-on-ionq/Testing flow/Circuits/Data_batch/WH16_2026-03-19/Data_0000_000/104_Data_000_theta_0000_bound_XZYZ_x_best_010_opt_recovery.qpy,happy_ions/16-qubit-wormhole_cirq.ipynb,WH16-C-C039,53b1f35c6ba0ce91,8,,1000
WH16,wh16_2026_03_19,0000_000,bulk,XZZX,105,105_Data_000_theta_0000_bound_XZZX_x_best_010_opt_recovery.qpy,data/executed_circuits/WH16/0000_000/105_Data_000_theta_0000_bound_XZZX_x_best_010_opt_recovery.qpy,ad0c4d95f00367a65076f03e3e7b4d660495ea41082f998799317fed9291fca9,holography-on-ionq/Testing flow/Circuits/Data_batch/WH16_2026-03-19/Data_0000_000/105_Data_000_theta_0000_bound_XZZX_x_best_010_opt_recovery.qpy,happy_ions/16-qubit-wormhole_cirq.ipynb,WH16-C-C039,53b1f35c6ba0ce91,8,,1000
WH16,wh16_2026_03_19,0000_000,bulk,XZZY,106,106_Data_000_theta_0000_bound_XZZY_x_best_010_opt_recovery.qpy,data/executed_circuits/WH16/0000_000/106_Data_000_theta_0000_bound_XZZY_x_best_010_opt_recovery.qpy,aebb44787071044bab65bfedcf6f8d6374fc18bf351683ba7b9165023e56560c,holography-on-ionq/Testing flow/Circuits/Data_batch/WH16_2026-03-19/Data_0000_000/106_Data_000_theta_0000_bound_XZZY_x_best_010_opt_recovery.qpy,happy_ions/16-qubit-wormhole_cirq.ipynb,WH16-C-C039,53b1f35c6ba0ce91,8,,1000
WH16,wh16_2026_03_19,0000_000,bulk,XZZZ,107,107_Data_000_theta_0000_bound_XZZZ_x_best_010_opt_recovery.qpy,data/executed_circuits/WH16/0000_000/107_Data_000_theta_0000_bound_XZZZ_x_best_010_opt_recovery.qpy,bc58e35e6be1620e43cb991e070b857097b87f37ab2cb6ed294556649d23ae43,holography-on-ionq/Testing flow/Circuits/Data_batch/WH16_2026-03-19/Data_0000_000/107_Data_000_theta_0000_bound_XZZZ_x_best_010_opt_recovery.qpy,happy_ions/16-qubit-wormhole_cirq.ipynb,WH16-C-C039,53b1f35c6ba0ce91,8,,1000
WH16,wh16_2026_03_19,0000_000,bulk,YXXX,108,108_Data_000_theta_0000_bound_YXXX_x_best_010_opt_recovery.qpy,data/executed_circuits/WH16/0000_000/108_Data_000_theta_0000_bound_YXXX_x_best_010_opt_recovery.qpy,6c9df7a529df58f2b2e024b422ae5c27f371c303368926ef01cc930533f78340,holography-on-ionq/Testing flow/Circuits/Data_batch/WH16_2026-03-19/Data_0000_000/108_Data_000_theta_0000_bound_YXXX_x_best_010_opt_recovery.qpy,happy_ions/16-qubit-wormhole_cirq.ipynb,WH16-C-C039,53b1f35c6ba0ce91,8,,1000
WH16,wh16_2026_03_19,0000_000,bulk,YXXY,109,109_Data_000_theta_0000_bound_YXXY_x_best_010_opt_recovery.qpy,data/executed_circuits/WH16/0000_000/109_Data_000_theta_0000_bound_YXXY_x_best_010_opt_recovery.qpy,b5efeb72940c8d9db3f03de4c59c496f69c6c45d115e4aef77ff916e5eee1104,holography-on-ionq/Testing flow/Circuits/Data_batch/WH16_2026-03-19/Data_0000_000/109_Data_000_theta_0000_bound_YXXY_x_best_010_opt_recovery.qpy,happy_ions/16-qubit-wormhole_cirq.ipynb,WH16-C-C039,53b1f35c6ba0ce91,8,,1000
WH16,wh16_2026_03_19,0000_000,bulk,YXXZ,110,110_Data_000_theta_0000_bound_YXXZ_x_best_010_opt_recovery.qpy,data/executed_circuits/WH16/0000_000/110_Data_000_theta_0000_bound_YXXZ_x_best_010_opt_recovery.qpy,736e52ac1ef3113639059f62e01e0ae3cb752b9ea843cb1f169c4ab88a8bdde5,holography-on-ionq/Testing flow/Circuits/Data_batch/WH16_2026-03-19/Data_0000_000/110_Data_000_theta_0000_bound_YXXZ_x_best_010_opt_recovery.qpy,happy_ions/16-qubit-wormhole_cirq.ipynb,WH16-C-C039,53b1f35c6ba0ce91,8,,1000
WH16,wh16_2026_03_19,0000_000,bulk,YXYX,111,111_Data_000_theta_0000_bound_YXYX_x_best_010_opt_recovery.qpy,data/executed_circuits/WH16/0000_000/111_Data_000_theta_0000_bound_YXYX_x_best_010_opt_recovery.qpy,9650eadad4b3d7197cd1c4c15a41ae0b701e10dd197623adface15c35e44e834,holography-on-ionq/Testing flow/Circuits/Data_batch/WH16_2026-03-19/Data_0000_000/111_Data_000_theta_0000_bound_YXYX_x_best_010_opt_recovery.qpy,happy_ions/16-qubit-wormhole_cirq.ipynb,WH16-C-C039,53b1f35c6ba0ce91,8,,1000
WH16,wh16_2026_03_19,0000_000,bulk,YXYY,112,112_Data_000_theta_0000_bound_YXYY_x_best_010_opt_recovery.qpy,data/executed_circuits/WH16/0000_000/112_Data_000_theta_0000_bound_YXYY_x_best_010_opt_recovery.qpy,18f9a3716c115a19d785b7ecc1b6535682cb94dd91dbd73aeb5240fa9d88c34e,holography-on-ionq/Testing flow/Circuits/Data_batch/WH16_2026-03-19/Data_0000_000/112_Data_000_theta_0000_bound_YXYY_x_best_010_opt_recovery.qpy,happy_ions/16-qubit-wormhole_cirq.ipynb,WH16-C-C039,53b1f35c6ba0ce91,8,,1000
WH16,wh16_2026_03_19,0000_000,bulk,YXYZ,113,113_Data_000_theta_0000_bound_YXYZ_x_best_010_opt_recovery.qpy,data/executed_circuits/WH16/0000_000/113_Data_000_theta_0000_bound_YXYZ_x_best_010_opt_recovery.qpy,a6d7f5446c483970f8da9185a23d8d84069dfb0ef1206398c2fcda737e2cbd46,holography-on-ionq/Testing flow/Circuits/Data_batch/WH16_2026-03-19/Data_0000_000/113_Data_000_theta_0000_bound_YXYZ_x_best_010_opt_recovery.qpy,happy_ions/16-qubit-wormhole_cirq.ipynb,WH16-C-C039,53b1f35c6ba0ce91,8,,1000
WH16,wh16_2026_03_19,0000_000,bulk,YXZX,114,114_Data_000_theta_0000_bound_YXZX_x_best_010_opt_recovery.qpy,data/executed_circuits/WH16/0000_000/114_Data_000_theta_0000_bound_YXZX_x_best_010_opt_recovery.qpy,b16f780f8295da8f3d6f47b420d3ee5e96dd12ec341d4a0137b53a7f5ec4b357,holography-on-ionq/Testing flow/Circuits/Data_batch/WH16_2026-03-19/Data_0000_000/114_Data_000_theta_0000_bound_YXZX_x_best_010_opt_recovery.qpy,happy_ions/16-qubit-wormhole_cirq.ipynb,WH16-C-C039,53b1f35c6ba0ce91,8,,1000
WH16,wh16_2026_03_19,0000_000,bulk,YXZY,115,115_Data_000_theta_0000_bound_YXZY_x_best_010_opt_recovery.qpy,data/executed_circuits/WH16/0000_000/115_Data_000_theta_0000_bound_YXZY_x_best_010_opt_recovery.qpy,6ff2ceda19514ecf715de8de60fc2648611dddbac5ee5878ac2a56dc2ec517fd,holography-on-ionq/Testing flow/Circuits/Data_batch/WH16_2026-03-19/Data_0000_000/115_Data_000_theta_0000_bound_YXZY_x_best_010_opt_recovery.qpy,happy_ions/16-qubit-wormhole_cirq.ipynb,WH16-C-C039,53b1f35c6ba0ce91,8,,1000
WH16,wh16_2026_03_19,0000_000,bulk,YXZZ,116,116_Data_000_theta_0000_bound_YXZZ_x_best_010_opt_recovery.qpy,data/executed_circuits/WH16/0000_000/116_Data_000_theta_0000_bound_YXZZ_x_best_010_opt_recovery.qpy,3cda02577f61120eab7fe9408ede6cade91a9e42459f679c2fbbdcd789698169,holography-on-ionq/Testing flow/Circuits/Data_batch/WH16_2026-03-19/Data_0000_000/116_Data_000_theta_0000_bound_YXZZ_x_best_010_opt_recovery.qpy,happy_ions/16-qubit-wormhole_cirq.ipynb,WH16-C-C039,53b1f35c6ba0ce91,8,,1000
WH16,wh16_2026_03_19,0000_000,bulk,YYXX,117,117_Data_000_theta_0000_bound_YYXX_x_best_010_opt_recovery.qpy,data/executed_circuits/WH16/0000_000/117_Data_000_theta_0000_bound_YYXX_x_best_010_opt_recovery.qpy,f8cdf5d954ad8d2474319bab113fe657333b540ebfd4c0f7631d5eaffc614418,holography-on-ionq/Testing flow/Circuits/Data_batch/WH16_2026-03-19/Data_0000_000/117_Data_000_theta_0000_bound_YYXX_x_best_010_opt_recovery.qpy,happy_ions/16-qubit-wormhole_cirq.ipynb,WH16-C-C039,53b1f35c6ba0ce91,8,,1000
WH16,wh16_2026_03_19,0000_000,bulk,YYXY,118,118_Data_000_theta_0000_bound_YYXY_x_best_010_opt_recovery.qpy,data/executed_circuits/WH16/0000_000/118_Data_000_theta_0000_bound_YYXY_x_best_010_opt_recovery.qpy,c26e513713796eabdaf2cce379d3d63fe07502d4f13b8ccd5df451890fbfa02d,holography-on-ionq/Testing flow/Circuits/Data_batch/WH16_2026-03-19/Data_0000_000/118_Data_000_theta_0000_bound_YYXY_x_best_010_opt_recovery.qpy,happy_ions/16-qubit-wormhole_cirq.ipynb,WH16-C-C039,53b1f35c6ba0ce91,8,,1000
WH16,wh16_2026_03_19,0000_000,bulk,YYXZ,119,119_Data_000_theta_0000_bound_YYXZ_x_best_010_opt_recovery.qpy,data/executed_circuits/WH16/0000_000/119_Data_000_theta_0000_bound_YYXZ_x_best_010_opt_recovery.qpy,d24bac972464d816b7622b1494955f003971c3b832f044049f262ae588c52c10,holography-on-ionq/Testing flow/Circuits/Data_batch/WH16_2026-03-19/Data_0000_000/119_Data_000_theta_0000_bound_YYXZ_x_best_010_opt_recovery.qpy,happy_ions/16-qubit-wormhole_cirq.ipynb,WH16-C-C039,53b1f35c6ba0ce91,8,,1000
WH16,wh16_2026_03_19,0000_000,bulk,YYYX,120,120_Data_000_theta_0000_bound_YYYX_x_best_010_opt_recovery.qpy,data/executed_circuits/WH16/0000_000/120_Data_000_theta_0000_bound_YYYX_x_best_010_opt_recovery.qpy,ce159e3b2e9ddcda79a9e12a41e0dad6fb052138b7f33db4893818b6598208ef,holography-on-ionq/Testing flow/Circuits/Data_batch/WH16_2026-03-19/Data_0000_000/120_Data_000_theta_0000_bound_YYYX_x_best_010_opt_recovery.qpy,happy_ions/16-qubit-wormhole_cirq.ipynb,WH16-C-C039,53b1f35c6ba0ce91,8,,1000
WH16,wh16_2026_03_19,0000_000,bulk,YYYY,121,121_Data_000_theta_0000_bound_YYYY_x_best_010_opt_recovery.qpy,data/executed_circuits/WH16/0000_000/121_Data_000_theta_0000_bound_YYYY_x_best_010_opt_recovery.qpy,1a106b47697071b571a979cc0ec0f499e4bfda7a0c40e6168184f22fbf373745,holography-on-ionq/Testing flow/Circuits/Data_batch/WH16_2026-03-19/Data_0000_000/121_Data_000_theta_0000_bound_YYYY_x_best_010_opt_recovery.qpy,happy_ions/16-qubit-wormhole_cirq.ipynb,WH16-C-C039,53b1f35c6ba0ce91,8,,1000
WH16,wh16_2026_03_19,0000_000,bulk,YYYZ,122,122_Data_000_theta_0000_bound_YYYZ_x_best_010_opt_recovery.qpy,data/executed_circuits/WH16/0000_000/122_Data_000_theta_0000_bound_YYYZ_x_best_010_opt_recovery.qpy,8c1cd4a2b19d45f07ec043f59ecbb4235f2ac562ce13b89893ad15075f9585cd,holography-on-ionq/Testing flow/Circuits/Data_batch/WH16_2026-03-19/Data_0000_000/122_Data_000_theta_0000_bound_YYYZ_x_best_010_opt_recovery.qpy,happy_ions/16-qubit-wormhole_cirq.ipynb,WH16-C-C039,53b1f35c6ba0ce91,8,,1000
WH16,wh16_2026_03_19,0000_000,bulk,YYZX,123,123_Data_000_theta_0000_bound_YYZX_x_best_010_opt_recovery.qpy,data/executed_circuits/WH16/0000_000/123_Data_000_theta_0000_bound_YYZX_x_best_010_opt_recovery.qpy,a504da623fe7ee64f55bc7b5fbe3b6916b16eb66d4265012ff502298035da6a3,holography-on-ionq/Testing flow/Circuits/Data_batch/WH16_2026-03-19/Data_0000_000/123_Data_000_theta_0000_bound_YYZX_x_best_010_opt_recovery.qpy,happy_ions/16-qubit-wormhole_cirq.ipynb,WH16-C-C039,53b1f35c6ba0ce91,8,,1000
WH16,wh16_2026_03_19,0000_000,bulk,YYZY,124,124_Data_000_theta_0000_bound_YYZY_x_best_010_opt_recovery.qpy,data/executed_circuits/WH16/0000_000/124_Data_000_theta_0000_bound_YYZY_x_best_010_opt_recovery.qpy,d5ed8e03f752f01c5dd8d532e96fa8fc34600395e5644d76889bababb172da61,holography-on-ionq/Testing flow/Circuits/Data_batch/WH16_2026-03-19/Data_0000_000/124_Data_000_theta_0000_bound_YYZY_x_best_010_opt_recovery.qpy,happy_ions/16-qubit-wormhole_cirq.ipynb,WH16-C-C039,53b1f35c6ba0ce91,8,,1000
WH16,wh16_2026_03_19,0000_000,bulk,YYZZ,125,125_Data_000_theta_0000_bound_YYZZ_x_best_010_opt_recovery.qpy,data/executed_circuits/WH16/0000_000/125_Data_000_theta_0000_bound_YYZZ_x_best_010_opt_recovery.qpy,921e751bfa3b0af8e22d7b6329d521cb110238fe0173b9d8606fc25878637d7a,holography-on-ionq/Testing flow/Circuits/Data_batch/WH16_2026-03-19/Data_0000_000/125_Data_000_theta_0000_bound_YYZZ_x_best_010_opt_recovery.qpy,happy_ions/16-qubit-wormhole_cirq.ipynb,WH16-C-C039,53b1f35c6ba0ce91,8,,1000
WH16,wh16_2026_03_19,0000_000,bulk,YZXX,126,126_Data_000_theta_0000_bound_YZXX_x_best_010_opt_recovery.qpy,data/executed_circuits/WH16/0000_000/126_Data_000_theta_0000_bound_YZXX_x_best_010_opt_recovery.qpy,a3e2d3525cb20bce9ec8b857a2833412aaa02ef40fa0cc40908b34917aebfbab,holography-on-ionq/Testing flow/Circuits/Data_batch/WH16_2026-03-19/Data_0000_000/126_Data_000_theta_0000_bound_YZXX_x_best_010_opt_recovery.qpy,happy_ions/16-qubit-wormhole_cirq.ipynb,WH16-C-C039,53b1f35c6ba0ce91,8,,1000
WH16,wh16_2026_03_19,0000_000,bulk,YZXY,127,127_Data_000_theta_0000_bound_YZXY_x_best_010_opt_recovery.qpy,data/executed_circuits/WH16/0000_000/127_Data_000_theta_0000_bound_YZXY_x_best_010_opt_recovery.qpy,a5d3c7d7599de92ee2805f564331623b3d74c221273f4b3ca3292957de2ee3f3,holography-on-ionq/Testing flow/Circuits/Data_batch/WH16_2026-03-19/Data_0000_000/127_Data_000_theta_0000_bound_YZXY_x_best_010_opt_recovery.qpy,happy_ions/16-qubit-wormhole_cirq.ipynb,WH16-C-C039,53b1f35c6ba0ce91,8,,1000
WH16,wh16_2026_03_19,0000_000,bulk,YZXZ,128,128_Data_000_theta_0000_bound_YZXZ_x_best_010_opt_recovery.qpy,data/executed_circuits/WH16/0000_000/128_Data_000_theta_0000_bound_YZXZ_x_best_010_opt_recovery.qpy,a858ee7ed985fe8983cee1c37db1b1de454e75603d30e2215a3d81d31bacdc09,holography-on-ionq/Testing flow/Circuits/Data_batch/WH16_2026-03-19/Data_0000_000/128_Data_000_theta_0000_bound_YZXZ_x_best_010_opt_recovery.qpy,happy_ions/16-qubit-wormhole_cirq.ipynb,WH16-C-C039,53b1f35c6ba0ce91,8,,1000
WH16,wh16_2026_03_19,0000_000,bulk,YZYX,129,129_Data_000_theta_0000_bound_YZYX_x_best_010_opt_recovery.qpy,data/executed_circuits/WH16/0000_000/129_Data_000_theta_0000_bound_YZYX_x_best_010_opt_recovery.qpy,14478e8ca9a718bb49298609c3c41b853d2200e55b0c5156349f4b8224e7d2d4,holography-on-ionq/Testing flow/Circuits/Data_batch/WH16_2026-03-19/Data_0000_000/129_Data_000_theta_0000_bound_YZYX_x_best_010_opt_recovery.qpy,happy_ions/16-qubit-wormhole_cirq.ipynb,WH16-C-C039,53b1f35c6ba0ce91,8,,1000
WH16,wh16_2026_03_19,0000_000,bulk,YZYY,130,130_Data_000_theta_0000_bound_YZYY_x_best_010_opt_recovery.qpy,data/executed_circuits/WH16/0000_000/130_Data_000_theta_0000_bound_YZYY_x_best_010_opt_recovery.qpy,2075079920afe31e8a915dba94252a38c6f2b5a9c662f4edaf69500ceecb15f5,holography-on-ionq/Testing flow/Circuits/Data_batch/WH16_2026-03-19/Data_0000_000/130_Data_000_theta_0000_bound_YZYY_x_best_010_opt_recovery.qpy,happy_ions/16-qubit-wormhole_cirq.ipynb,WH16-C-C039,53b1f35c6ba0ce91,8,,1000
WH16,wh16_2026_03_19,0000_000,bulk,YZYZ,131,131_Data_000_theta_0000_bound_YZYZ_x_best_010_opt_recovery.qpy,data/executed_circuits/WH16/0000_000/131_Data_000_theta_0000_bound_YZYZ_x_best_010_opt_recovery.qpy,bab69961a6946b88888ba19b59a091a25e381ad6d2f599baafc7dbad59d85794,holography-on-ionq/Testing flow/Circuits/Data_batch/WH16_2026-03-19/Data_0000_000/131_Data_000_theta_0000_bound_YZYZ_x_best_010_opt_recovery.qpy,happy_ions/16-qubit-wormhole_cirq.ipynb,WH16-C-C039,53b1f35c6ba0ce91,8,,1000
WH16,wh16_2026_03_19,0000_000,bulk,YZZX,132,132_Data_000_theta_0000_bound_YZZX_x_best_010_opt_recovery.qpy,data/executed_circuits/WH16/0000_000/132_Data_000_theta_0000_bound_YZZX_x_best_010_opt_recovery.qpy,3749096617fe30a4e3fbe07b18f2d649a79100f220f9c676c0aa8dc0bb6aead5,holography-on-ionq/Testing flow/Circuits/Data_batch/WH16_2026-03-19/Data_0000_000/132_Data_000_theta_0000_bound_YZZX_x_best_010_opt_recovery.qpy,happy_ions/16-qubit-wormhole_cirq.ipynb,WH16-C-C039,53b1f35c6ba0ce91,8,,1000
WH16,wh16_2026_03_19,0000_000,bulk,YZZY,133,133_Data_000_theta_0000_bound_YZZY_x_best_010_opt_recovery.qpy,data/executed_circuits/WH16/0000_000/133_Data_000_theta_0000_bound_YZZY_x_best_010_opt_recovery.qpy,d0d0e6af53c0d7ac4a6101c389b21b59dbf6c686b0a67d60ec37460e08589e04,holography-on-ionq/Testing flow/Circuits/Data_batch/WH16_2026-03-19/Data_0000_000/133_Data_000_theta_0000_bound_YZZY_x_best_010_opt_recovery.qpy,happy_ions/16-qubit-wormhole_cirq.ipynb,WH16-C-C039,53b1f35c6ba0ce91,8,,1000
WH16,wh16_2026_03_19,0000_000,bulk,YZZZ,134,134_Data_000_theta_0000_bound_YZZZ_x_best_010_opt_recovery.qpy,data/executed_circuits/WH16/0000_000/134_Data_000_theta_0000_bound_YZZZ_x_best_010_opt_recovery.qpy,d7696b7b99608640ef57096ad1f5dd11c8da3b5e4937b8d53be576274ac234b4,holography-on-ionq/Testing flow/Circuits/Data_batch/WH16_2026-03-19/Data_0000_000/134_Data_000_theta_0000_bound_YZZZ_x_best_010_opt_recovery.qpy,happy_ions/16-qubit-wormhole_cirq.ipynb,WH16-C-C039,53b1f35c6ba0ce91,8,,1000
WH16,wh16_2026_03_19,0000_000,bulk,ZXXX,135,135_Data_000_theta_0000_bound_ZXXX_x_best_010_opt_recovery.qpy,data/executed_circuits/WH16/0000_000/135_Data_000_theta_0000_bound_ZXXX_x_best_010_opt_recovery.qpy,d522e9660fc4b1086800528f0ac95d1b4c68f7387c4932171d0b1ad2dd423fcb,holography-on-ionq/Testing flow/Circuits/Data_batch/WH16_2026-03-19/Data_0000_000/135_Data_000_theta_0000_bound_ZXXX_x_best_010_opt_recovery.qpy,happy_ions/16-qubit-wormhole_cirq.ipynb,WH16-C-C039,53b1f35c6ba0ce91,8,,1000
WH16,wh16_2026_03_19,0000_000,bulk,ZXXY,136,136_Data_000_theta_0000_bound_ZXXY_x_best_010_opt_recovery.qpy,data/executed_circuits/WH16/0000_000/136_Data_000_theta_0000_bound_ZXXY_x_best_010_opt_recovery.qpy,b2e40508bca1aecc0ba8da11756aa6208fb2c821425744f383fd1d6089209e84,holography-on-ionq/Testing flow/Circuits/Data_batch/WH16_2026-03-19/Data_0000_000/136_Data_000_theta_0000_bound_ZXXY_x_best_010_opt_recovery.qpy,happy_ions/16-qubit-wormhole_cirq.ipynb,WH16-C-C039,53b1f35c6ba0ce91,8,,1000
WH16,wh16_2026_03_19,0000_000,bulk,ZXXZ,137,137_Data_000_theta_0000_bound_ZXXZ_x_best_010_opt_recovery.qpy,data/executed_circuits/WH16/0000_000/137_Data_000_theta_0000_bound_ZXXZ_x_best_010_opt_recovery.qpy,013da05e1f0529134a1fc5c4d9436088f78a254c33dc232eba911a1c4c54df37,holography-on-ionq/Testing flow/Circuits/Data_batch/WH16_2026-03-19/Data_0000_000/137_Data_000_theta_0000_bound_ZXXZ_x_best_010_opt_recovery.qpy,happy_ions/16-qubit-wormhole_cirq.ipynb,WH16-C-C039,53b1f35c6ba0ce91,8,,1000
WH16,wh16_2026_03_19,0000_000,bulk,ZXYX,138,138_Data_000_theta_0000_bound_ZXYX_x_best_010_opt_recovery.qpy,data/executed_circuits/WH16/0000_000/138_Data_000_theta_0000_bound_ZXYX_x_best_010_opt_recovery.qpy,4883e7b29cf0caf037f91b0d7e5ce90ec4cd3e6ef6a1dec792654e7aca10eb0d,holography-on-ionq/Testing flow/Circuits/Data_batch/WH16_2026-03-19/Data_0000_000/138_Data_000_theta_0000_bound_ZXYX_x_best_010_opt_recovery.qpy,happy_ions/16-qubit-wormhole_cirq.ipynb,WH16-C-C039,53b1f35c6ba0ce91,8,,1000
WH16,wh16_2026_03_19,0000_000,bulk,ZXYY,139,139_Data_000_theta_0000_bound_ZXYY_x_best_010_opt_recovery.qpy,data/executed_circuits/WH16/0000_000/139_Data_000_theta_0000_bound_ZXYY_x_best_010_opt_recovery.qpy,a1f744cb544b86d14f0c89ef8badf9b4c6e5a2f8b37c6973910bb97f5f334aad,holography-on-ionq/Testing flow/Circuits/Data_batch/WH16_2026-03-19/Data_0000_000/139_Data_000_theta_0000_bound_ZXYY_x_best_010_opt_recovery.qpy,happy_ions/16-qubit-wormhole_cirq.ipynb,WH16-C-C039,53b1f35c6ba0ce91,8,,1000
WH16,wh16_2026_03_19,0000_000,bulk,ZXYZ,140,140_Data_000_theta_0000_bound_ZXYZ_x_best_010_opt_recovery.qpy,data/executed_circuits/WH16/0000_000/140_Data_000_theta_0000_bound_ZXYZ_x_best_010_opt_recovery.qpy,6b0abb3dc5cac76894355fe4984dbde4bce996563aa6cba1b9e6de5a0fe5529c,holography-on-ionq/Testing flow/Circuits/Data_batch/WH16_2026-03-19/Data_0000_000/140_Data_000_theta_0000_bound_ZXYZ_x_best_010_opt_recovery.qpy,happy_ions/16-qubit-wormhole_cirq.ipynb,WH16-C-C039,53b1f35c6ba0ce91,8,,1000
WH16,wh16_2026_03_19,0000_000,bulk,ZXZX,141,141_Data_000_theta_0000_bound_ZXZX_x_best_010_opt_recovery.qpy,data/executed_circuits/WH16/0000_000/141_Data_000_theta_0000_bound_ZXZX_x_best_010_opt_recovery.qpy,85defcddbd9cbddf7be63a439547aa222a1cba1161d6fde392bfadb87070da08,holography-on-ionq/Testing flow/Circuits/Data_batch/WH16_2026-03-19/Data_0000_000/141_Data_000_theta_0000_bound_ZXZX_x_best_010_opt_recovery.qpy,happy_ions/16-qubit-wormhole_cirq.ipynb,WH16-C-C039,53b1f35c6ba0ce91,8,,1000
WH16,wh16_2026_03_19,0000_000,bulk,ZXZY,142,142_Data_000_theta_0000_bound_ZXZY_x_best_010_opt_recovery.qpy,data/executed_circuits/WH16/0000_000/142_Data_000_theta_0000_bound_ZXZY_x_best_010_opt_recovery.qpy,e7bd563e8d98102d21cee9289aaea9580386af7d8d6a5980c4c8c05f2ed8792e,holography-on-ionq/Testing flow/Circuits/Data_batch/WH16_2026-03-19/Data_0000_000/142_Data_000_theta_0000_bound_ZXZY_x_best_010_opt_recovery.qpy,happy_ions/16-qubit-wormhole_cirq.ipynb,WH16-C-C039,53b1f35c6ba0ce91,8,,1000
WH16,wh16_2026_03_19,0000_000,bulk,ZXZZ,143,143_Data_000_theta_0000_bound_ZXZZ_x_best_010_opt_recovery.qpy,data/executed_circuits/WH16/0000_000/143_Data_000_theta_0000_bound_ZXZZ_x_best_010_opt_recovery.qpy,e6aa0aa246f889874633d9ddbc8b7460c3b66a5ff58ea3dd24486bc35c4c36b4,holography-on-ionq/Testing flow/Circuits/Data_batch/WH16_2026-03-19/Data_0000_000/143_Data_000_theta_0000_bound_ZXZZ_x_best_010_opt_recovery.qpy,happy_ions/16-qubit-wormhole_cirq.ipynb,WH16-C-C039,53b1f35c6ba0ce91,8,,1000
WH16,wh16_2026_03_19,0000_000,bulk,ZYXX,144,144_Data_000_theta_0000_bound_ZYXX_x_best_010_opt_recovery.qpy,data/executed_circuits/WH16/0000_000/144_Data_000_theta_0000_bound_ZYXX_x_best_010_opt_recovery.qpy,279b8ad7f25db11783d0a8892e5e2510529b5d6889f7c83f557fbe6cef9c6ec7,holography-on-ionq/Testing flow/Circuits/Data_batch/WH16_2026-03-19/Data_0000_000/144_Data_000_theta_0000_bound_ZYXX_x_best_010_opt_recovery.qpy,happy_ions/16-qubit-wormhole_cirq.ipynb,WH16-C-C039,53b1f35c6ba0ce91,8,,1000
WH16,wh16_2026_03_19,0000_000,bulk,ZYXY,145,145_Data_000_theta_0000_bound_ZYXY_x_best_010_opt_recovery.qpy,data/executed_circuits/WH16/0000_000/145_Data_000_theta_0000_bound_ZYXY_x_best_010_opt_recovery.qpy,e158527d2a1a3109a771ada1f67259359e1d445d1f249ddc972317d28f1153ca,holography-on-ionq/Testing flow/Circuits/Data_batch/WH16_2026-03-19/Data_0000_000/145_Data_000_theta_0000_bound_ZYXY_x_best_010_opt_recovery.qpy,happy_ions/16-qubit-wormhole_cirq.ipynb,WH16-C-C039,53b1f35c6ba0ce91,8,,1000
WH16,wh16_2026_03_19,0000_000,bulk,ZYXZ,146,146_Data_000_theta_0000_bound_ZYXZ_x_best_010_opt_recovery.qpy,data/executed_circuits/WH16/0000_000/146_Data_000_theta_0000_bound_ZYXZ_x_best_010_opt_recovery.qpy,f0913fc2f06b3e4d0f04592959f8471af7eefceeb393bca5b6682a2756605566,holography-on-ionq/Testing flow/Circuits/Data_batch/WH16_2026-03-19/Data_0000_000/146_Data_000_theta_0000_bound_ZYXZ_x_best_010_opt_recovery.qpy,happy_ions/16-qubit-wormhole_cirq.ipynb,WH16-C-C039,53b1f35c6ba0ce91,8,,1000
WH16,wh16_2026_03_19,0000_000,bulk,ZYYX,147,147_Data_000_theta_0000_bound_ZYYX_x_best_010_opt_recovery.qpy,data/executed_circuits/WH16/0000_000/147_Data_000_theta_0000_bound_ZYYX_x_best_010_opt_recovery.qpy,f2d69201276d2cb9d8c6bfc6b1f545c40c9bb0829bf2237f71fe15c23ccf0eaf,holography-on-ionq/Testing flow/Circuits/Data_batch/WH16_2026-03-19/Data_0000_000/147_Data_000_theta_0000_bound_ZYYX_x_best_010_opt_recovery.qpy,happy_ions/16-qubit-wormhole_cirq.ipynb,WH16-C-C039,53b1f35c6ba0ce91,8,,1000
WH16,wh16_2026_03_19,0000_000,bulk,ZYYY,148,148_Data_000_theta_0000_bound_ZYYY_x_best_010_opt_recovery.qpy,data/executed_circuits/WH16/0000_000/148_Data_000_theta_0000_bound_ZYYY_x_best_010_opt_recovery.qpy,11e014afaa2c0faac1a879a0499df710d31f48925af3f4b1c0a89152e04e1d80,holography-on-ionq/Testing flow/Circuits/Data_batch/WH16_2026-03-19/Data_0000_000/148_Data_000_theta_0000_bound_ZYYY_x_best_010_opt_recovery.qpy,happy_ions/16-qubit-wormhole_cirq.ipynb,WH16-C-C039,53b1f35c6ba0ce91,8,,1000
WH16,wh16_2026_03_19,0000_000,bulk,ZYYZ,149,149_Data_000_theta_0000_bound_ZYYZ_x_best_010_opt_recovery.qpy,data/executed_circuits/WH16/0000_000/149_Data_000_theta_0000_bound_ZYYZ_x_best_010_opt_recovery.qpy,83210d554cfa77d9d9353a562489224df3beb4590d71a3d5e5193ae8a0d36f16,holography-on-ionq/Testing flow/Circuits/Data_batch/WH16_2026-03-19/Data_0000_000/149_Data_000_theta_0000_bound_ZYYZ_x_best_010_opt_recovery.qpy,happy_ions/16-qubit-wormhole_cirq.ipynb,WH16-C-C039,53b1f35c6ba0ce91,8,,1000
WH16,wh16_2026_03_19,0000_000,bulk,ZYZX,150,150_Data_000_theta_0000_bound_ZYZX_x_best_010_opt_recovery.qpy,data/executed_circuits/WH16/0000_000/150_Data_000_theta_0000_bound_ZYZX_x_best_010_opt_recovery.qpy,fce7f3d8317d565925fe9d807b926ffbe0c0df93f68eb17fe147ad770982fa93,holography-on-ionq/Testing flow/Circuits/Data_batch/WH16_2026-03-19/Data_0000_000/150_Data_000_theta_0000_bound_ZYZX_x_best_010_opt_recovery.qpy,happy_ions/16-qubit-wormhole_cirq.ipynb,WH16-C-C039,53b1f35c6ba0ce91,8,,1000
WH16,wh16_2026_03_19,0000_000,bulk,ZYZY,151,151_Data_000_theta_0000_bound_ZYZY_x_best_010_opt_recovery.qpy,data/executed_circuits/WH16/0000_000/151_Data_000_theta_0000_bound_ZYZY_x_best_010_opt_recovery.qpy,52d41346cdf5175f7e8caa8867d219b42b48c7b052d1538c2699c334d07aec2c,holography-on-ionq/Testing flow/Circuits/Data_batch/WH16_2026-03-19/Data_0000_000/151_Data_000_theta_0000_bound_ZYZY_x_best_010_opt_recovery.qpy,happy_ions/16-qubit-wormhole_cirq.ipynb,WH16-C-C039,53b1f35c6ba0ce91,8,,1000
WH16,wh16_2026_03_19,0000_000,bulk,ZYZZ,152,152_Data_000_theta_0000_bound_ZYZZ_x_best_010_opt_recovery.qpy,data/executed_circuits/WH16/0000_000/152_Data_000_theta_0000_bound_ZYZZ_x_best_010_opt_recovery.qpy,619972cc9db7ca06e1a19d018ed38c9a3661814c7eb30aeafe7ccc38e0c4d53d,holography-on-ionq/Testing flow/Circuits/Data_batch/WH16_2026-03-19/Data_0000_000/152_Data_000_theta_0000_bound_ZYZZ_x_best_010_opt_recovery.qpy,happy_ions/16-qubit-wormhole_cirq.ipynb,WH16-C-C039,53b1f35c6ba0ce91,8,,1000
WH16,wh16_2026_03_19,0000_000,bulk,ZZXX,153,153_Data_000_theta_0000_bound_ZZXX_x_best_010_opt_recovery.qpy,data/executed_circuits/WH16/0000_000/153_Data_000_theta_0000_bound_ZZXX_x_best_010_opt_recovery.qpy,ebb331bc904496ed41e672414f63864f6ab8f0dc577c812b9f66ed6c6fd0d10d,holography-on-ionq/Testing flow/Circuits/Data_batch/WH16_2026-03-19/Data_0000_000/153_Data_000_theta_0000_bound_ZZXX_x_best_010_opt_recovery.qpy,happy_ions/16-qubit-wormhole_cirq.ipynb,WH16-C-C039,53b1f35c6ba0ce91,8,,1000
WH16,wh16_2026_03_19,0000_000,bulk,ZZXY,154,154_Data_000_theta_0000_bound_ZZXY_x_best_010_opt_recovery.qpy,data/executed_circuits/WH16/0000_000/154_Data_000_theta_0000_bound_ZZXY_x_best_010_opt_recovery.qpy,9e1f7fa5b9112f9b1c94333e6a4871968483360401f7d2d043a364f1cac0c662,holography-on-ionq/Testing flow/Circuits/Data_batch/WH16_2026-03-19/Data_0000_000/154_Data_000_theta_0000_bound_ZZXY_x_best_010_opt_recovery.qpy,happy_ions/16-qubit-wormhole_cirq.ipynb,WH16-C-C039,53b1f35c6ba0ce91,8,,1000
WH16,wh16_2026_03_19,0000_000,bulk,ZZXZ,155,155_Data_000_theta_0000_bound_ZZXZ_x_best_010_opt_recovery.qpy,data/executed_circuits/WH16/0000_000/155_Data_000_theta_0000_bound_ZZXZ_x_best_010_opt_recovery.qpy,9d1db283ebb3aca9953358b934fdfb489c57565eaea6f604928cd25f07d80692,holography-on-ionq/Testing flow/Circuits/Data_batch/WH16_2026-03-19/Data_0000_000/155_Data_000_theta_0000_bound_ZZXZ_x_best_010_opt_recovery.qpy,happy_ions/16-qubit-wormhole_cirq.ipynb,WH16-C-C039,53b1f35c6ba0ce91,8,,1000
WH16,wh16_2026_03_19,0000_000,bulk,ZZYX,156,156_Data_000_theta_0000_bound_ZZYX_x_best_010_opt_recovery.qpy,data/executed_circuits/WH16/0000_000/156_Data_000_theta_0000_bound_ZZYX_x_best_010_opt_recovery.qpy,1571783adbe5b2c88dc36b84c4c5384aefecc0497b5a03581bafa9661757d9ed,holography-on-ionq/Testing flow/Circuits/Data_batch/WH16_2026-03-19/Data_0000_000/156_Data_000_theta_0000_bound_ZZYX_x_best_010_opt_recovery.qpy,happy_ions/16-qubit-wormhole_cirq.ipynb,WH16-C-C039,53b1f35c6ba0ce91,8,,1000
WH16,wh16_2026_03_19,0000_000,bulk,ZZYY,157,157_Data_000_theta_0000_bound_ZZYY_x_best_010_opt_recovery.qpy,data/executed_circuits/WH16/0000_000/157_Data_000_theta_0000_bound_ZZYY_x_best_010_opt_recovery.qpy,56cf005b5c45f462a57a0cdb8d5de16a1b3528b1998bd06f795fe021afdb8a46,holography-on-ionq/Testing flow/Circuits/Data_batch/WH16_2026-03-19/Data_0000_000/157_Data_000_theta_0000_bound_ZZYY_x_best_010_opt_recovery.qpy,happy_ions/16-qubit-wormhole_cirq.ipynb,WH16-C-C039,53b1f35c6ba0ce91,8,,1000
WH16,wh16_2026_03_19,0000_000,bulk,ZZYZ,158,158_Data_000_theta_0000_bound_ZZYZ_x_best_010_opt_recovery.qpy,data/executed_circuits/WH16/0000_000/158_Data_000_theta_0000_bound_ZZYZ_x_best_010_opt_recovery.qpy,545af6bc7ec821dda5d98f1dc325510965284735e477fff235e568e04348610a,holography-on-ionq/Testing flow/Circuits/Data_batch/WH16_2026-03-19/Data_0000_000/158_Data_000_theta_0000_bound_ZZYZ_x_best_010_opt_recovery.qpy,happy_ions/16-qubit-wormhole_cirq.ipynb,WH16-C-C039,53b1f35c6ba0ce91,8,,1000
WH16,wh16_2026_03_19,0000_000,bulk,ZZZX,159,159_Data_000_theta_0000_bound_ZZZX_x_best_010_opt_recovery.qpy,data/executed_circuits/WH16/0000_000/159_Data_000_theta_0000_bound_ZZZX_x_best_010_opt_recovery.qpy,a1324bb7dfc4b53136b35c8d0ce0254fc628a1ec49d60a5d11effba477e75d30,holography-on-ionq/Testing flow/Circuits/Data_batch/WH16_2026-03-19/Data_0000_000/159_Data_000_theta_0000_bound_ZZZX_x_best_010_opt_recovery.qpy,happy_ions/16-qubit-wormhole_cirq.ipynb,WH16-C-C039,53b1f35c6ba0ce91,8,,1000
WH16,wh16_2026_03_19,0000_000,bulk,ZZZY,160,160_Data_000_theta_0000_bound_ZZZY_x_best_010_opt_recovery.qpy,data/executed_circuits/WH16/0000_000/160_Data_000_theta_0000_bound_ZZZY_x_best_010_opt_recovery.qpy,b240ea54c6461b42998f85ec8df0b8f93ee425bc79de5a5166a8d9081eff4093,holography-on-ionq/Testing flow/Circuits/Data_batch/WH16_2026-03-19/Data_0000_000/160_Data_000_theta_0000_bound_ZZZY_x_best_010_opt_recovery.qpy,happy_ions/16-qubit-wormhole_cirq.ipynb,WH16-C-C039,53b1f35c6ba0ce91,8,,1000
WH16,wh16_2026_03_19,0000_000,bulk,ZZZZ,161,161_Data_000_theta_0000_bound_ZZZZ_x_best_010_opt_recovery.qpy,data/executed_circuits/WH16/0000_000/161_Data_000_theta_0000_bound_ZZZZ_x_best_010_opt_recovery.qpy,4eac8c5e7685451bb5303e16582a083ea59cf43b51b8670caea62daf2c4a4ef9,holography-on-ionq/Testing flow/Circuits/Data_batch/WH16_2026-03-19/Data_0000_000/161_Data_000_theta_0000_bound_ZZZZ_x_best_010_opt_recovery.qpy,happy_ions/16-qubit-wormhole_cirq.ipynb,WH16-C-C039,53b1f35c6ba0ce91,8,,1000
WH16,wh16_2026_03_19,0000_010,boundary,XXXX,0,000_Data_010_theta_0000_bound_XXXX_x_best_010_opt_recovery.qpy,data/executed_circuits/WH16/0000_010/000_Data_010_theta_0000_bound_XXXX_x_best_010_opt_recovery.qpy,73fd15802cad233c86dc02ff429d3fef34f34b199b367d4f93376428a577e04d,holography-on-ionq/Testing flow/Circuits/Data_batch/WH16_2026-03-19/Data_0000_010/000_Data_010_theta_0000_bound_XXXX_x_best_010_opt_recovery.qpy,happy_ions/16-qubit-wormhole_cirq.ipynb,WH16-C-C039,53b1f35c6ba0ce91,9,,1000
WH16,wh16_2026_03_19,0000_010,boundary,XXXY,1,001_Data_010_theta_0000_bound_XXXY_x_best_010_opt_recovery.qpy,data/executed_circuits/WH16/0000_010/001_Data_010_theta_0000_bound_XXXY_x_best_010_opt_recovery.qpy,2ba5952396f02a52872db254791cbf1e203dbf1e619399bab659592f1bdb6626,holography-on-ionq/Testing flow/Circuits/Data_batch/WH16_2026-03-19/Data_0000_010/001_Data_010_theta_0000_bound_XXXY_x_best_010_opt_recovery.qpy,happy_ions/16-qubit-wormhole_cirq.ipynb,WH16-C-C039,53b1f35c6ba0ce91,9,,1000
WH16,wh16_2026_03_19,0000_010,boundary,XXXZ,2,002_Data_010_theta_0000_bound_XXXZ_x_best_010_opt_recovery.qpy,data/executed_circuits/WH16/0000_010/002_Data_010_theta_0000_bound_XXXZ_x_best_010_opt_recovery.qpy,6aa46ed02c6fd1a2cd01d177938528dadce3e1cfed2090a996366a5781ae7d02,holography-on-ionq/Testing flow/Circuits/Data_batch/WH16_2026-03-19/Data_0000_010/002_Data_010_theta_0000_bound_XXXZ_x_best_010_opt_recovery.qpy,happy_ions/16-qubit-wormhole_cirq.ipynb,WH16-C-C039,53b1f35c6ba0ce91,9,,1000
WH16,wh16_2026_03_19,0000_010,boundary,XXYX,3,003_Data_010_theta_0000_bound_XXYX_x_best_010_opt_recovery.qpy,data/executed_circuits/WH16/0000_010/003_Data_010_theta_0000_bound_XXYX_x_best_010_opt_recovery.qpy,33023d509223881d5fd77f8a6034b14a10e1cd64aa34c26fa21a64b8f08130f6,holography-on-ionq/Testing flow/Circuits/Data_batch/WH16_2026-03-19/Data_0000_010/003_Data_010_theta_0000_bound_XXYX_x_best_010_opt_recovery.qpy,happy_ions/16-qubit-wormhole_cirq.ipynb,WH16-C-C039,53b1f35c6ba0ce91,9,,1000
WH16,wh16_2026_03_19,0000_010,boundary,XXYY,4,004_Data_010_theta_0000_bound_XXYY_x_best_010_opt_recovery.qpy,data/executed_circuits/WH16/0000_010/004_Data_010_theta_0000_bound_XXYY_x_best_010_opt_recovery.qpy,07b7baae7b6246caa987ad26f61af14eebbe3a719a69169aaef6fc3506c46482,holography-on-ionq/Testing flow/Circuits/Data_batch/WH16_2026-03-19/Data_0000_010/004_Data_010_theta_0000_bound_XXYY_x_best_010_opt_recovery.qpy,happy_ions/16-qubit-wormhole_cirq.ipynb,WH16-C-C039,53b1f35c6ba0ce91,9,,1000
WH16,wh16_2026_03_19,0000_010,boundary,XXYZ,5,005_Data_010_theta_0000_bound_XXYZ_x_best_010_opt_recovery.qpy,data/executed_circuits/WH16/0000_010/005_Data_010_theta_0000_bound_XXYZ_x_best_010_opt_recovery.qpy,e0e7fbea32ae4532a6ebc4cddbbe6d54d79c4d50d669abb6c4b5ee71ecf2f923,holography-on-ionq/Testing flow/Circuits/Data_batch/WH16_2026-03-19/Data_0000_010/005_Data_010_theta_0000_bound_XXYZ_x_best_010_opt_recovery.qpy,happy_ions/16-qubit-wormhole_cirq.ipynb,WH16-C-C039,53b1f35c6ba0ce91,9,,1000
WH16,wh16_2026_03_19,0000_010,boundary,XXZX,6,006_Data_010_theta_0000_bound_XXZX_x_best_010_opt_recovery.qpy,data/executed_circuits/WH16/0000_010/006_Data_010_theta_0000_bound_XXZX_x_best_010_opt_recovery.qpy,1ff7985730e282f0fc215e4ee00c189ce780c5c5f1a18916f898a7dabd5b3f0b,holography-on-ionq/Testing flow/Circuits/Data_batch/WH16_2026-03-19/Data_0000_010/006_Data_010_theta_0000_bound_XXZX_x_best_010_opt_recovery.qpy,happy_ions/16-qubit-wormhole_cirq.ipynb,WH16-C-C039,53b1f35c6ba0ce91,9,,1000
WH16,wh16_2026_03_19,0000_010,boundary,XXZY,7,007_Data_010_theta_0000_bound_XXZY_x_best_010_opt_recovery.qpy,data/executed_circuits/WH16/0000_010/007_Data_010_theta_0000_bound_XXZY_x_best_010_opt_recovery.qpy,b45ad978ca64d6ce847c1de0b93e06891b5399d0fcf560a679c0d153c439afa4,holography-on-ionq/Testing flow/Circuits/Data_batch/WH16_2026-03-19/Data_0000_010/007_Data_010_theta_0000_bound_XXZY_x_best_010_opt_recovery.qpy,happy_ions/16-qubit-wormhole_cirq.ipynb,WH16-C-C039,53b1f35c6ba0ce91,9,,1000
WH16,wh16_2026_03_19,0000_010,boundary,XXZZ,8,008_Data_010_theta_0000_bound_XXZZ_x_best_010_opt_recovery.qpy,data/executed_circuits/WH16/0000_010/008_Data_010_theta_0000_bound_XXZZ_x_best_010_opt_recovery.qpy,35ff682d2bc1097adce7aadbe8d9d5d3ff3ed3938b1c428ffd30e38cf4d23d83,holography-on-ionq/Testing flow/Circuits/Data_batch/WH16_2026-03-19/Data_0000_010/008_Data_010_theta_0000_bound_XXZZ_x_best_010_opt_recovery.qpy,happy_ions/16-qubit-wormhole_cirq.ipynb,WH16-C-C039,53b1f35c6ba0ce91,9,,1000
WH16,wh16_2026_03_19,0000_010,boundary,XYXX,9,009_Data_010_theta_0000_bound_XYXX_x_best_010_opt_recovery.qpy,data/executed_circuits/WH16/0000_010/009_Data_010_theta_0000_bound_XYXX_x_best_010_opt_recovery.qpy,94bed3fba031a10c4332c41b6d61c4da8912b941e71c13b118d1bb0e2d166de7,holography-on-ionq/Testing flow/Circuits/Data_batch/WH16_2026-03-19/Data_0000_010/009_Data_010_theta_0000_bound_XYXX_x_best_010_opt_recovery.qpy,happy_ions/16-qubit-wormhole_cirq.ipynb,WH16-C-C039,53b1f35c6ba0ce91,9,,1000
WH16,wh16_2026_03_19,0000_010,boundary,XYXY,10,010_Data_010_theta_0000_bound_XYXY_x_best_010_opt_recovery.qpy,data/executed_circuits/WH16/0000_010/010_Data_010_theta_0000_bound_XYXY_x_best_010_opt_recovery.qpy,f27cb8f4b5235e0816d8780b72b2797851ee456200d83bea7c30dc360387170c,holography-on-ionq/Testing flow/Circuits/Data_batch/WH16_2026-03-19/Data_0000_010/010_Data_010_theta_0000_bound_XYXY_x_best_010_opt_recovery.qpy,happy_ions/16-qubit-wormhole_cirq.ipynb,WH16-C-C039,53b1f35c6ba0ce91,9,,1000
WH16,wh16_2026_03_19,0000_010,boundary,XYXZ,11,011_Data_010_theta_0000_bound_XYXZ_x_best_010_opt_recovery.qpy,data/executed_circuits/WH16/0000_010/011_Data_010_theta_0000_bound_XYXZ_x_best_010_opt_recovery.qpy,4960ef8125c8552f685e22a65973ae64b21c3144bf3e1f0bc48f4cee88f12334,holography-on-ionq/Testing flow/Circuits/Data_batch/WH16_2026-03-19/Data_0000_010/011_Data_010_theta_0000_bound_XYXZ_x_best_010_opt_recovery.qpy,happy_ions/16-qubit-wormhole_cirq.ipynb,WH16-C-C039,53b1f35c6ba0ce91,9,,1000
WH16,wh16_2026_03_19,0000_010,boundary,XYYX,12,012_Data_010_theta_0000_bound_XYYX_x_best_010_opt_recovery.qpy,data/executed_circuits/WH16/0000_010/012_Data_010_theta_0000_bound_XYYX_x_best_010_opt_recovery.qpy,c4f2b4072564cd909a24fba32ad7fc4d1730b16fbebeb85d45b31bd4c7d724e7,holography-on-ionq/Testing flow/Circuits/Data_batch/WH16_2026-03-19/Data_0000_010/012_Data_010_theta_0000_bound_XYYX_x_best_010_opt_recovery.qpy,happy_ions/16-qubit-wormhole_cirq.ipynb,WH16-C-C039,53b1f35c6ba0ce91,9,,1000
WH16,wh16_2026_03_19,0000_010,boundary,XYYY,13,013_Data_010_theta_0000_bound_XYYY_x_best_010_opt_recovery.qpy,data/executed_circuits/WH16/0000_010/013_Data_010_theta_0000_bound_XYYY_x_best_010_opt_recovery.qpy,070eb6d1bd80eba806c9846d36ba3098b5a48eb528ffd5843ac575ad8349f290,holography-on-ionq/Testing flow/Circuits/Data_batch/WH16_2026-03-19/Data_0000_010/013_Data_010_theta_0000_bound_XYYY_x_best_010_opt_recovery.qpy,happy_ions/16-qubit-wormhole_cirq.ipynb,WH16-C-C039,53b1f35c6ba0ce91,9,,1000
WH16,wh16_2026_03_19,0000_010,boundary,XYYZ,14,014_Data_010_theta_0000_bound_XYYZ_x_best_010_opt_recovery.qpy,data/executed_circuits/WH16/0000_010/014_Data_010_theta_0000_bound_XYYZ_x_best_010_opt_recovery.qpy,a98c18f4f52b1b1c15f55718fe33979b42dff9a234fea0d7b62d384b90cbb9c4,holography-on-ionq/Testing flow/Circuits/Data_batch/WH16_2026-03-19/Data_0000_010/014_Data_010_theta_0000_bound_XYYZ_x_best_010_opt_recovery.qpy,happy_ions/16-qubit-wormhole_cirq.ipynb,WH16-C-C039,53b1f35c6ba0ce91,9,,1000
WH16,wh16_2026_03_19,0000_010,boundary,XYZX,15,015_Data_010_theta_0000_bound_XYZX_x_best_010_opt_recovery.qpy,data/executed_circuits/WH16/0000_010/015_Data_010_theta_0000_bound_XYZX_x_best_010_opt_recovery.qpy,e51ebecaa7ee0a0f0f2ab5e4795f77c8d17d828193d6672cbf8f1d50622e2753,holography-on-ionq/Testing flow/Circuits/Data_batch/WH16_2026-03-19/Data_0000_010/015_Data_010_theta_0000_bound_XYZX_x_best_010_opt_recovery.qpy,happy_ions/16-qubit-wormhole_cirq.ipynb,WH16-C-C039,53b1f35c6ba0ce91,9,,1000
WH16,wh16_2026_03_19,0000_010,boundary,XYZY,16,016_Data_010_theta_0000_bound_XYZY_x_best_010_opt_recovery.qpy,data/executed_circuits/WH16/0000_010/016_Data_010_theta_0000_bound_XYZY_x_best_010_opt_recovery.qpy,b361f0e0b5d0c799aa1122b4932130382d0a4b219982ae3958020e88c14bd4c4,holography-on-ionq/Testing flow/Circuits/Data_batch/WH16_2026-03-19/Data_0000_010/016_Data_010_theta_0000_bound_XYZY_x_best_010_opt_recovery.qpy,happy_ions/16-qubit-wormhole_cirq.ipynb,WH16-C-C039,53b1f35c6ba0ce91,9,,1000
WH16,wh16_2026_03_19,0000_010,boundary,XYZZ,17,017_Data_010_theta_0000_bound_XYZZ_x_best_010_opt_recovery.qpy,data/executed_circuits/WH16/0000_010/017_Data_010_theta_0000_bound_XYZZ_x_best_010_opt_recovery.qpy,26177cbd6cb9969025652e2af0eeeed37e5b32e93605f3e9e0f91e949e6116b1,holography-on-ionq/Testing flow/Circuits/Data_batch/WH16_2026-03-19/Data_0000_010/017_Data_010_theta_0000_bound_XYZZ_x_best_010_opt_recovery.qpy,happy_ions/16-qubit-wormhole_cirq.ipynb,WH16-C-C039,53b1f35c6ba0ce91,9,,1000
WH16,wh16_2026_03_19,0000_010,boundary,XZXX,18,018_Data_010_theta_0000_bound_XZXX_x_best_010_opt_recovery.qpy,data/executed_circuits/WH16/0000_010/018_Data_010_theta_0000_bound_XZXX_x_best_010_opt_recovery.qpy,fc4520f6f7050afa53c473009b204a16319818fd481ff34cf017a220a7a11b5a,holography-on-ionq/Testing flow/Circuits/Data_batch/WH16_2026-03-19/Data_0000_010/018_Data_010_theta_0000_bound_XZXX_x_best_010_opt_recovery.qpy,happy_ions/16-qubit-wormhole_cirq.ipynb,WH16-C-C039,53b1f35c6ba0ce91,9,,1000
WH16,wh16_2026_03_19,0000_010,boundary,XZXY,19,019_Data_010_theta_0000_bound_XZXY_x_best_010_opt_recovery.qpy,data/executed_circuits/WH16/0000_010/019_Data_010_theta_0000_bound_XZXY_x_best_010_opt_recovery.qpy,8ede8d12ee1c15cb8daa7a67f0708113a40c5b5e9bb4df7287e075aa297b2d70,holography-on-ionq/Testing flow/Circuits/Data_batch/WH16_2026-03-19/Data_0000_010/019_Data_010_theta_0000_bound_XZXY_x_best_010_opt_recovery.qpy,happy_ions/16-qubit-wormhole_cirq.ipynb,WH16-C-C039,53b1f35c6ba0ce91,9,,1000
WH16,wh16_2026_03_19,0000_010,boundary,XZXZ,20,020_Data_010_theta_0000_bound_XZXZ_x_best_010_opt_recovery.qpy,data/executed_circuits/WH16/0000_010/020_Data_010_theta_0000_bound_XZXZ_x_best_010_opt_recovery.qpy,3c2dd0e2394482755f5f9d604b8d1133d3396a84bcb3f6937f915001a9e267eb,holography-on-ionq/Testing flow/Circuits/Data_batch/WH16_2026-03-19/Data_0000_010/020_Data_010_theta_0000_bound_XZXZ_x_best_010_opt_recovery.qpy,happy_ions/16-qubit-wormhole_cirq.ipynb,WH16-C-C039,53b1f35c6ba0ce91,9,,1000
WH16,wh16_2026_03_19,0000_010,boundary,XZYX,21,021_Data_010_theta_0000_bound_XZYX_x_best_010_opt_recovery.qpy,data/executed_circuits/WH16/0000_010/021_Data_010_theta_0000_bound_XZYX_x_best_010_opt_recovery.qpy,fb133b74ec5658d69afc7d0629201e47a0d0c9477f990324de8a4ff1cf7fe443,holography-on-ionq/Testing flow/Circuits/Data_batch/WH16_2026-03-19/Data_0000_010/021_Data_010_theta_0000_bound_XZYX_x_best_010_opt_recovery.qpy,happy_ions/16-qubit-wormhole_cirq.ipynb,WH16-C-C039,53b1f35c6ba0ce91,9,,1000
WH16,wh16_2026_03_19,0000_010,boundary,XZYY,22,022_Data_010_theta_0000_bound_XZYY_x_best_010_opt_recovery.qpy,data/executed_circuits/WH16/0000_010/022_Data_010_theta_0000_bound_XZYY_x_best_010_opt_recovery.qpy,1a53d31360559d074b3cd4a6740f51a099e40e455c0a61e972cb33d322611854,holography-on-ionq/Testing flow/Circuits/Data_batch/WH16_2026-03-19/Data_0000_010/022_Data_010_theta_0000_bound_XZYY_x_best_010_opt_recovery.qpy,happy_ions/16-qubit-wormhole_cirq.ipynb,WH16-C-C039,53b1f35c6ba0ce91,9,,1000
WH16,wh16_2026_03_19,0000_010,boundary,XZYZ,23,023_Data_010_theta_0000_bound_XZYZ_x_best_010_opt_recovery.qpy,data/executed_circuits/WH16/0000_010/023_Data_010_theta_0000_bound_XZYZ_x_best_010_opt_recovery.qpy,89fce184451220717bb555ae92d30b43307e907c7f61500f14a4cdf718363a91,holography-on-ionq/Testing flow/Circuits/Data_batch/WH16_2026-03-19/Data_0000_010/023_Data_010_theta_0000_bound_XZYZ_x_best_010_opt_recovery.qpy,happy_ions/16-qubit-wormhole_cirq.ipynb,WH16-C-C039,53b1f35c6ba0ce91,9,,1000
WH16,wh16_2026_03_19,0000_010,boundary,XZZX,24,024_Data_010_theta_0000_bound_XZZX_x_best_010_opt_recovery.qpy,data/executed_circuits/WH16/0000_010/024_Data_010_theta_0000_bound_XZZX_x_best_010_opt_recovery.qpy,caf2d8302f27a536eeb3d454ffd6994bce9bd085653f707b4da10a28d0cebe1b,holography-on-ionq/Testing flow/Circuits/Data_batch/WH16_2026-03-19/Data_0000_010/024_Data_010_theta_0000_bound_XZZX_x_best_010_opt_recovery.qpy,happy_ions/16-qubit-wormhole_cirq.ipynb,WH16-C-C039,53b1f35c6ba0ce91,9,,1000
WH16,wh16_2026_03_19,0000_010,boundary,XZZY,25,025_Data_010_theta_0000_bound_XZZY_x_best_010_opt_recovery.qpy,data/executed_circuits/WH16/0000_010/025_Data_010_theta_0000_bound_XZZY_x_best_010_opt_recovery.qpy,f860eff82b6db08758a55203fb3fcaa65f1f1ab4c8c4a79f58004cd320c1b00a,holography-on-ionq/Testing flow/Circuits/Data_batch/WH16_2026-03-19/Data_0000_010/025_Data_010_theta_0000_bound_XZZY_x_best_010_opt_recovery.qpy,happy_ions/16-qubit-wormhole_cirq.ipynb,WH16-C-C039,53b1f35c6ba0ce91,9,,1000
WH16,wh16_2026_03_19,0000_010,boundary,XZZZ,26,026_Data_010_theta_0000_bound_XZZZ_x_best_010_opt_recovery.qpy,data/executed_circuits/WH16/0000_010/026_Data_010_theta_0000_bound_XZZZ_x_best_010_opt_recovery.qpy,4d0e8f252f96801dd3e7378bd1cd754dc999f65b3a31e80a020e4131196bef1d,holography-on-ionq/Testing flow/Circuits/Data_batch/WH16_2026-03-19/Data_0000_010/026_Data_010_theta_0000_bound_XZZZ_x_best_010_opt_recovery.qpy,happy_ions/16-qubit-wormhole_cirq.ipynb,WH16-C-C039,53b1f35c6ba0ce91,9,,1000
WH16,wh16_2026_03_19,0000_010,boundary,YXXX,27,027_Data_010_theta_0000_bound_YXXX_x_best_010_opt_recovery.qpy,data/executed_circuits/WH16/0000_010/027_Data_010_theta_0000_bound_YXXX_x_best_010_opt_recovery.qpy,05d4ee1f867b97376fc1604e4a306bb58b9e13b866543088bd3b7343adbd6d89,holography-on-ionq/Testing flow/Circuits/Data_batch/WH16_2026-03-19/Data_0000_010/027_Data_010_theta_0000_bound_YXXX_x_best_010_opt_recovery.qpy,happy_ions/16-qubit-wormhole_cirq.ipynb,WH16-C-C039,53b1f35c6ba0ce91,9,,1000
WH16,wh16_2026_03_19,0000_010,boundary,YXXY,28,028_Data_010_theta_0000_bound_YXXY_x_best_010_opt_recovery.qpy,data/executed_circuits/WH16/0000_010/028_Data_010_theta_0000_bound_YXXY_x_best_010_opt_recovery.qpy,8a5e1d5299305fafa019e4c1e581dfcafaee880a3d79616953cba9878a4bf9ce,holography-on-ionq/Testing flow/Circuits/Data_batch/WH16_2026-03-19/Data_0000_010/028_Data_010_theta_0000_bound_YXXY_x_best_010_opt_recovery.qpy,happy_ions/16-qubit-wormhole_cirq.ipynb,WH16-C-C039,53b1f35c6ba0ce91,9,,1000
WH16,wh16_2026_03_19,0000_010,boundary,YXXZ,29,029_Data_010_theta_0000_bound_YXXZ_x_best_010_opt_recovery.qpy,data/executed_circuits/WH16/0000_010/029_Data_010_theta_0000_bound_YXXZ_x_best_010_opt_recovery.qpy,8fa302922d70c94e0c204052f1a931765b1eacd727130b5e13b35e95e4a6e58c,holography-on-ionq/Testing flow/Circuits/Data_batch/WH16_2026-03-19/Data_0000_010/029_Data_010_theta_0000_bound_YXXZ_x_best_010_opt_recovery.qpy,happy_ions/16-qubit-wormhole_cirq.ipynb,WH16-C-C039,53b1f35c6ba0ce91,9,,1000
WH16,wh16_2026_03_19,0000_010,boundary,YXYX,30,030_Data_010_theta_0000_bound_YXYX_x_best_010_opt_recovery.qpy,data/executed_circuits/WH16/0000_010/030_Data_010_theta_0000_bound_YXYX_x_best_010_opt_recovery.qpy,33fc9e62116dbdeafc99c41fcab7415dcf2bc2b3053b25ecd4b541cd502e11bf,holography-on-ionq/Testing flow/Circuits/Data_batch/WH16_2026-03-19/Data_0000_010/030_Data_010_theta_0000_bound_YXYX_x_best_010_opt_recovery.qpy,happy_ions/16-qubit-wormhole_cirq.ipynb,WH16-C-C039,53b1f35c6ba0ce91,9,,1000
WH16,wh16_2026_03_19,0000_010,boundary,YXYY,31,031_Data_010_theta_0000_bound_YXYY_x_best_010_opt_recovery.qpy,data/executed_circuits/WH16/0000_010/031_Data_010_theta_0000_bound_YXYY_x_best_010_opt_recovery.qpy,86f3c33b7b7f03672d39806560c624971aff38dd073bbcdba40e44e80a59f3a5,holography-on-ionq/Testing flow/Circuits/Data_batch/WH16_2026-03-19/Data_0000_010/031_Data_010_theta_0000_bound_YXYY_x_best_010_opt_recovery.qpy,happy_ions/16-qubit-wormhole_cirq.ipynb,WH16-C-C039,53b1f35c6ba0ce91,9,,1000
WH16,wh16_2026_03_19,0000_010,boundary,YXYZ,32,032_Data_010_theta_0000_bound_YXYZ_x_best_010_opt_recovery.qpy,data/executed_circuits/WH16/0000_010/032_Data_010_theta_0000_bound_YXYZ_x_best_010_opt_recovery.qpy,f7d03e410a04cad8dc6acadbd2cc258ce7135d6f3e23e84b51e398ab11ae4678,holography-on-ionq/Testing flow/Circuits/Data_batch/WH16_2026-03-19/Data_0000_010/032_Data_010_theta_0000_bound_YXYZ_x_best_010_opt_recovery.qpy,happy_ions/16-qubit-wormhole_cirq.ipynb,WH16-C-C039,53b1f35c6ba0ce91,9,,1000
WH16,wh16_2026_03_19,0000_010,boundary,YXZX,33,033_Data_010_theta_0000_bound_YXZX_x_best_010_opt_recovery.qpy,data/executed_circuits/WH16/0000_010/033_Data_010_theta_0000_bound_YXZX_x_best_010_opt_recovery.qpy,26572355c47d272e04c671d52ea4fbb470070f59204e2f65d6172299b656f933,holography-on-ionq/Testing flow/Circuits/Data_batch/WH16_2026-03-19/Data_0000_010/033_Data_010_theta_0000_bound_YXZX_x_best_010_opt_recovery.qpy,happy_ions/16-qubit-wormhole_cirq.ipynb,WH16-C-C039,53b1f35c6ba0ce91,9,,1000
WH16,wh16_2026_03_19,0000_010,boundary,YXZY,34,034_Data_010_theta_0000_bound_YXZY_x_best_010_opt_recovery.qpy,data/executed_circuits/WH16/0000_010/034_Data_010_theta_0000_bound_YXZY_x_best_010_opt_recovery.qpy,a33d58eba7ab6afcb180ddd05d1fa3291d9ae0034d9946a681cf875342f0e21c,holography-on-ionq/Testing flow/Circuits/Data_batch/WH16_2026-03-19/Data_0000_010/034_Data_010_theta_0000_bound_YXZY_x_best_010_opt_recovery.qpy,happy_ions/16-qubit-wormhole_cirq.ipynb,WH16-C-C039,53b1f35c6ba0ce91,9,,1000
WH16,wh16_2026_03_19,0000_010,boundary,YXZZ,35,035_Data_010_theta_0000_bound_YXZZ_x_best_010_opt_recovery.qpy,data/executed_circuits/WH16/0000_010/035_Data_010_theta_0000_bound_YXZZ_x_best_010_opt_recovery.qpy,dc971070699f48ecfd854820af9f6cd29798d0ad028aa3fa503f04da2572c21d,holography-on-ionq/Testing flow/Circuits/Data_batch/WH16_2026-03-19/Data_0000_010/035_Data_010_theta_0000_bound_YXZZ_x_best_010_opt_recovery.qpy,happy_ions/16-qubit-wormhole_cirq.ipynb,WH16-C-C039,53b1f35c6ba0ce91,9,,1000
WH16,wh16_2026_03_19,0000_010,boundary,YYXX,36,036_Data_010_theta_0000_bound_YYXX_x_best_010_opt_recovery.qpy,data/executed_circuits/WH16/0000_010/036_Data_010_theta_0000_bound_YYXX_x_best_010_opt_recovery.qpy,5335a670a6109a958ff02ae8fb6b26989791f65d5e9410426fe72ac1f6aef794,holography-on-ionq/Testing flow/Circuits/Data_batch/WH16_2026-03-19/Data_0000_010/036_Data_010_theta_0000_bound_YYXX_x_best_010_opt_recovery.qpy,happy_ions/16-qubit-wormhole_cirq.ipynb,WH16-C-C039,53b1f35c6ba0ce91,9,,1000
WH16,wh16_2026_03_19,0000_010,boundary,YYXY,37,037_Data_010_theta_0000_bound_YYXY_x_best_010_opt_recovery.qpy,data/executed_circuits/WH16/0000_010/037_Data_010_theta_0000_bound_YYXY_x_best_010_opt_recovery.qpy,6183dee058d83768ff9869e5c7e5b6f7f9039d218303c532ec488a1041250a7b,holography-on-ionq/Testing flow/Circuits/Data_batch/WH16_2026-03-19/Data_0000_010/037_Data_010_theta_0000_bound_YYXY_x_best_010_opt_recovery.qpy,happy_ions/16-qubit-wormhole_cirq.ipynb,WH16-C-C039,53b1f35c6ba0ce91,9,,1000
WH16,wh16_2026_03_19,0000_010,boundary,YYXZ,38,038_Data_010_theta_0000_bound_YYXZ_x_best_010_opt_recovery.qpy,data/executed_circuits/WH16/0000_010/038_Data_010_theta_0000_bound_YYXZ_x_best_010_opt_recovery.qpy,6a0ac1c573500ce56eda3e47d9f9fca3402da064c831b5b1c4f3997eefadd08f,holography-on-ionq/Testing flow/Circuits/Data_batch/WH16_2026-03-19/Data_0000_010/038_Data_010_theta_0000_bound_YYXZ_x_best_010_opt_recovery.qpy,happy_ions/16-qubit-wormhole_cirq.ipynb,WH16-C-C039,53b1f35c6ba0ce91,9,,1000
WH16,wh16_2026_03_19,0000_010,boundary,YYYX,39,039_Data_010_theta_0000_bound_YYYX_x_best_010_opt_recovery.qpy,data/executed_circuits/WH16/0000_010/039_Data_010_theta_0000_bound_YYYX_x_best_010_opt_recovery.qpy,40305b80df7e359a22c4eb0dee969121c12345b6b59141cd59fb5617e22c1cd0,holography-on-ionq/Testing flow/Circuits/Data_batch/WH16_2026-03-19/Data_0000_010/039_Data_010_theta_0000_bound_YYYX_x_best_010_opt_recovery.qpy,happy_ions/16-qubit-wormhole_cirq.ipynb,WH16-C-C039,53b1f35c6ba0ce91,9,,1000
WH16,wh16_2026_03_19,0000_010,boundary,YYYY,40,040_Data_010_theta_0000_bound_YYYY_x_best_010_opt_recovery.qpy,data/executed_circuits/WH16/0000_010/040_Data_010_theta_0000_bound_YYYY_x_best_010_opt_recovery.qpy,eefc9dbe1168e55e4fa511c4adcb88f6c9e0184e20bb01fff033b9901aeb3c8a,holography-on-ionq/Testing flow/Circuits/Data_batch/WH16_2026-03-19/Data_0000_010/040_Data_010_theta_0000_bound_YYYY_x_best_010_opt_recovery.qpy,happy_ions/16-qubit-wormhole_cirq.ipynb,WH16-C-C039,53b1f35c6ba0ce91,9,,1000
WH16,wh16_2026_03_19,0000_010,boundary,YYYZ,41,041_Data_010_theta_0000_bound_YYYZ_x_best_010_opt_recovery.qpy,data/executed_circuits/WH16/0000_010/041_Data_010_theta_0000_bound_YYYZ_x_best_010_opt_recovery.qpy,c85171ddb8fd9bc9645b0bfd7904338a3880cbde0c0075f62e42586b48b67547,holography-on-ionq/Testing flow/Circuits/Data_batch/WH16_2026-03-19/Data_0000_010/041_Data_010_theta_0000_bound_YYYZ_x_best_010_opt_recovery.qpy,happy_ions/16-qubit-wormhole_cirq.ipynb,WH16-C-C039,53b1f35c6ba0ce91,9,,1000
WH16,wh16_2026_03_19,0000_010,boundary,YYZX,42,042_Data_010_theta_0000_bound_YYZX_x_best_010_opt_recovery.qpy,data/executed_circuits/WH16/0000_010/042_Data_010_theta_0000_bound_YYZX_x_best_010_opt_recovery.qpy,62e488d2268f40d08494ed0d9f36855f2b8bd1995ea32bda3fdafbb411b8a90b,holography-on-ionq/Testing flow/Circuits/Data_batch/WH16_2026-03-19/Data_0000_010/042_Data_010_theta_0000_bound_YYZX_x_best_010_opt_recovery.qpy,happy_ions/16-qubit-wormhole_cirq.ipynb,WH16-C-C039,53b1f35c6ba0ce91,9,,1000
WH16,wh16_2026_03_19,0000_010,boundary,YYZY,43,043_Data_010_theta_0000_bound_YYZY_x_best_010_opt_recovery.qpy,data/executed_circuits/WH16/0000_010/043_Data_010_theta_0000_bound_YYZY_x_best_010_opt_recovery.qpy,32da81c1e61f4eeed14b1a862248d3559e24243e9a4bc78a1b5abb16332eab12,holography-on-ionq/Testing flow/Circuits/Data_batch/WH16_2026-03-19/Data_0000_010/043_Data_010_theta_0000_bound_YYZY_x_best_010_opt_recovery.qpy,happy_ions/16-qubit-wormhole_cirq.ipynb,WH16-C-C039,53b1f35c6ba0ce91,9,,1000
WH16,wh16_2026_03_19,0000_010,boundary,YYZZ,44,044_Data_010_theta_0000_bound_YYZZ_x_best_010_opt_recovery.qpy,data/executed_circuits/WH16/0000_010/044_Data_010_theta_0000_bound_YYZZ_x_best_010_opt_recovery.qpy,9b1ffd0d4b23dc287b9745a23875830272f643e3cbe4a4804d4d8e0487baac96,holography-on-ionq/Testing flow/Circuits/Data_batch/WH16_2026-03-19/Data_0000_010/044_Data_010_theta_0000_bound_YYZZ_x_best_010_opt_recovery.qpy,happy_ions/16-qubit-wormhole_cirq.ipynb,WH16-C-C039,53b1f35c6ba0ce91,9,,1000
WH16,wh16_2026_03_19,0000_010,boundary,YZXX,45,045_Data_010_theta_0000_bound_YZXX_x_best_010_opt_recovery.qpy,data/executed_circuits/WH16/0000_010/045_Data_010_theta_0000_bound_YZXX_x_best_010_opt_recovery.qpy,25e3ff5767d52ba97fd05dc97a3b5acd0d5cdec6250a14b3fe236f3b55939918,holography-on-ionq/Testing flow/Circuits/Data_batch/WH16_2026-03-19/Data_0000_010/045_Data_010_theta_0000_bound_YZXX_x_best_010_opt_recovery.qpy,happy_ions/16-qubit-wormhole_cirq.ipynb,WH16-C-C039,53b1f35c6ba0ce91,9,,1000
WH16,wh16_2026_03_19,0000_010,boundary,YZXY,46,046_Data_010_theta_0000_bound_YZXY_x_best_010_opt_recovery.qpy,data/executed_circuits/WH16/0000_010/046_Data_010_theta_0000_bound_YZXY_x_best_010_opt_recovery.qpy,0449702a1f9ad061579920fa6bb22116ef439da2969fbaf13d9eae10ff9e7eea,holography-on-ionq/Testing flow/Circuits/Data_batch/WH16_2026-03-19/Data_0000_010/046_Data_010_theta_0000_bound_YZXY_x_best_010_opt_recovery.qpy,happy_ions/16-qubit-wormhole_cirq.ipynb,WH16-C-C039,53b1f35c6ba0ce91,9,,1000
WH16,wh16_2026_03_19,0000_010,boundary,YZXZ,47,047_Data_010_theta_0000_bound_YZXZ_x_best_010_opt_recovery.qpy,data/executed_circuits/WH16/0000_010/047_Data_010_theta_0000_bound_YZXZ_x_best_010_opt_recovery.qpy,7fffb4e39b3dbf22c4c63b8b5b5f9d77d9487262fc278a6f6254a82e1dedccf4,holography-on-ionq/Testing flow/Circuits/Data_batch/WH16_2026-03-19/Data_0000_010/047_Data_010_theta_0000_bound_YZXZ_x_best_010_opt_recovery.qpy,happy_ions/16-qubit-wormhole_cirq.ipynb,WH16-C-C039,53b1f35c6ba0ce91,9,,1000
WH16,wh16_2026_03_19,0000_010,boundary,YZYX,48,048_Data_010_theta_0000_bound_YZYX_x_best_010_opt_recovery.qpy,data/executed_circuits/WH16/0000_010/048_Data_010_theta_0000_bound_YZYX_x_best_010_opt_recovery.qpy,463ace47df0d31360cba387ea1c340822d495ff9514773c7221a70543eb4c6b1,holography-on-ionq/Testing flow/Circuits/Data_batch/WH16_2026-03-19/Data_0000_010/048_Data_010_theta_0000_bound_YZYX_x_best_010_opt_recovery.qpy,happy_ions/16-qubit-wormhole_cirq.ipynb,WH16-C-C039,53b1f35c6ba0ce91,9,,1000
WH16,wh16_2026_03_19,0000_010,boundary,YZYY,49,049_Data_010_theta_0000_bound_YZYY_x_best_010_opt_recovery.qpy,data/executed_circuits/WH16/0000_010/049_Data_010_theta_0000_bound_YZYY_x_best_010_opt_recovery.qpy,2979fa3472dc0d151c8c236c7e9e5b489f1a17d7eb9b70987200908cbeefcfaa,holography-on-ionq/Testing flow/Circuits/Data_batch/WH16_2026-03-19/Data_0000_010/049_Data_010_theta_0000_bound_YZYY_x_best_010_opt_recovery.qpy,happy_ions/16-qubit-wormhole_cirq.ipynb,WH16-C-C039,53b1f35c6ba0ce91,9,,1000
WH16,wh16_2026_03_19,0000_010,boundary,YZYZ,50,050_Data_010_theta_0000_bound_YZYZ_x_best_010_opt_recovery.qpy,data/executed_circuits/WH16/0000_010/050_Data_010_theta_0000_bound_YZYZ_x_best_010_opt_recovery.qpy,13b37415d061bdd25107a423f290e1d0ff8d25910190810f63f452eb405ab713,holography-on-ionq/Testing flow/Circuits/Data_batch/WH16_2026-03-19/Data_0000_010/050_Data_010_theta_0000_bound_YZYZ_x_best_010_opt_recovery.qpy,happy_ions/16-qubit-wormhole_cirq.ipynb,WH16-C-C039,53b1f35c6ba0ce91,9,,1000
WH16,wh16_2026_03_19,0000_010,boundary,YZZX,51,051_Data_010_theta_0000_bound_YZZX_x_best_010_opt_recovery.qpy,data/executed_circuits/WH16/0000_010/051_Data_010_theta_0000_bound_YZZX_x_best_010_opt_recovery.qpy,a1ca3dbce56a6a432c970294f9396677f499009e027a67d87586007934384d16,holography-on-ionq/Testing flow/Circuits/Data_batch/WH16_2026-03-19/Data_0000_010/051_Data_010_theta_0000_bound_YZZX_x_best_010_opt_recovery.qpy,happy_ions/16-qubit-wormhole_cirq.ipynb,WH16-C-C039,53b1f35c6ba0ce91,9,,1000
WH16,wh16_2026_03_19,0000_010,boundary,YZZY,52,052_Data_010_theta_0000_bound_YZZY_x_best_010_opt_recovery.qpy,data/executed_circuits/WH16/0000_010/052_Data_010_theta_0000_bound_YZZY_x_best_010_opt_recovery.qpy,a400dd7eff42b80324d6d00d9a283f77d39e224fbc160c16d3ffb48ec565f008,holography-on-ionq/Testing flow/Circuits/Data_batch/WH16_2026-03-19/Data_0000_010/052_Data_010_theta_0000_bound_YZZY_x_best_010_opt_recovery.qpy,happy_ions/16-qubit-wormhole_cirq.ipynb,WH16-C-C039,53b1f35c6ba0ce91,9,,1000
WH16,wh16_2026_03_19,0000_010,boundary,YZZZ,53,053_Data_010_theta_0000_bound_YZZZ_x_best_010_opt_recovery.qpy,data/executed_circuits/WH16/0000_010/053_Data_010_theta_0000_bound_YZZZ_x_best_010_opt_recovery.qpy,5e19ac285e9f1010bce607416d823d4f394573aa0c92f523b29097183fda52ec,holography-on-ionq/Testing flow/Circuits/Data_batch/WH16_2026-03-19/Data_0000_010/053_Data_010_theta_0000_bound_YZZZ_x_best_010_opt_recovery.qpy,happy_ions/16-qubit-wormhole_cirq.ipynb,WH16-C-C039,53b1f35c6ba0ce91,9,,1000
WH16,wh16_2026_03_19,0000_010,boundary,ZXXX,54,054_Data_010_theta_0000_bound_ZXXX_x_best_010_opt_recovery.qpy,data/executed_circuits/WH16/0000_010/054_Data_010_theta_0000_bound_ZXXX_x_best_010_opt_recovery.qpy,8f5631fb4d211f085f1b6124ddee9c00a20a78a4dd0b63e60c82d68a095794a8,holography-on-ionq/Testing flow/Circuits/Data_batch/WH16_2026-03-19/Data_0000_010/054_Data_010_theta_0000_bound_ZXXX_x_best_010_opt_recovery.qpy,happy_ions/16-qubit-wormhole_cirq.ipynb,WH16-C-C039,53b1f35c6ba0ce91,9,,1000
WH16,wh16_2026_03_19,0000_010,boundary,ZXXY,55,055_Data_010_theta_0000_bound_ZXXY_x_best_010_opt_recovery.qpy,data/executed_circuits/WH16/0000_010/055_Data_010_theta_0000_bound_ZXXY_x_best_010_opt_recovery.qpy,2d3be468bca64c714ddb0b4775488799dcc86d737e3bd8da66515782a393a44b,holography-on-ionq/Testing flow/Circuits/Data_batch/WH16_2026-03-19/Data_0000_010/055_Data_010_theta_0000_bound_ZXXY_x_best_010_opt_recovery.qpy,happy_ions/16-qubit-wormhole_cirq.ipynb,WH16-C-C039,53b1f35c6ba0ce91,9,,1000
WH16,wh16_2026_03_19,0000_010,boundary,ZXXZ,56,056_Data_010_theta_0000_bound_ZXXZ_x_best_010_opt_recovery.qpy,data/executed_circuits/WH16/0000_010/056_Data_010_theta_0000_bound_ZXXZ_x_best_010_opt_recovery.qpy,09c1c72563c1946c9c68cbb2e28c9cf0f130656737f77fdb314344bcbabfe754,holography-on-ionq/Testing flow/Circuits/Data_batch/WH16_2026-03-19/Data_0000_010/056_Data_010_theta_0000_bound_ZXXZ_x_best_010_opt_recovery.qpy,happy_ions/16-qubit-wormhole_cirq.ipynb,WH16-C-C039,53b1f35c6ba0ce91,9,,1000
WH16,wh16_2026_03_19,0000_010,boundary,ZXYX,57,057_Data_010_theta_0000_bound_ZXYX_x_best_010_opt_recovery.qpy,data/executed_circuits/WH16/0000_010/057_Data_010_theta_0000_bound_ZXYX_x_best_010_opt_recovery.qpy,a8de694f5efd3f31c063ae604e885b4632531b86ce3e0ec4dc62dd8861e452f9,holography-on-ionq/Testing flow/Circuits/Data_batch/WH16_2026-03-19/Data_0000_010/057_Data_010_theta_0000_bound_ZXYX_x_best_010_opt_recovery.qpy,happy_ions/16-qubit-wormhole_cirq.ipynb,WH16-C-C039,53b1f35c6ba0ce91,9,,1000
WH16,wh16_2026_03_19,0000_010,boundary,ZXYY,58,058_Data_010_theta_0000_bound_ZXYY_x_best_010_opt_recovery.qpy,data/executed_circuits/WH16/0000_010/058_Data_010_theta_0000_bound_ZXYY_x_best_010_opt_recovery.qpy,8007a75da786a8646cb3e1f2e325d8c2d8cd80fd1137b6d7faf587e0a42cc643,holography-on-ionq/Testing flow/Circuits/Data_batch/WH16_2026-03-19/Data_0000_010/058_Data_010_theta_0000_bound_ZXYY_x_best_010_opt_recovery.qpy,happy_ions/16-qubit-wormhole_cirq.ipynb,WH16-C-C039,53b1f35c6ba0ce91,9,,1000
WH16,wh16_2026_03_19,0000_010,boundary,ZXYZ,59,059_Data_010_theta_0000_bound_ZXYZ_x_best_010_opt_recovery.qpy,data/executed_circuits/WH16/0000_010/059_Data_010_theta_0000_bound_ZXYZ_x_best_010_opt_recovery.qpy,ad321a3174683456ee51701d6694db57d339ac165d4751999d7d3b769c4e5b76,holography-on-ionq/Testing flow/Circuits/Data_batch/WH16_2026-03-19/Data_0000_010/059_Data_010_theta_0000_bound_ZXYZ_x_best_010_opt_recovery.qpy,happy_ions/16-qubit-wormhole_cirq.ipynb,WH16-C-C039,53b1f35c6ba0ce91,9,,1000
WH16,wh16_2026_03_19,0000_010,boundary,ZXZX,60,060_Data_010_theta_0000_bound_ZXZX_x_best_010_opt_recovery.qpy,data/executed_circuits/WH16/0000_010/060_Data_010_theta_0000_bound_ZXZX_x_best_010_opt_recovery.qpy,0177697fe1efead0357d39b9aac23c484c1efc97454657d01a12b022cb853b6a,holography-on-ionq/Testing flow/Circuits/Data_batch/WH16_2026-03-19/Data_0000_010/060_Data_010_theta_0000_bound_ZXZX_x_best_010_opt_recovery.qpy,happy_ions/16-qubit-wormhole_cirq.ipynb,WH16-C-C039,53b1f35c6ba0ce91,9,,1000
WH16,wh16_2026_03_19,0000_010,boundary,ZXZY,61,061_Data_010_theta_0000_bound_ZXZY_x_best_010_opt_recovery.qpy,data/executed_circuits/WH16/0000_010/061_Data_010_theta_0000_bound_ZXZY_x_best_010_opt_recovery.qpy,beaf1858b355e72709205b4dec7dc7d1aa4ade54c4c61241ad30551f56687489,holography-on-ionq/Testing flow/Circuits/Data_batch/WH16_2026-03-19/Data_0000_010/061_Data_010_theta_0000_bound_ZXZY_x_best_010_opt_recovery.qpy,happy_ions/16-qubit-wormhole_cirq.ipynb,WH16-C-C039,53b1f35c6ba0ce91,9,,1000
WH16,wh16_2026_03_19,0000_010,boundary,ZXZZ,62,062_Data_010_theta_0000_bound_ZXZZ_x_best_010_opt_recovery.qpy,data/executed_circuits/WH16/0000_010/062_Data_010_theta_0000_bound_ZXZZ_x_best_010_opt_recovery.qpy,26768b36f504d099c89dccc64b037f5bb54fd9be122b0795a887e84aa9d0635d,holography-on-ionq/Testing flow/Circuits/Data_batch/WH16_2026-03-19/Data_0000_010/062_Data_010_theta_0000_bound_ZXZZ_x_best_010_opt_recovery.qpy,happy_ions/16-qubit-wormhole_cirq.ipynb,WH16-C-C039,53b1f35c6ba0ce91,9,,1000
WH16,wh16_2026_03_19,0000_010,boundary,ZYXX,63,063_Data_010_theta_0000_bound_ZYXX_x_best_010_opt_recovery.qpy,data/executed_circuits/WH16/0000_010/063_Data_010_theta_0000_bound_ZYXX_x_best_010_opt_recovery.qpy,96a7f0a4ce8d42d78077ea0977717fce2bd649a9deda559e414c239e6062f134,holography-on-ionq/Testing flow/Circuits/Data_batch/WH16_2026-03-19/Data_0000_010/063_Data_010_theta_0000_bound_ZYXX_x_best_010_opt_recovery.qpy,happy_ions/16-qubit-wormhole_cirq.ipynb,WH16-C-C039,53b1f35c6ba0ce91,9,,1000
WH16,wh16_2026_03_19,0000_010,boundary,ZYXY,64,064_Data_010_theta_0000_bound_ZYXY_x_best_010_opt_recovery.qpy,data/executed_circuits/WH16/0000_010/064_Data_010_theta_0000_bound_ZYXY_x_best_010_opt_recovery.qpy,3ed2b33aff42914b9e90af4695171cbc17d07c7387cee358d746c72215b3fd00,holography-on-ionq/Testing flow/Circuits/Data_batch/WH16_2026-03-19/Data_0000_010/064_Data_010_theta_0000_bound_ZYXY_x_best_010_opt_recovery.qpy,happy_ions/16-qubit-wormhole_cirq.ipynb,WH16-C-C039,53b1f35c6ba0ce91,9,,1000
WH16,wh16_2026_03_19,0000_010,boundary,ZYXZ,65,065_Data_010_theta_0000_bound_ZYXZ_x_best_010_opt_recovery.qpy,data/executed_circuits/WH16/0000_010/065_Data_010_theta_0000_bound_ZYXZ_x_best_010_opt_recovery.qpy,5c56448b0d756789e38020bf8518aaccb225b525c3bbb40030f50ca12cf1c8d0,holography-on-ionq/Testing flow/Circuits/Data_batch/WH16_2026-03-19/Data_0000_010/065_Data_010_theta_0000_bound_ZYXZ_x_best_010_opt_recovery.qpy,happy_ions/16-qubit-wormhole_cirq.ipynb,WH16-C-C039,53b1f35c6ba0ce91,9,,1000
WH16,wh16_2026_03_19,0000_010,boundary,ZYYX,66,066_Data_010_theta_0000_bound_ZYYX_x_best_010_opt_recovery.qpy,data/executed_circuits/WH16/0000_010/066_Data_010_theta_0000_bound_ZYYX_x_best_010_opt_recovery.qpy,092e7a6dea1120b3f1d0e4af95dbad6ba5980b7b71b56872fc25b9b0d08740bb,holography-on-ionq/Testing flow/Circuits/Data_batch/WH16_2026-03-19/Data_0000_010/066_Data_010_theta_0000_bound_ZYYX_x_best_010_opt_recovery.qpy,happy_ions/16-qubit-wormhole_cirq.ipynb,WH16-C-C039,53b1f35c6ba0ce91,9,,1000
WH16,wh16_2026_03_19,0000_010,boundary,ZYYY,67,067_Data_010_theta_0000_bound_ZYYY_x_best_010_opt_recovery.qpy,data/executed_circuits/WH16/0000_010/067_Data_010_theta_0000_bound_ZYYY_x_best_010_opt_recovery.qpy,604d142ed3c21e97870d83b8225a367328e46f9ab4a9ed2fcdbf8e3f2b3b8655,holography-on-ionq/Testing flow/Circuits/Data_batch/WH16_2026-03-19/Data_0000_010/067_Data_010_theta_0000_bound_ZYYY_x_best_010_opt_recovery.qpy,happy_ions/16-qubit-wormhole_cirq.ipynb,WH16-C-C039,53b1f35c6ba0ce91,9,,1000
WH16,wh16_2026_03_19,0000_010,boundary,ZYYZ,68,068_Data_010_theta_0000_bound_ZYYZ_x_best_010_opt_recovery.qpy,data/executed_circuits/WH16/0000_010/068_Data_010_theta_0000_bound_ZYYZ_x_best_010_opt_recovery.qpy,3ce8e1f59a76502040698a9f82f12b475a20d7c241f6d13ff737d9f6fe909312,holography-on-ionq/Testing flow/Circuits/Data_batch/WH16_2026-03-19/Data_0000_010/068_Data_010_theta_0000_bound_ZYYZ_x_best_010_opt_recovery.qpy,happy_ions/16-qubit-wormhole_cirq.ipynb,WH16-C-C039,53b1f35c6ba0ce91,9,,1000
WH16,wh16_2026_03_19,0000_010,boundary,ZYZX,69,069_Data_010_theta_0000_bound_ZYZX_x_best_010_opt_recovery.qpy,data/executed_circuits/WH16/0000_010/069_Data_010_theta_0000_bound_ZYZX_x_best_010_opt_recovery.qpy,97c6d31125a81f46d28f768c2c15f30ec52815e7fd1eff076fb5fa71a7d4d95e,holography-on-ionq/Testing flow/Circuits/Data_batch/WH16_2026-03-19/Data_0000_010/069_Data_010_theta_0000_bound_ZYZX_x_best_010_opt_recovery.qpy,happy_ions/16-qubit-wormhole_cirq.ipynb,WH16-C-C039,53b1f35c6ba0ce91,9,,1000
WH16,wh16_2026_03_19,0000_010,boundary,ZYZY,70,070_Data_010_theta_0000_bound_ZYZY_x_best_010_opt_recovery.qpy,data/executed_circuits/WH16/0000_010/070_Data_010_theta_0000_bound_ZYZY_x_best_010_opt_recovery.qpy,b3b309698806ec7dd1615fa29800bd56b06d47821e83bdcb849e2380d1947592,holography-on-ionq/Testing flow/Circuits/Data_batch/WH16_2026-03-19/Data_0000_010/070_Data_010_theta_0000_bound_ZYZY_x_best_010_opt_recovery.qpy,happy_ions/16-qubit-wormhole_cirq.ipynb,WH16-C-C039,53b1f35c6ba0ce91,9,,1000
WH16,wh16_2026_03_19,0000_010,boundary,ZYZZ,71,071_Data_010_theta_0000_bound_ZYZZ_x_best_010_opt_recovery.qpy,data/executed_circuits/WH16/0000_010/071_Data_010_theta_0000_bound_ZYZZ_x_best_010_opt_recovery.qpy,23e2c8e618a80e0a9d2858f43571472259b33acfc2fce0677fefa705b36b39ed,holography-on-ionq/Testing flow/Circuits/Data_batch/WH16_2026-03-19/Data_0000_010/071_Data_010_theta_0000_bound_ZYZZ_x_best_010_opt_recovery.qpy,happy_ions/16-qubit-wormhole_cirq.ipynb,WH16-C-C039,53b1f35c6ba0ce91,9,,1000
WH16,wh16_2026_03_19,0000_010,boundary,ZZXX,72,072_Data_010_theta_0000_bound_ZZXX_x_best_010_opt_recovery.qpy,data/executed_circuits/WH16/0000_010/072_Data_010_theta_0000_bound_ZZXX_x_best_010_opt_recovery.qpy,6baf229edbb6dccf89913eeb1f1ddda6c78120d3a14f8f8f75ae49409a4d62dc,holography-on-ionq/Testing flow/Circuits/Data_batch/WH16_2026-03-19/Data_0000_010/072_Data_010_theta_0000_bound_ZZXX_x_best_010_opt_recovery.qpy,happy_ions/16-qubit-wormhole_cirq.ipynb,WH16-C-C039,53b1f35c6ba0ce91,9,,1000
WH16,wh16_2026_03_19,0000_010,boundary,ZZXY,73,073_Data_010_theta_0000_bound_ZZXY_x_best_010_opt_recovery.qpy,data/executed_circuits/WH16/0000_010/073_Data_010_theta_0000_bound_ZZXY_x_best_010_opt_recovery.qpy,5f59fa266450f8d90ebc26c9975c00cc36f3219acb9da5bef68256973c9ad92c,holography-on-ionq/Testing flow/Circuits/Data_batch/WH16_2026-03-19/Data_0000_010/073_Data_010_theta_0000_bound_ZZXY_x_best_010_opt_recovery.qpy,happy_ions/16-qubit-wormhole_cirq.ipynb,WH16-C-C039,53b1f35c6ba0ce91,9,,1000
WH16,wh16_2026_03_19,0000_010,boundary,ZZXZ,74,074_Data_010_theta_0000_bound_ZZXZ_x_best_010_opt_recovery.qpy,data/executed_circuits/WH16/0000_010/074_Data_010_theta_0000_bound_ZZXZ_x_best_010_opt_recovery.qpy,28da4d9c9d1a6704b5add6509880246c6360f055652e20ebac9dca149411b0b0,holography-on-ionq/Testing flow/Circuits/Data_batch/WH16_2026-03-19/Data_0000_010/074_Data_010_theta_0000_bound_ZZXZ_x_best_010_opt_recovery.qpy,happy_ions/16-qubit-wormhole_cirq.ipynb,WH16-C-C039,53b1f35c6ba0ce91,9,,1000
WH16,wh16_2026_03_19,0000_010,boundary,ZZYX,75,075_Data_010_theta_0000_bound_ZZYX_x_best_010_opt_recovery.qpy,data/executed_circuits/WH16/0000_010/075_Data_010_theta_0000_bound_ZZYX_x_best_010_opt_recovery.qpy,1f761db6d2c4d79cf6fe4230918853649fd3f57dd3cd587470b158093dcb2a54,holography-on-ionq/Testing flow/Circuits/Data_batch/WH16_2026-03-19/Data_0000_010/075_Data_010_theta_0000_bound_ZZYX_x_best_010_opt_recovery.qpy,happy_ions/16-qubit-wormhole_cirq.ipynb,WH16-C-C039,53b1f35c6ba0ce91,9,,1000
WH16,wh16_2026_03_19,0000_010,boundary,ZZYY,76,076_Data_010_theta_0000_bound_ZZYY_x_best_010_opt_recovery.qpy,data/executed_circuits/WH16/0000_010/076_Data_010_theta_0000_bound_ZZYY_x_best_010_opt_recovery.qpy,22da67cd8b61564ae50eb6a17d3d6c372a6b1554859a08075e9932bdae7f1c54,holography-on-ionq/Testing flow/Circuits/Data_batch/WH16_2026-03-19/Data_0000_010/076_Data_010_theta_0000_bound_ZZYY_x_best_010_opt_recovery.qpy,happy_ions/16-qubit-wormhole_cirq.ipynb,WH16-C-C039,53b1f35c6ba0ce91,9,,1000
WH16,wh16_2026_03_19,0000_010,boundary,ZZYZ,77,077_Data_010_theta_0000_bound_ZZYZ_x_best_010_opt_recovery.qpy,data/executed_circuits/WH16/0000_010/077_Data_010_theta_0000_bound_ZZYZ_x_best_010_opt_recovery.qpy,376f02dc354e8e6b04db4952a958034ca9cbb8f3cf6318f787823a94e62ffe23,holography-on-ionq/Testing flow/Circuits/Data_batch/WH16_2026-03-19/Data_0000_010/077_Data_010_theta_0000_bound_ZZYZ_x_best_010_opt_recovery.qpy,happy_ions/16-qubit-wormhole_cirq.ipynb,WH16-C-C039,53b1f35c6ba0ce91,9,,1000
WH16,wh16_2026_03_19,0000_010,boundary,ZZZX,78,078_Data_010_theta_0000_bound_ZZZX_x_best_010_opt_recovery.qpy,data/executed_circuits/WH16/0000_010/078_Data_010_theta_0000_bound_ZZZX_x_best_010_opt_recovery.qpy,67d5cb79e036fd013e80a00375ea2fab8ba880c579dbafa61ee14382aae50e20,holography-on-ionq/Testing flow/Circuits/Data_batch/WH16_2026-03-19/Data_0000_010/078_Data_010_theta_0000_bound_ZZZX_x_best_010_opt_recovery.qpy,happy_ions/16-qubit-wormhole_cirq.ipynb,WH16-C-C039,53b1f35c6ba0ce91,9,,1000
WH16,wh16_2026_03_19,0000_010,boundary,ZZZY,79,079_Data_010_theta_0000_bound_ZZZY_x_best_010_opt_recovery.qpy,data/executed_circuits/WH16/0000_010/079_Data_010_theta_0000_bound_ZZZY_x_best_010_opt_recovery.qpy,2c2c74d8fad825dfd69e23ffffb71e8f93decfbb660213f396473bc0c0b54a44,holography-on-ionq/Testing flow/Circuits/Data_batch/WH16_2026-03-19/Data_0000_010/079_Data_010_theta_0000_bound_ZZZY_x_best_010_opt_recovery.qpy,happy_ions/16-qubit-wormhole_cirq.ipynb,WH16-C-C039,53b1f35c6ba0ce91,9,,1000
WH16,wh16_2026_03_19,0000_010,boundary,ZZZZ,80,080_Data_010_theta_0000_bound_ZZZZ_x_best_010_opt_recovery.qpy,data/executed_circuits/WH16/0000_010/080_Data_010_theta_0000_bound_ZZZZ_x_best_010_opt_recovery.qpy,702e3841ff09c0bc514e843c26c5399ca958c8669d3e7dc2822a798979f64bad,holography-on-ionq/Testing flow/Circuits/Data_batch/WH16_2026-03-19/Data_0000_010/080_Data_010_theta_0000_bound_ZZZZ_x_best_010_opt_recovery.qpy,happy_ions/16-qubit-wormhole_cirq.ipynb,WH16-C-C039,53b1f35c6ba0ce91,9,,1000
WH16,wh16_2026_03_19,0000_010,bulk,XXXX,81,081_Data_010_theta_0000_bound_XXXX_x_best_010_opt_recovery.qpy,data/executed_circuits/WH16/0000_010/081_Data_010_theta_0000_bound_XXXX_x_best_010_opt_recovery.qpy,18039601651a1636c519c9df311837135832a28e35a996537b2e3497793b8cb4,holography-on-ionq/Testing flow/Circuits/Data_batch/WH16_2026-03-19/Data_0000_010/081_Data_010_theta_0000_bound_XXXX_x_best_010_opt_recovery.qpy,happy_ions/16-qubit-wormhole_cirq.ipynb,WH16-C-C039,53b1f35c6ba0ce91,9,,1000
WH16,wh16_2026_03_19,0000_010,bulk,XXXY,82,082_Data_010_theta_0000_bound_XXXY_x_best_010_opt_recovery.qpy,data/executed_circuits/WH16/0000_010/082_Data_010_theta_0000_bound_XXXY_x_best_010_opt_recovery.qpy,d9ef4efb91e597b81b7e3a8c0e556fc4d2ed74bf6cb1874dbfbcffa5eb95d4d4,holography-on-ionq/Testing flow/Circuits/Data_batch/WH16_2026-03-19/Data_0000_010/082_Data_010_theta_0000_bound_XXXY_x_best_010_opt_recovery.qpy,happy_ions/16-qubit-wormhole_cirq.ipynb,WH16-C-C039,53b1f35c6ba0ce91,9,,1000
WH16,wh16_2026_03_19,0000_010,bulk,XXXZ,83,083_Data_010_theta_0000_bound_XXXZ_x_best_010_opt_recovery.qpy,data/executed_circuits/WH16/0000_010/083_Data_010_theta_0000_bound_XXXZ_x_best_010_opt_recovery.qpy,c99a181f64633279c4eb7a5d8ef726bc187e2282fb1bcb868d47a2153b82fa39,holography-on-ionq/Testing flow/Circuits/Data_batch/WH16_2026-03-19/Data_0000_010/083_Data_010_theta_0000_bound_XXXZ_x_best_010_opt_recovery.qpy,happy_ions/16-qubit-wormhole_cirq.ipynb,WH16-C-C039,53b1f35c6ba0ce91,9,,1000
WH16,wh16_2026_03_19,0000_010,bulk,XXYX,84,084_Data_010_theta_0000_bound_XXYX_x_best_010_opt_recovery.qpy,data/executed_circuits/WH16/0000_010/084_Data_010_theta_0000_bound_XXYX_x_best_010_opt_recovery.qpy,86dc50044e16482cd1701de5ae8a85d1c7062b9b5f687bdb079c8a7b4ba2b296,holography-on-ionq/Testing flow/Circuits/Data_batch/WH16_2026-03-19/Data_0000_010/084_Data_010_theta_0000_bound_XXYX_x_best_010_opt_recovery.qpy,happy_ions/16-qubit-wormhole_cirq.ipynb,WH16-C-C039,53b1f35c6ba0ce91,9,,1000
WH16,wh16_2026_03_19,0000_010,bulk,XXYY,85,085_Data_010_theta_0000_bound_XXYY_x_best_010_opt_recovery.qpy,data/executed_circuits/WH16/0000_010/085_Data_010_theta_0000_bound_XXYY_x_best_010_opt_recovery.qpy,db3c451ba153e103208d144f3da9d3b4e908968c655c5395aac221d4386b4a22,holography-on-ionq/Testing flow/Circuits/Data_batch/WH16_2026-03-19/Data_0000_010/085_Data_010_theta_0000_bound_XXYY_x_best_010_opt_recovery.qpy,happy_ions/16-qubit-wormhole_cirq.ipynb,WH16-C-C039,53b1f35c6ba0ce91,9,,1000
WH16,wh16_2026_03_19,0000_010,bulk,XXYZ,86,086_Data_010_theta_0000_bound_XXYZ_x_best_010_opt_recovery.qpy,data/executed_circuits/WH16/0000_010/086_Data_010_theta_0000_bound_XXYZ_x_best_010_opt_recovery.qpy,c7b822b75e3280aa75b43749754843c99ab53e7013b154df5a222ec53cb1c708,holography-on-ionq/Testing flow/Circuits/Data_batch/WH16_2026-03-19/Data_0000_010/086_Data_010_theta_0000_bound_XXYZ_x_best_010_opt_recovery.qpy,happy_ions/16-qubit-wormhole_cirq.ipynb,WH16-C-C039,53b1f35c6ba0ce91,9,,1000
WH16,wh16_2026_03_19,0000_010,bulk,XXZX,87,087_Data_010_theta_0000_bound_XXZX_x_best_010_opt_recovery.qpy,data/executed_circuits/WH16/0000_010/087_Data_010_theta_0000_bound_XXZX_x_best_010_opt_recovery.qpy,9765fa515e94218d93e3484b1ebb2e8059d37dd471f8084d3c2a29724b37c455,holography-on-ionq/Testing flow/Circuits/Data_batch/WH16_2026-03-19/Data_0000_010/087_Data_010_theta_0000_bound_XXZX_x_best_010_opt_recovery.qpy,happy_ions/16-qubit-wormhole_cirq.ipynb,WH16-C-C039,53b1f35c6ba0ce91,9,,1000
WH16,wh16_2026_03_19,0000_010,bulk,XXZY,88,088_Data_010_theta_0000_bound_XXZY_x_best_010_opt_recovery.qpy,data/executed_circuits/WH16/0000_010/088_Data_010_theta_0000_bound_XXZY_x_best_010_opt_recovery.qpy,a577777c0d155e05d4983376b49ca5eaeced4786c6115674e556b87e8083c5f6,holography-on-ionq/Testing flow/Circuits/Data_batch/WH16_2026-03-19/Data_0000_010/088_Data_010_theta_0000_bound_XXZY_x_best_010_opt_recovery.qpy,happy_ions/16-qubit-wormhole_cirq.ipynb,WH16-C-C039,53b1f35c6ba0ce91,9,,1000
WH16,wh16_2026_03_19,0000_010,bulk,XXZZ,89,089_Data_010_theta_0000_bound_XXZZ_x_best_010_opt_recovery.qpy,data/executed_circuits/WH16/0000_010/089_Data_010_theta_0000_bound_XXZZ_x_best_010_opt_recovery.qpy,5b7bad887a396f06ebd48ed5d399df478735bc1d71ccb7d0347685ebcc24b040,holography-on-ionq/Testing flow/Circuits/Data_batch/WH16_2026-03-19/Data_0000_010/089_Data_010_theta_0000_bound_XXZZ_x_best_010_opt_recovery.qpy,happy_ions/16-qubit-wormhole_cirq.ipynb,WH16-C-C039,53b1f35c6ba0ce91,9,,1000
WH16,wh16_2026_03_19,0000_010,bulk,XYXX,90,090_Data_010_theta_0000_bound_XYXX_x_best_010_opt_recovery.qpy,data/executed_circuits/WH16/0000_010/090_Data_010_theta_0000_bound_XYXX_x_best_010_opt_recovery.qpy,54d2d1e0bde4563854cededff98015b08fbd9ef3087d57f3f9c89094389f224f,holography-on-ionq/Testing flow/Circuits/Data_batch/WH16_2026-03-19/Data_0000_010/090_Data_010_theta_0000_bound_XYXX_x_best_010_opt_recovery.qpy,happy_ions/16-qubit-wormhole_cirq.ipynb,WH16-C-C039,53b1f35c6ba0ce91,9,,1000
WH16,wh16_2026_03_19,0000_010,bulk,XYXY,91,091_Data_010_theta_0000_bound_XYXY_x_best_010_opt_recovery.qpy,data/executed_circuits/WH16/0000_010/091_Data_010_theta_0000_bound_XYXY_x_best_010_opt_recovery.qpy,35edcb6a6ce12dd0367bfca9af3217f529d9a263bc9b359a8b5b321361bad59c,holography-on-ionq/Testing flow/Circuits/Data_batch/WH16_2026-03-19/Data_0000_010/091_Data_010_theta_0000_bound_XYXY_x_best_010_opt_recovery.qpy,happy_ions/16-qubit-wormhole_cirq.ipynb,WH16-C-C039,53b1f35c6ba0ce91,9,,1000
WH16,wh16_2026_03_19,0000_010,bulk,XYXZ,92,092_Data_010_theta_0000_bound_XYXZ_x_best_010_opt_recovery.qpy,data/executed_circuits/WH16/0000_010/092_Data_010_theta_0000_bound_XYXZ_x_best_010_opt_recovery.qpy,03ca7454b7ba32714e31f5ea83ef0f4fd57a35440f4fa07e0e063aae6847a326,holography-on-ionq/Testing flow/Circuits/Data_batch/WH16_2026-03-19/Data_0000_010/092_Data_010_theta_0000_bound_XYXZ_x_best_010_opt_recovery.qpy,happy_ions/16-qubit-wormhole_cirq.ipynb,WH16-C-C039,53b1f35c6ba0ce91,9,,1000
WH16,wh16_2026_03_19,0000_010,bulk,XYYX,93,093_Data_010_theta_0000_bound_XYYX_x_best_010_opt_recovery.qpy,data/executed_circuits/WH16/0000_010/093_Data_010_theta_0000_bound_XYYX_x_best_010_opt_recovery.qpy,58fa2c3025081d9c9c261af63953aeb13dafdf309d1aacbf67f92b89c9422003,holography-on-ionq/Testing flow/Circuits/Data_batch/WH16_2026-03-19/Data_0000_010/093_Data_010_theta_0000_bound_XYYX_x_best_010_opt_recovery.qpy,happy_ions/16-qubit-wormhole_cirq.ipynb,WH16-C-C039,53b1f35c6ba0ce91,9,,1000
WH16,wh16_2026_03_19,0000_010,bulk,XYYY,94,094_Data_010_theta_0000_bound_XYYY_x_best_010_opt_recovery.qpy,data/executed_circuits/WH16/0000_010/094_Data_010_theta_0000_bound_XYYY_x_best_010_opt_recovery.qpy,609f03bd48942727698de8e87361bb77baacd392ea486063dbcb5c701ebd4b7a,holography-on-ionq/Testing flow/Circuits/Data_batch/WH16_2026-03-19/Data_0000_010/094_Data_010_theta_0000_bound_XYYY_x_best_010_opt_recovery.qpy,happy_ions/16-qubit-wormhole_cirq.ipynb,WH16-C-C039,53b1f35c6ba0ce91,9,,1000
WH16,wh16_2026_03_19,0000_010,bulk,XYYZ,95,095_Data_010_theta_0000_bound_XYYZ_x_best_010_opt_recovery.qpy,data/executed_circuits/WH16/0000_010/095_Data_010_theta_0000_bound_XYYZ_x_best_010_opt_recovery.qpy,2aca79ec26abe827caaed213f0212671dbd0e92d69080380b6f636b6b54b732a,holography-on-ionq/Testing flow/Circuits/Data_batch/WH16_2026-03-19/Data_0000_010/095_Data_010_theta_0000_bound_XYYZ_x_best_010_opt_recovery.qpy,happy_ions/16-qubit-wormhole_cirq.ipynb,WH16-C-C039,53b1f35c6ba0ce91,9,,1000
WH16,wh16_2026_03_19,0000_010,bulk,XYZX,96,096_Data_010_theta_0000_bound_XYZX_x_best_010_opt_recovery.qpy,data/executed_circuits/WH16/0000_010/096_Data_010_theta_0000_bound_XYZX_x_best_010_opt_recovery.qpy,24ad4797325501093b694678fbc85f0add8d081cf10a729ce843acd0bf7ae4a0,holography-on-ionq/Testing flow/Circuits/Data_batch/WH16_2026-03-19/Data_0000_010/096_Data_010_theta_0000_bound_XYZX_x_best_010_opt_recovery.qpy,happy_ions/16-qubit-wormhole_cirq.ipynb,WH16-C-C039,53b1f35c6ba0ce91,9,,1000
WH16,wh16_2026_03_19,0000_010,bulk,XYZY,97,097_Data_010_theta_0000_bound_XYZY_x_best_010_opt_recovery.qpy,data/executed_circuits/WH16/0000_010/097_Data_010_theta_0000_bound_XYZY_x_best_010_opt_recovery.qpy,867829d8b7caf34881a27fc61e854e98b0f9bb92c4dd4696b6b34d03cb463a72,holography-on-ionq/Testing flow/Circuits/Data_batch/WH16_2026-03-19/Data_0000_010/097_Data_010_theta_0000_bound_XYZY_x_best_010_opt_recovery.qpy,happy_ions/16-qubit-wormhole_cirq.ipynb,WH16-C-C039,53b1f35c6ba0ce91,9,,1000
WH16,wh16_2026_03_19,0000_010,bulk,XYZZ,98,098_Data_010_theta_0000_bound_XYZZ_x_best_010_opt_recovery.qpy,data/executed_circuits/WH16/0000_010/098_Data_010_theta_0000_bound_XYZZ_x_best_010_opt_recovery.qpy,894a9364b22d405f30d4a41bd5da13b0982a5f6da23f420f2c6ed0c64f878180,holography-on-ionq/Testing flow/Circuits/Data_batch/WH16_2026-03-19/Data_0000_010/098_Data_010_theta_0000_bound_XYZZ_x_best_010_opt_recovery.qpy,happy_ions/16-qubit-wormhole_cirq.ipynb,WH16-C-C039,53b1f35c6ba0ce91,9,,1000
WH16,wh16_2026_03_19,0000_010,bulk,XZXX,99,099_Data_010_theta_0000_bound_XZXX_x_best_010_opt_recovery.qpy,data/executed_circuits/WH16/0000_010/099_Data_010_theta_0000_bound_XZXX_x_best_010_opt_recovery.qpy,f5e6dae352e922e7ff0d7a0313a86b452f654bb9ace104b7cdc2aef96b3495f1,holography-on-ionq/Testing flow/Circuits/Data_batch/WH16_2026-03-19/Data_0000_010/099_Data_010_theta_0000_bound_XZXX_x_best_010_opt_recovery.qpy,happy_ions/16-qubit-wormhole_cirq.ipynb,WH16-C-C039,53b1f35c6ba0ce91,9,,1000
WH16,wh16_2026_03_19,0000_010,bulk,XZXY,100,100_Data_010_theta_0000_bound_XZXY_x_best_010_opt_recovery.qpy,data/executed_circuits/WH16/0000_010/100_Data_010_theta_0000_bound_XZXY_x_best_010_opt_recovery.qpy,d5fa3299529aaaab88f739d2f00de2aa73d9be079442e1547e622b88ba8e19f8,holography-on-ionq/Testing flow/Circuits/Data_batch/WH16_2026-03-19/Data_0000_010/100_Data_010_theta_0000_bound_XZXY_x_best_010_opt_recovery.qpy,happy_ions/16-qubit-wormhole_cirq.ipynb,WH16-C-C039,53b1f35c6ba0ce91,9,,1000
WH16,wh16_2026_03_19,0000_010,bulk,XZXZ,101,101_Data_010_theta_0000_bound_XZXZ_x_best_010_opt_recovery.qpy,data/executed_circuits/WH16/0000_010/101_Data_010_theta_0000_bound_XZXZ_x_best_010_opt_recovery.qpy,7485e44fccf81807b2ae220c09bf9bb6da636a73bfbaffa1e4211b59be16d903,holography-on-ionq/Testing flow/Circuits/Data_batch/WH16_2026-03-19/Data_0000_010/101_Data_010_theta_0000_bound_XZXZ_x_best_010_opt_recovery.qpy,happy_ions/16-qubit-wormhole_cirq.ipynb,WH16-C-C039,53b1f35c6ba0ce91,9,,1000
WH16,wh16_2026_03_19,0000_010,bulk,XZYX,102,102_Data_010_theta_0000_bound_XZYX_x_best_010_opt_recovery.qpy,data/executed_circuits/WH16/0000_010/102_Data_010_theta_0000_bound_XZYX_x_best_010_opt_recovery.qpy,2e00b33c611cf5f5ea965bd2562ef8fe59c5643a2c2ba2836466b8ff3eeed08c,holography-on-ionq/Testing flow/Circuits/Data_batch/WH16_2026-03-19/Data_0000_010/102_Data_010_theta_0000_bound_XZYX_x_best_010_opt_recovery.qpy,happy_ions/16-qubit-wormhole_cirq.ipynb,WH16-C-C039,53b1f35c6ba0ce91,9,,1000
WH16,wh16_2026_03_19,0000_010,bulk,XZYY,103,103_Data_010_theta_0000_bound_XZYY_x_best_010_opt_recovery.qpy,data/executed_circuits/WH16/0000_010/103_Data_010_theta_0000_bound_XZYY_x_best_010_opt_recovery.qpy,ff0457753bbb0f7bee18b8e17753cc58bbfc60fef325cae2e69a57e402027f2d,holography-on-ionq/Testing flow/Circuits/Data_batch/WH16_2026-03-19/Data_0000_010/103_Data_010_theta_0000_bound_XZYY_x_best_010_opt_recovery.qpy,happy_ions/16-qubit-wormhole_cirq.ipynb,WH16-C-C039,53b1f35c6ba0ce91,9,,1000
WH16,wh16_2026_03_19,0000_010,bulk,XZYZ,104,104_Data_010_theta_0000_bound_XZYZ_x_best_010_opt_recovery.qpy,data/executed_circuits/WH16/0000_010/104_Data_010_theta_0000_bound_XZYZ_x_best_010_opt_recovery.qpy,63a908e0d72ccdb6fc5f336d296239adb55946580fa352e28ea31b40724aa90a,holography-on-ionq/Testing flow/Circuits/Data_batch/WH16_2026-03-19/Data_0000_010/104_Data_010_theta_0000_bound_XZYZ_x_best_010_opt_recovery.qpy,happy_ions/16-qubit-wormhole_cirq.ipynb,WH16-C-C039,53b1f35c6ba0ce91,9,,1000
WH16,wh16_2026_03_19,0000_010,bulk,XZZX,105,105_Data_010_theta_0000_bound_XZZX_x_best_010_opt_recovery.qpy,data/executed_circuits/WH16/0000_010/105_Data_010_theta_0000_bound_XZZX_x_best_010_opt_recovery.qpy,446dcee4b18b78ba7b6555ae32353f90be4f5776b7370794f85f0dbf9370a442,holography-on-ionq/Testing flow/Circuits/Data_batch/WH16_2026-03-19/Data_0000_010/105_Data_010_theta_0000_bound_XZZX_x_best_010_opt_recovery.qpy,happy_ions/16-qubit-wormhole_cirq.ipynb,WH16-C-C039,53b1f35c6ba0ce91,9,,1000
WH16,wh16_2026_03_19,0000_010,bulk,XZZY,106,106_Data_010_theta_0000_bound_XZZY_x_best_010_opt_recovery.qpy,data/executed_circuits/WH16/0000_010/106_Data_010_theta_0000_bound_XZZY_x_best_010_opt_recovery.qpy,212c4f230411e3082673d3c85774065e0f1a4a49bc967003249d0617af8d86be,holography-on-ionq/Testing flow/Circuits/Data_batch/WH16_2026-03-19/Data_0000_010/106_Data_010_theta_0000_bound_XZZY_x_best_010_opt_recovery.qpy,happy_ions/16-qubit-wormhole_cirq.ipynb,WH16-C-C039,53b1f35c6ba0ce91,9,,1000
WH16,wh16_2026_03_19,0000_010,bulk,XZZZ,107,107_Data_010_theta_0000_bound_XZZZ_x_best_010_opt_recovery.qpy,data/executed_circuits/WH16/0000_010/107_Data_010_theta_0000_bound_XZZZ_x_best_010_opt_recovery.qpy,adc70db6b91b086d6aaf9c3967fa877a84a6fe77d0465a20118a3bbf5a90746a,holography-on-ionq/Testing flow/Circuits/Data_batch/WH16_2026-03-19/Data_0000_010/107_Data_010_theta_0000_bound_XZZZ_x_best_010_opt_recovery.qpy,happy_ions/16-qubit-wormhole_cirq.ipynb,WH16-C-C039,53b1f35c6ba0ce91,9,,1000
WH16,wh16_2026_03_19,0000_010,bulk,YXXX,108,108_Data_010_theta_0000_bound_YXXX_x_best_010_opt_recovery.qpy,data/executed_circuits/WH16/0000_010/108_Data_010_theta_0000_bound_YXXX_x_best_010_opt_recovery.qpy,73ec1ba7d55d54892cbb77e87a6a014a5a08b45558717a726c025367a583fe27,holography-on-ionq/Testing flow/Circuits/Data_batch/WH16_2026-03-19/Data_0000_010/108_Data_010_theta_0000_bound_YXXX_x_best_010_opt_recovery.qpy,happy_ions/16-qubit-wormhole_cirq.ipynb,WH16-C-C039,53b1f35c6ba0ce91,9,,1000
WH16,wh16_2026_03_19,0000_010,bulk,YXXY,109,109_Data_010_theta_0000_bound_YXXY_x_best_010_opt_recovery.qpy,data/executed_circuits/WH16/0000_010/109_Data_010_theta_0000_bound_YXXY_x_best_010_opt_recovery.qpy,f44aa6797dadb06f7833c362c8d5d356edea297bcbb32f989a80d5ccb916c665,holography-on-ionq/Testing flow/Circuits/Data_batch/WH16_2026-03-19/Data_0000_010/109_Data_010_theta_0000_bound_YXXY_x_best_010_opt_recovery.qpy,happy_ions/16-qubit-wormhole_cirq.ipynb,WH16-C-C039,53b1f35c6ba0ce91,9,,1000
WH16,wh16_2026_03_19,0000_010,bulk,YXXZ,110,110_Data_010_theta_0000_bound_YXXZ_x_best_010_opt_recovery.qpy,data/executed_circuits/WH16/0000_010/110_Data_010_theta_0000_bound_YXXZ_x_best_010_opt_recovery.qpy,8cd5b581d843daa2424ebe96e862c0e329b4c40849cc761c83330fc9d16ed590,holography-on-ionq/Testing flow/Circuits/Data_batch/WH16_2026-03-19/Data_0000_010/110_Data_010_theta_0000_bound_YXXZ_x_best_010_opt_recovery.qpy,happy_ions/16-qubit-wormhole_cirq.ipynb,WH16-C-C039,53b1f35c6ba0ce91,9,,1000
WH16,wh16_2026_03_19,0000_010,bulk,YXYX,111,111_Data_010_theta_0000_bound_YXYX_x_best_010_opt_recovery.qpy,data/executed_circuits/WH16/0000_010/111_Data_010_theta_0000_bound_YXYX_x_best_010_opt_recovery.qpy,877031a9f13e44b6463f130560390e130dc60eca88f19b28a52e3db97b46f0cd,holography-on-ionq/Testing flow/Circuits/Data_batch/WH16_2026-03-19/Data_0000_010/111_Data_010_theta_0000_bound_YXYX_x_best_010_opt_recovery.qpy,happy_ions/16-qubit-wormhole_cirq.ipynb,WH16-C-C039,53b1f35c6ba0ce91,9,,1000
WH16,wh16_2026_03_19,0000_010,bulk,YXYY,112,112_Data_010_theta_0000_bound_YXYY_x_best_010_opt_recovery.qpy,data/executed_circuits/WH16/0000_010/112_Data_010_theta_0000_bound_YXYY_x_best_010_opt_recovery.qpy,469a0a19099296134099cce68182e322628b66a23d52d7665b7a51b1c98f0974,holography-on-ionq/Testing flow/Circuits/Data_batch/WH16_2026-03-19/Data_0000_010/112_Data_010_theta_0000_bound_YXYY_x_best_010_opt_recovery.qpy,happy_ions/16-qubit-wormhole_cirq.ipynb,WH16-C-C039,53b1f35c6ba0ce91,9,,1000
WH16,wh16_2026_03_19,0000_010,bulk,YXYZ,113,113_Data_010_theta_0000_bound_YXYZ_x_best_010_opt_recovery.qpy,data/executed_circuits/WH16/0000_010/113_Data_010_theta_0000_bound_YXYZ_x_best_010_opt_recovery.qpy,6942baaeb9ff844ee6bd60969a164470426cbc9c78b94416feb3c7695c81a001,holography-on-ionq/Testing flow/Circuits/Data_batch/WH16_2026-03-19/Data_0000_010/113_Data_010_theta_0000_bound_YXYZ_x_best_010_opt_recovery.qpy,happy_ions/16-qubit-wormhole_cirq.ipynb,WH16-C-C039,53b1f35c6ba0ce91,9,,1000
WH16,wh16_2026_03_19,0000_010,bulk,YXZX,114,114_Data_010_theta_0000_bound_YXZX_x_best_010_opt_recovery.qpy,data/executed_circuits/WH16/0000_010/114_Data_010_theta_0000_bound_YXZX_x_best_010_opt_recovery.qpy,e971e63335f361770d06be1727f67ac149a5b7067b1ad15e2940094ca5442304,holography-on-ionq/Testing flow/Circuits/Data_batch/WH16_2026-03-19/Data_0000_010/114_Data_010_theta_0000_bound_YXZX_x_best_010_opt_recovery.qpy,happy_ions/16-qubit-wormhole_cirq.ipynb,WH16-C-C039,53b1f35c6ba0ce91,9,,1000
WH16,wh16_2026_03_19,0000_010,bulk,YXZY,115,115_Data_010_theta_0000_bound_YXZY_x_best_010_opt_recovery.qpy,data/executed_circuits/WH16/0000_010/115_Data_010_theta_0000_bound_YXZY_x_best_010_opt_recovery.qpy,17c7a31dd520bf1122a76fc55a0cdfa5e56320770100639db95dcb35e431d191,holography-on-ionq/Testing flow/Circuits/Data_batch/WH16_2026-03-19/Data_0000_010/115_Data_010_theta_0000_bound_YXZY_x_best_010_opt_recovery.qpy,happy_ions/16-qubit-wormhole_cirq.ipynb,WH16-C-C039,53b1f35c6ba0ce91,9,,1000
WH16,wh16_2026_03_19,0000_010,bulk,YXZZ,116,116_Data_010_theta_0000_bound_YXZZ_x_best_010_opt_recovery.qpy,data/executed_circuits/WH16/0000_010/116_Data_010_theta_0000_bound_YXZZ_x_best_010_opt_recovery.qpy,087f497fe88894db00a7c02962a8cbafe05e6820d098bdd5b63cad831bf535d9,holography-on-ionq/Testing flow/Circuits/Data_batch/WH16_2026-03-19/Data_0000_010/116_Data_010_theta_0000_bound_YXZZ_x_best_010_opt_recovery.qpy,happy_ions/16-qubit-wormhole_cirq.ipynb,WH16-C-C039,53b1f35c6ba0ce91,9,,1000
WH16,wh16_2026_03_19,0000_010,bulk,YYXX,117,117_Data_010_theta_0000_bound_YYXX_x_best_010_opt_recovery.qpy,data/executed_circuits/WH16/0000_010/117_Data_010_theta_0000_bound_YYXX_x_best_010_opt_recovery.qpy,7b5fc5e8d9773f7bab9cfc2a7cdbeacf3755f81e51fbabfb8eaac8c05c7b9754,holography-on-ionq/Testing flow/Circuits/Data_batch/WH16_2026-03-19/Data_0000_010/117_Data_010_theta_0000_bound_YYXX_x_best_010_opt_recovery.qpy,happy_ions/16-qubit-wormhole_cirq.ipynb,WH16-C-C039,53b1f35c6ba0ce91,9,,1000
WH16,wh16_2026_03_19,0000_010,bulk,YYXY,118,118_Data_010_theta_0000_bound_YYXY_x_best_010_opt_recovery.qpy,data/executed_circuits/WH16/0000_010/118_Data_010_theta_0000_bound_YYXY_x_best_010_opt_recovery.qpy,6ebd9ebd0d78343093784d385db6e7462e69c6eafa4c0b90ff71205b5151b9d8,holography-on-ionq/Testing flow/Circuits/Data_batch/WH16_2026-03-19/Data_0000_010/118_Data_010_theta_0000_bound_YYXY_x_best_010_opt_recovery.qpy,happy_ions/16-qubit-wormhole_cirq.ipynb,WH16-C-C039,53b1f35c6ba0ce91,9,,1000
WH16,wh16_2026_03_19,0000_010,bulk,YYXZ,119,119_Data_010_theta_0000_bound_YYXZ_x_best_010_opt_recovery.qpy,data/executed_circuits/WH16/0000_010/119_Data_010_theta_0000_bound_YYXZ_x_best_010_opt_recovery.qpy,ac4f756b66abc04cc95cdda7fbe7baa441017c8d702a9a24b46b7a610292fddb,holography-on-ionq/Testing flow/Circuits/Data_batch/WH16_2026-03-19/Data_0000_010/119_Data_010_theta_0000_bound_YYXZ_x_best_010_opt_recovery.qpy,happy_ions/16-qubit-wormhole_cirq.ipynb,WH16-C-C039,53b1f35c6ba0ce91,9,,1000
WH16,wh16_2026_03_19,0000_010,bulk,YYYX,120,120_Data_010_theta_0000_bound_YYYX_x_best_010_opt_recovery.qpy,data/executed_circuits/WH16/0000_010/120_Data_010_theta_0000_bound_YYYX_x_best_010_opt_recovery.qpy,f98e6b409baa1d6aa51db358f9c3abbdcb1d8d8ec7956fdf67038647c5b29217,holography-on-ionq/Testing flow/Circuits/Data_batch/WH16_2026-03-19/Data_0000_010/120_Data_010_theta_0000_bound_YYYX_x_best_010_opt_recovery.qpy,happy_ions/16-qubit-wormhole_cirq.ipynb,WH16-C-C039,53b1f35c6ba0ce91,9,,1000
WH16,wh16_2026_03_19,0000_010,bulk,YYYY,121,121_Data_010_theta_0000_bound_YYYY_x_best_010_opt_recovery.qpy,data/executed_circuits/WH16/0000_010/121_Data_010_theta_0000_bound_YYYY_x_best_010_opt_recovery.qpy,6e7d45a23ab91c5a20761c51a3618238411b05696953583f85c7d2a675ecde82,holography-on-ionq/Testing flow/Circuits/Data_batch/WH16_2026-03-19/Data_0000_010/121_Data_010_theta_0000_bound_YYYY_x_best_010_opt_recovery.qpy,happy_ions/16-qubit-wormhole_cirq.ipynb,WH16-C-C039,53b1f35c6ba0ce91,9,,1000
WH16,wh16_2026_03_19,0000_010,bulk,YYYZ,122,122_Data_010_theta_0000_bound_YYYZ_x_best_010_opt_recovery.qpy,data/executed_circuits/WH16/0000_010/122_Data_010_theta_0000_bound_YYYZ_x_best_010_opt_recovery.qpy,5b3303b222034540a93b4e0c3950d98682e6f7dc84ac8ed003117cd307f8f69c,holography-on-ionq/Testing flow/Circuits/Data_batch/WH16_2026-03-19/Data_0000_010/122_Data_010_theta_0000_bound_YYYZ_x_best_010_opt_recovery.qpy,happy_ions/16-qubit-wormhole_cirq.ipynb,WH16-C-C039,53b1f35c6ba0ce91,9,,1000
WH16,wh16_2026_03_19,0000_010,bulk,YYZX,123,123_Data_010_theta_0000_bound_YYZX_x_best_010_opt_recovery.qpy,data/executed_circuits/WH16/0000_010/123_Data_010_theta_0000_bound_YYZX_x_best_010_opt_recovery.qpy,bf7eb4daa555f62f80f5dc28e79929b6b2793464a69b04e5c1c07fd01cf838ed,holography-on-ionq/Testing flow/Circuits/Data_batch/WH16_2026-03-19/Data_0000_010/123_Data_010_theta_0000_bound_YYZX_x_best_010_opt_recovery.qpy,happy_ions/16-qubit-wormhole_cirq.ipynb,WH16-C-C039,53b1f35c6ba0ce91,9,,1000
WH16,wh16_2026_03_19,0000_010,bulk,YYZY,124,124_Data_010_theta_0000_bound_YYZY_x_best_010_opt_recovery.qpy,data/executed_circuits/WH16/0000_010/124_Data_010_theta_0000_bound_YYZY_x_best_010_opt_recovery.qpy,57eec661351356cb846c9f53863fa9fd2746cdbe32890ca4448cd893eb70ef5e,holography-on-ionq/Testing flow/Circuits/Data_batch/WH16_2026-03-19/Data_0000_010/124_Data_010_theta_0000_bound_YYZY_x_best_010_opt_recovery.qpy,happy_ions/16-qubit-wormhole_cirq.ipynb,WH16-C-C039,53b1f35c6ba0ce91,9,,1000
WH16,wh16_2026_03_19,0000_010,bulk,YYZZ,125,125_Data_010_theta_0000_bound_YYZZ_x_best_010_opt_recovery.qpy,data/executed_circuits/WH16/0000_010/125_Data_010_theta_0000_bound_YYZZ_x_best_010_opt_recovery.qpy,19b1edd6151f93cee012db021be59be444c60a433331e8588ca919031d3f2869,holography-on-ionq/Testing flow/Circuits/Data_batch/WH16_2026-03-19/Data_0000_010/125_Data_010_theta_0000_bound_YYZZ_x_best_010_opt_recovery.qpy,happy_ions/16-qubit-wormhole_cirq.ipynb,WH16-C-C039,53b1f35c6ba0ce91,9,,1000
WH16,wh16_2026_03_19,0000_010,bulk,YZXX,126,126_Data_010_theta_0000_bound_YZXX_x_best_010_opt_recovery.qpy,data/executed_circuits/WH16/0000_010/126_Data_010_theta_0000_bound_YZXX_x_best_010_opt_recovery.qpy,6b5e4da85decce76e60c2f42d404d6eb0ea5304bb5ab66723b3db9d72ec15663,holography-on-ionq/Testing flow/Circuits/Data_batch/WH16_2026-03-19/Data_0000_010/126_Data_010_theta_0000_bound_YZXX_x_best_010_opt_recovery.qpy,happy_ions/16-qubit-wormhole_cirq.ipynb,WH16-C-C039,53b1f35c6ba0ce91,9,,1000
WH16,wh16_2026_03_19,0000_010,bulk,YZXY,127,127_Data_010_theta_0000_bound_YZXY_x_best_010_opt_recovery.qpy,data/executed_circuits/WH16/0000_010/127_Data_010_theta_0000_bound_YZXY_x_best_010_opt_recovery.qpy,e410eeafbeb7982f123f878ca4b30c43f9523532ce7a496a7802acc50da4ec6d,holography-on-ionq/Testing flow/Circuits/Data_batch/WH16_2026-03-19/Data_0000_010/127_Data_010_theta_0000_bound_YZXY_x_best_010_opt_recovery.qpy,happy_ions/16-qubit-wormhole_cirq.ipynb,WH16-C-C039,53b1f35c6ba0ce91,9,,1000
WH16,wh16_2026_03_19,0000_010,bulk,YZXZ,128,128_Data_010_theta_0000_bound_YZXZ_x_best_010_opt_recovery.qpy,data/executed_circuits/WH16/0000_010/128_Data_010_theta_0000_bound_YZXZ_x_best_010_opt_recovery.qpy,0cbf145988a5f1bea74de235aaa077a4a3dd4ec8536d84e1e40ad2e066a5f416,holography-on-ionq/Testing flow/Circuits/Data_batch/WH16_2026-03-19/Data_0000_010/128_Data_010_theta_0000_bound_YZXZ_x_best_010_opt_recovery.qpy,happy_ions/16-qubit-wormhole_cirq.ipynb,WH16-C-C039,53b1f35c6ba0ce91,9,,1000
WH16,wh16_2026_03_19,0000_010,bulk,YZYX,129,129_Data_010_theta_0000_bound_YZYX_x_best_010_opt_recovery.qpy,data/executed_circuits/WH16/0000_010/129_Data_010_theta_0000_bound_YZYX_x_best_010_opt_recovery.qpy,b419a027b62a155269dd87cd1af05243ca70302d23acf9f70d24ef003ef39313,holography-on-ionq/Testing flow/Circuits/Data_batch/WH16_2026-03-19/Data_0000_010/129_Data_010_theta_0000_bound_YZYX_x_best_010_opt_recovery.qpy,happy_ions/16-qubit-wormhole_cirq.ipynb,WH16-C-C039,53b1f35c6ba0ce91,9,,1000
WH16,wh16_2026_03_19,0000_010,bulk,YZYY,130,130_Data_010_theta_0000_bound_YZYY_x_best_010_opt_recovery.qpy,data/executed_circuits/WH16/0000_010/130_Data_010_theta_0000_bound_YZYY_x_best_010_opt_recovery.qpy,f46c9870f36b80841586be939a0b8ddd63fc02514e0def33fc840782a92d08ac,holography-on-ionq/Testing flow/Circuits/Data_batch/WH16_2026-03-19/Data_0000_010/130_Data_010_theta_0000_bound_YZYY_x_best_010_opt_recovery.qpy,happy_ions/16-qubit-wormhole_cirq.ipynb,WH16-C-C039,53b1f35c6ba0ce91,9,,1000
WH16,wh16_2026_03_19,0000_010,bulk,YZYZ,131,131_Data_010_theta_0000_bound_YZYZ_x_best_010_opt_recovery.qpy,data/executed_circuits/WH16/0000_010/131_Data_010_theta_0000_bound_YZYZ_x_best_010_opt_recovery.qpy,4f0d1979c5a6bdec4e826c1a4ed00b140a5aca6f542b2d6d34a00ff14d4e8548,holography-on-ionq/Testing flow/Circuits/Data_batch/WH16_2026-03-19/Data_0000_010/131_Data_010_theta_0000_bound_YZYZ_x_best_010_opt_recovery.qpy,happy_ions/16-qubit-wormhole_cirq.ipynb,WH16-C-C039,53b1f35c6ba0ce91,9,,1000
WH16,wh16_2026_03_19,0000_010,bulk,YZZX,132,132_Data_010_theta_0000_bound_YZZX_x_best_010_opt_recovery.qpy,data/executed_circuits/WH16/0000_010/132_Data_010_theta_0000_bound_YZZX_x_best_010_opt_recovery.qpy,61176236bee3e828bf9b5501b475a264d959922241f67c0163eea70b890b43eb,holography-on-ionq/Testing flow/Circuits/Data_batch/WH16_2026-03-19/Data_0000_010/132_Data_010_theta_0000_bound_YZZX_x_best_010_opt_recovery.qpy,happy_ions/16-qubit-wormhole_cirq.ipynb,WH16-C-C039,53b1f35c6ba0ce91,9,,1000
WH16,wh16_2026_03_19,0000_010,bulk,YZZY,133,133_Data_010_theta_0000_bound_YZZY_x_best_010_opt_recovery.qpy,data/executed_circuits/WH16/0000_010/133_Data_010_theta_0000_bound_YZZY_x_best_010_opt_recovery.qpy,1b80c6bce5fd0107db509ca4d487c70fe512099290d55882e5f9a186d000257a,holography-on-ionq/Testing flow/Circuits/Data_batch/WH16_2026-03-19/Data_0000_010/133_Data_010_theta_0000_bound_YZZY_x_best_010_opt_recovery.qpy,happy_ions/16-qubit-wormhole_cirq.ipynb,WH16-C-C039,53b1f35c6ba0ce91,9,,1000
WH16,wh16_2026_03_19,0000_010,bulk,YZZZ,134,134_Data_010_theta_0000_bound_YZZZ_x_best_010_opt_recovery.qpy,data/executed_circuits/WH16/0000_010/134_Data_010_theta_0000_bound_YZZZ_x_best_010_opt_recovery.qpy,f5ceb807589f4346c02f86218a30fab9c2fcbd2bc7d0e476637569d36f0cf7c7,holography-on-ionq/Testing flow/Circuits/Data_batch/WH16_2026-03-19/Data_0000_010/134_Data_010_theta_0000_bound_YZZZ_x_best_010_opt_recovery.qpy,happy_ions/16-qubit-wormhole_cirq.ipynb,WH16-C-C039,53b1f35c6ba0ce91,9,,1000
WH16,wh16_2026_03_19,0000_010,bulk,ZXXX,135,135_Data_010_theta_0000_bound_ZXXX_x_best_010_opt_recovery.qpy,data/executed_circuits/WH16/0000_010/135_Data_010_theta_0000_bound_ZXXX_x_best_010_opt_recovery.qpy,a0f215f94aff3c4d2179ab2e0884edfa844d3d078f2ec635cae5eaf32a3c7fa4,holography-on-ionq/Testing flow/Circuits/Data_batch/WH16_2026-03-19/Data_0000_010/135_Data_010_theta_0000_bound_ZXXX_x_best_010_opt_recovery.qpy,happy_ions/16-qubit-wormhole_cirq.ipynb,WH16-C-C039,53b1f35c6ba0ce91,9,,1000
WH16,wh16_2026_03_19,0000_010,bulk,ZXXY,136,136_Data_010_theta_0000_bound_ZXXY_x_best_010_opt_recovery.qpy,data/executed_circuits/WH16/0000_010/136_Data_010_theta_0000_bound_ZXXY_x_best_010_opt_recovery.qpy,cc213a205bda099bdeb9fd1b0a4c9b1f6c04e8c9cb3ad4780bd7a4d29763f9d6,holography-on-ionq/Testing flow/Circuits/Data_batch/WH16_2026-03-19/Data_0000_010/136_Data_010_theta_0000_bound_ZXXY_x_best_010_opt_recovery.qpy,happy_ions/16-qubit-wormhole_cirq.ipynb,WH16-C-C039,53b1f35c6ba0ce91,9,,1000
WH16,wh16_2026_03_19,0000_010,bulk,ZXXZ,137,137_Data_010_theta_0000_bound_ZXXZ_x_best_010_opt_recovery.qpy,data/executed_circuits/WH16/0000_010/137_Data_010_theta_0000_bound_ZXXZ_x_best_010_opt_recovery.qpy,8a8ccaf53c100801dbac7589ac078a21d21fe294f03deaee0fd798ba23340e87,holography-on-ionq/Testing flow/Circuits/Data_batch/WH16_2026-03-19/Data_0000_010/137_Data_010_theta_0000_bound_ZXXZ_x_best_010_opt_recovery.qpy,happy_ions/16-qubit-wormhole_cirq.ipynb,WH16-C-C039,53b1f35c6ba0ce91,9,,1000
WH16,wh16_2026_03_19,0000_010,bulk,ZXYX,138,138_Data_010_theta_0000_bound_ZXYX_x_best_010_opt_recovery.qpy,data/executed_circuits/WH16/0000_010/138_Data_010_theta_0000_bound_ZXYX_x_best_010_opt_recovery.qpy,7bd67036c704b735d1c7c9c9b086e5f1085cd4d02c8dfec0750ed216a2d78887,holography-on-ionq/Testing flow/Circuits/Data_batch/WH16_2026-03-19/Data_0000_010/138_Data_010_theta_0000_bound_ZXYX_x_best_010_opt_recovery.qpy,happy_ions/16-qubit-wormhole_cirq.ipynb,WH16-C-C039,53b1f35c6ba0ce91,9,,1000
WH16,wh16_2026_03_19,0000_010,bulk,ZXYY,139,139_Data_010_theta_0000_bound_ZXYY_x_best_010_opt_recovery.qpy,data/executed_circuits/WH16/0000_010/139_Data_010_theta_0000_bound_ZXYY_x_best_010_opt_recovery.qpy,f5797c07863db4c95e6ed01a3917166d29eec4e1e1f155d57823a30b5d369a62,holography-on-ionq/Testing flow/Circuits/Data_batch/WH16_2026-03-19/Data_0000_010/139_Data_010_theta_0000_bound_ZXYY_x_best_010_opt_recovery.qpy,happy_ions/16-qubit-wormhole_cirq.ipynb,WH16-C-C039,53b1f35c6ba0ce91,9,,1000
WH16,wh16_2026_03_19,0000_010,bulk,ZXYZ,140,140_Data_010_theta_0000_bound_ZXYZ_x_best_010_opt_recovery.qpy,data/executed_circuits/WH16/0000_010/140_Data_010_theta_0000_bound_ZXYZ_x_best_010_opt_recovery.qpy,b3c81270eb52ada00f00715d1fffc8293c605dc6e750ae8cb9724696a5d0505a,holography-on-ionq/Testing flow/Circuits/Data_batch/WH16_2026-03-19/Data_0000_010/140_Data_010_theta_0000_bound_ZXYZ_x_best_010_opt_recovery.qpy,happy_ions/16-qubit-wormhole_cirq.ipynb,WH16-C-C039,53b1f35c6ba0ce91,9,,1000
WH16,wh16_2026_03_19,0000_010,bulk,ZXZX,141,141_Data_010_theta_0000_bound_ZXZX_x_best_010_opt_recovery.qpy,data/executed_circuits/WH16/0000_010/141_Data_010_theta_0000_bound_ZXZX_x_best_010_opt_recovery.qpy,14f2dee62033b2c0ff498c185be03427bf3eb2754c1729cbb9437a80144c9076,holography-on-ionq/Testing flow/Circuits/Data_batch/WH16_2026-03-19/Data_0000_010/141_Data_010_theta_0000_bound_ZXZX_x_best_010_opt_recovery.qpy,happy_ions/16-qubit-wormhole_cirq.ipynb,WH16-C-C039,53b1f35c6ba0ce91,9,,1000
WH16,wh16_2026_03_19,0000_010,bulk,ZXZY,142,142_Data_010_theta_0000_bound_ZXZY_x_best_010_opt_recovery.qpy,data/executed_circuits/WH16/0000_010/142_Data_010_theta_0000_bound_ZXZY_x_best_010_opt_recovery.qpy,8d4be93138fb7f04fb7b41a5191fc7910a9fd8be92af1e541d971d7f24da448a,holography-on-ionq/Testing flow/Circuits/Data_batch/WH16_2026-03-19/Data_0000_010/142_Data_010_theta_0000_bound_ZXZY_x_best_010_opt_recovery.qpy,happy_ions/16-qubit-wormhole_cirq.ipynb,WH16-C-C039,53b1f35c6ba0ce91,9,,1000
WH16,wh16_2026_03_19,0000_010,bulk,ZXZZ,143,143_Data_010_theta_0000_bound_ZXZZ_x_best_010_opt_recovery.qpy,data/executed_circuits/WH16/0000_010/143_Data_010_theta_0000_bound_ZXZZ_x_best_010_opt_recovery.qpy,bc4948fab9aeec6057f93898efacdce46b41cff9e87a7d66ec4b3b4cf059b1e0,holography-on-ionq/Testing flow/Circuits/Data_batch/WH16_2026-03-19/Data_0000_010/143_Data_010_theta_0000_bound_ZXZZ_x_best_010_opt_recovery.qpy,happy_ions/16-qubit-wormhole_cirq.ipynb,WH16-C-C039,53b1f35c6ba0ce91,9,,1000
WH16,wh16_2026_03_19,0000_010,bulk,ZYXX,144,144_Data_010_theta_0000_bound_ZYXX_x_best_010_opt_recovery.qpy,data/executed_circuits/WH16/0000_010/144_Data_010_theta_0000_bound_ZYXX_x_best_010_opt_recovery.qpy,f286e91f5b2b40eb8aea25f6fa864ad90623b97239142971dad7866559ebae22,holography-on-ionq/Testing flow/Circuits/Data_batch/WH16_2026-03-19/Data_0000_010/144_Data_010_theta_0000_bound_ZYXX_x_best_010_opt_recovery.qpy,happy_ions/16-qubit-wormhole_cirq.ipynb,WH16-C-C039,53b1f35c6ba0ce91,9,,1000
WH16,wh16_2026_03_19,0000_010,bulk,ZYXY,145,145_Data_010_theta_0000_bound_ZYXY_x_best_010_opt_recovery.qpy,data/executed_circuits/WH16/0000_010/145_Data_010_theta_0000_bound_ZYXY_x_best_010_opt_recovery.qpy,e74a561029a071ef9d8a4733874551c05b8c3eb7a454af8e7a65daad5c733ea1,holography-on-ionq/Testing flow/Circuits/Data_batch/WH16_2026-03-19/Data_0000_010/145_Data_010_theta_0000_bound_ZYXY_x_best_010_opt_recovery.qpy,happy_ions/16-qubit-wormhole_cirq.ipynb,WH16-C-C039,53b1f35c6ba0ce91,9,,1000
WH16,wh16_2026_03_19,0000_010,bulk,ZYXZ,146,146_Data_010_theta_0000_bound_ZYXZ_x_best_010_opt_recovery.qpy,data/executed_circuits/WH16/0000_010/146_Data_010_theta_0000_bound_ZYXZ_x_best_010_opt_recovery.qpy,df292c0cc4fad13ea514c3b5865a38c880366d3974b28ce312845527bc4277ab,holography-on-ionq/Testing flow/Circuits/Data_batch/WH16_2026-03-19/Data_0000_010/146_Data_010_theta_0000_bound_ZYXZ_x_best_010_opt_recovery.qpy,happy_ions/16-qubit-wormhole_cirq.ipynb,WH16-C-C039,53b1f35c6ba0ce91,9,,1000
WH16,wh16_2026_03_19,0000_010,bulk,ZYYX,147,147_Data_010_theta_0000_bound_ZYYX_x_best_010_opt_recovery.qpy,data/executed_circuits/WH16/0000_010/147_Data_010_theta_0000_bound_ZYYX_x_best_010_opt_recovery.qpy,85f82390b08231f8bbfaca857eeb551f7a4d14920ecb7afc974ba4346b31ef50,holography-on-ionq/Testing flow/Circuits/Data_batch/WH16_2026-03-19/Data_0000_010/147_Data_010_theta_0000_bound_ZYYX_x_best_010_opt_recovery.qpy,happy_ions/16-qubit-wormhole_cirq.ipynb,WH16-C-C039,53b1f35c6ba0ce91,9,,1000
WH16,wh16_2026_03_19,0000_010,bulk,ZYYY,148,148_Data_010_theta_0000_bound_ZYYY_x_best_010_opt_recovery.qpy,data/executed_circuits/WH16/0000_010/148_Data_010_theta_0000_bound_ZYYY_x_best_010_opt_recovery.qpy,db9563aab3116de669acd14b92ee3770be5e348fbc9de6a77a0d50f738f913f4,holography-on-ionq/Testing flow/Circuits/Data_batch/WH16_2026-03-19/Data_0000_010/148_Data_010_theta_0000_bound_ZYYY_x_best_010_opt_recovery.qpy,happy_ions/16-qubit-wormhole_cirq.ipynb,WH16-C-C039,53b1f35c6ba0ce91,9,,1000
WH16,wh16_2026_03_19,0000_010,bulk,ZYYZ,149,149_Data_010_theta_0000_bound_ZYYZ_x_best_010_opt_recovery.qpy,data/executed_circuits/WH16/0000_010/149_Data_010_theta_0000_bound_ZYYZ_x_best_010_opt_recovery.qpy,f1a4c96329c30661d85ce6c1cadb63814c6972c49df874cd138a9742c73c4e54,holography-on-ionq/Testing flow/Circuits/Data_batch/WH16_2026-03-19/Data_0000_010/149_Data_010_theta_0000_bound_ZYYZ_x_best_010_opt_recovery.qpy,happy_ions/16-qubit-wormhole_cirq.ipynb,WH16-C-C039,53b1f35c6ba0ce91,9,,1000
WH16,wh16_2026_03_19,0000_010,bulk,ZYZX,150,150_Data_010_theta_0000_bound_ZYZX_x_best_010_opt_recovery.qpy,data/executed_circuits/WH16/0000_010/150_Data_010_theta_0000_bound_ZYZX_x_best_010_opt_recovery.qpy,aac05160428f049413dd91b9d952582599aa3d244b7e28a6358f47c505a701c6,holography-on-ionq/Testing flow/Circuits/Data_batch/WH16_2026-03-19/Data_0000_010/150_Data_010_theta_0000_bound_ZYZX_x_best_010_opt_recovery.qpy,happy_ions/16-qubit-wormhole_cirq.ipynb,WH16-C-C039,53b1f35c6ba0ce91,9,,1000
WH16,wh16_2026_03_19,0000_010,bulk,ZYZY,151,151_Data_010_theta_0000_bound_ZYZY_x_best_010_opt_recovery.qpy,data/executed_circuits/WH16/0000_010/151_Data_010_theta_0000_bound_ZYZY_x_best_010_opt_recovery.qpy,a0f51e64d2d7cb33e3209bbcb64838d02c595235d4f5ab18f60753f7b9eb5a80,holography-on-ionq/Testing flow/Circuits/Data_batch/WH16_2026-03-19/Data_0000_010/151_Data_010_theta_0000_bound_ZYZY_x_best_010_opt_recovery.qpy,happy_ions/16-qubit-wormhole_cirq.ipynb,WH16-C-C039,53b1f35c6ba0ce91,9,,1000
WH16,wh16_2026_03_19,0000_010,bulk,ZYZZ,152,152_Data_010_theta_0000_bound_ZYZZ_x_best_010_opt_recovery.qpy,data/executed_circuits/WH16/0000_010/152_Data_010_theta_0000_bound_ZYZZ_x_best_010_opt_recovery.qpy,4e4115730e2e28193506c1608cdd2121c66ace9542465d64a601a538fdc8569b,holography-on-ionq/Testing flow/Circuits/Data_batch/WH16_2026-03-19/Data_0000_010/152_Data_010_theta_0000_bound_ZYZZ_x_best_010_opt_recovery.qpy,happy_ions/16-qubit-wormhole_cirq.ipynb,WH16-C-C039,53b1f35c6ba0ce91,9,,1000
WH16,wh16_2026_03_19,0000_010,bulk,ZZXX,153,153_Data_010_theta_0000_bound_ZZXX_x_best_010_opt_recovery.qpy,data/executed_circuits/WH16/0000_010/153_Data_010_theta_0000_bound_ZZXX_x_best_010_opt_recovery.qpy,81ea86f7742230691659f202c8462c167f6874449a03c7bcb6780a713bc3a1e9,holography-on-ionq/Testing flow/Circuits/Data_batch/WH16_2026-03-19/Data_0000_010/153_Data_010_theta_0000_bound_ZZXX_x_best_010_opt_recovery.qpy,happy_ions/16-qubit-wormhole_cirq.ipynb,WH16-C-C039,53b1f35c6ba0ce91,9,,1000
WH16,wh16_2026_03_19,0000_010,bulk,ZZXY,154,154_Data_010_theta_0000_bound_ZZXY_x_best_010_opt_recovery.qpy,data/executed_circuits/WH16/0000_010/154_Data_010_theta_0000_bound_ZZXY_x_best_010_opt_recovery.qpy,63c51f7c0e0f4fe9ece0b968dc573d9752318b468c78a5ef3e99a6bcc435fbf5,holography-on-ionq/Testing flow/Circuits/Data_batch/WH16_2026-03-19/Data_0000_010/154_Data_010_theta_0000_bound_ZZXY_x_best_010_opt_recovery.qpy,happy_ions/16-qubit-wormhole_cirq.ipynb,WH16-C-C039,53b1f35c6ba0ce91,9,,1000
WH16,wh16_2026_03_19,0000_010,bulk,ZZXZ,155,155_Data_010_theta_0000_bound_ZZXZ_x_best_010_opt_recovery.qpy,data/executed_circuits/WH16/0000_010/155_Data_010_theta_0000_bound_ZZXZ_x_best_010_opt_recovery.qpy,9849b1d03d9dad403a5d27fb8e76b01a5ad17cc283260a8664ee495900a8e7fb,holography-on-ionq/Testing flow/Circuits/Data_batch/WH16_2026-03-19/Data_0000_010/155_Data_010_theta_0000_bound_ZZXZ_x_best_010_opt_recovery.qpy,happy_ions/16-qubit-wormhole_cirq.ipynb,WH16-C-C039,53b1f35c6ba0ce91,9,,1000
WH16,wh16_2026_03_19,0000_010,bulk,ZZYX,156,156_Data_010_theta_0000_bound_ZZYX_x_best_010_opt_recovery.qpy,data/executed_circuits/WH16/0000_010/156_Data_010_theta_0000_bound_ZZYX_x_best_010_opt_recovery.qpy,d606ccfd38bcba91ca1791908fc5ee0c6fa73ba09393bb751e2e8640d1a07c2d,holography-on-ionq/Testing flow/Circuits/Data_batch/WH16_2026-03-19/Data_0000_010/156_Data_010_theta_0000_bound_ZZYX_x_best_010_opt_recovery.qpy,happy_ions/16-qubit-wormhole_cirq.ipynb,WH16-C-C039,53b1f35c6ba0ce91,9,,1000
WH16,wh16_2026_03_19,0000_010,bulk,ZZYY,157,157_Data_010_theta_0000_bound_ZZYY_x_best_010_opt_recovery.qpy,data/executed_circuits/WH16/0000_010/157_Data_010_theta_0000_bound_ZZYY_x_best_010_opt_recovery.qpy,611ce5fc7b7e707e9ab4a8f31a8191e2cecd9f464100c3977be08a679d2f1079,holography-on-ionq/Testing flow/Circuits/Data_batch/WH16_2026-03-19/Data_0000_010/157_Data_010_theta_0000_bound_ZZYY_x_best_010_opt_recovery.qpy,happy_ions/16-qubit-wormhole_cirq.ipynb,WH16-C-C039,53b1f35c6ba0ce91,9,,1000
WH16,wh16_2026_03_19,0000_010,bulk,ZZYZ,158,158_Data_010_theta_0000_bound_ZZYZ_x_best_010_opt_recovery.qpy,data/executed_circuits/WH16/0000_010/158_Data_010_theta_0000_bound_ZZYZ_x_best_010_opt_recovery.qpy,24b2e5a7fad9466e2bc66fef7430b3abfbb902e247880a53af88756ad2404e35,holography-on-ionq/Testing flow/Circuits/Data_batch/WH16_2026-03-19/Data_0000_010/158_Data_010_theta_0000_bound_ZZYZ_x_best_010_opt_recovery.qpy,happy_ions/16-qubit-wormhole_cirq.ipynb,WH16-C-C039,53b1f35c6ba0ce91,9,,1000
WH16,wh16_2026_03_19,0000_010,bulk,ZZZX,159,159_Data_010_theta_0000_bound_ZZZX_x_best_010_opt_recovery.qpy,data/executed_circuits/WH16/0000_010/159_Data_010_theta_0000_bound_ZZZX_x_best_010_opt_recovery.qpy,8591a5ac73f645959e9b3dd6bb424a1bd89388c11b2c4c41445fb708793d612a,holography-on-ionq/Testing flow/Circuits/Data_batch/WH16_2026-03-19/Data_0000_010/159_Data_010_theta_0000_bound_ZZZX_x_best_010_opt_recovery.qpy,happy_ions/16-qubit-wormhole_cirq.ipynb,WH16-C-C039,53b1f35c6ba0ce91,9,,1000
WH16,wh16_2026_03_19,0000_010,bulk,ZZZY,160,160_Data_010_theta_0000_bound_ZZZY_x_best_010_opt_recovery.qpy,data/executed_circuits/WH16/0000_010/160_Data_010_theta_0000_bound_ZZZY_x_best_010_opt_recovery.qpy,8180c7473d795dced0d5faaf3931065e8482bc4b46bfd16de8516682354cab29,holography-on-ionq/Testing flow/Circuits/Data_batch/WH16_2026-03-19/Data_0000_010/160_Data_010_theta_0000_bound_ZZZY_x_best_010_opt_recovery.qpy,happy_ions/16-qubit-wormhole_cirq.ipynb,WH16-C-C039,53b1f35c6ba0ce91,9,,1000
WH16,wh16_2026_03_19,0000_010,bulk,ZZZZ,161,161_Data_010_theta_0000_bound_ZZZZ_x_best_010_opt_recovery.qpy,data/executed_circuits/WH16/0000_010/161_Data_010_theta_0000_bound_ZZZZ_x_best_010_opt_recovery.qpy,ca272a6efadba26983938103f2df6c3ed4e79bbaf0fa557100ed266ef7deba42,holography-on-ionq/Testing flow/Circuits/Data_batch/WH16_2026-03-19/Data_0000_010/161_Data_010_theta_0000_bound_ZZZZ_x_best_010_opt_recovery.qpy,happy_ions/16-qubit-wormhole_cirq.ipynb,WH16-C-C039,53b1f35c6ba0ce91,9,,1000
WH16,wh16_2026_03_19,0785_000,boundary,XXXX,0,000_Data_000_theta_0785_bound_XXXX_x_best_010_opt_recovery.qpy,data/executed_circuits/WH16/0785_000/000_Data_000_theta_0785_bound_XXXX_x_best_010_opt_recovery.qpy,2614797b7cf654803936e7e7358132697063c929627ab9743e53082d514477e2,holography-on-ionq/Testing flow/Circuits/Data_batch/WH16_2026-03-19/Data_0785_000/000_Data_000_theta_0785_bound_XXXX_x_best_010_opt_recovery.qpy,happy_ions/16-qubit-wormhole_cirq.ipynb,WH16-C-C039,53b1f35c6ba0ce91,9,,1000
WH16,wh16_2026_03_19,0785_000,boundary,XXXY,1,001_Data_000_theta_0785_bound_XXXY_x_best_010_opt_recovery.qpy,data/executed_circuits/WH16/0785_000/001_Data_000_theta_0785_bound_XXXY_x_best_010_opt_recovery.qpy,2ebabd1323f0197b2558571fb2adae47b7be048818886ebd7c4e7455f87b0f6e,holography-on-ionq/Testing flow/Circuits/Data_batch/WH16_2026-03-19/Data_0785_000/001_Data_000_theta_0785_bound_XXXY_x_best_010_opt_recovery.qpy,happy_ions/16-qubit-wormhole_cirq.ipynb,WH16-C-C039,53b1f35c6ba0ce91,9,,1000
WH16,wh16_2026_03_19,0785_000,boundary,XXXZ,2,002_Data_000_theta_0785_bound_XXXZ_x_best_010_opt_recovery.qpy,data/executed_circuits/WH16/0785_000/002_Data_000_theta_0785_bound_XXXZ_x_best_010_opt_recovery.qpy,be6aeafe55b64818130bb8cedec266f9d6218907454f383223897d419201092b,holography-on-ionq/Testing flow/Circuits/Data_batch/WH16_2026-03-19/Data_0785_000/002_Data_000_theta_0785_bound_XXXZ_x_best_010_opt_recovery.qpy,happy_ions/16-qubit-wormhole_cirq.ipynb,WH16-C-C039,53b1f35c6ba0ce91,9,,1000
WH16,wh16_2026_03_19,0785_000,boundary,XXYX,3,003_Data_000_theta_0785_bound_XXYX_x_best_010_opt_recovery.qpy,data/executed_circuits/WH16/0785_000/003_Data_000_theta_0785_bound_XXYX_x_best_010_opt_recovery.qpy,125bd2a5fbc4f34c1a6a1f0cff39a1eb49294fbc09a9ae00d0ad225f619c566e,holography-on-ionq/Testing flow/Circuits/Data_batch/WH16_2026-03-19/Data_0785_000/003_Data_000_theta_0785_bound_XXYX_x_best_010_opt_recovery.qpy,happy_ions/16-qubit-wormhole_cirq.ipynb,WH16-C-C039,53b1f35c6ba0ce91,9,,1000
WH16,wh16_2026_03_19,0785_000,boundary,XXYY,4,004_Data_000_theta_0785_bound_XXYY_x_best_010_opt_recovery.qpy,data/executed_circuits/WH16/0785_000/004_Data_000_theta_0785_bound_XXYY_x_best_010_opt_recovery.qpy,cd15e957e5c0cd2531ff9ff1e92d2b277ed0d7d1a74e941d4a6713656e4953d7,holography-on-ionq/Testing flow/Circuits/Data_batch/WH16_2026-03-19/Data_0785_000/004_Data_000_theta_0785_bound_XXYY_x_best_010_opt_recovery.qpy,happy_ions/16-qubit-wormhole_cirq.ipynb,WH16-C-C039,53b1f35c6ba0ce91,9,,1000
WH16,wh16_2026_03_19,0785_000,boundary,XXYZ,5,005_Data_000_theta_0785_bound_XXYZ_x_best_010_opt_recovery.qpy,data/executed_circuits/WH16/0785_000/005_Data_000_theta_0785_bound_XXYZ_x_best_010_opt_recovery.qpy,599fb934d88c792eb86b78f19f1fd2cfb989c6491931ac7c368c5c76611060c7,holography-on-ionq/Testing flow/Circuits/Data_batch/WH16_2026-03-19/Data_0785_000/005_Data_000_theta_0785_bound_XXYZ_x_best_010_opt_recovery.qpy,happy_ions/16-qubit-wormhole_cirq.ipynb,WH16-C-C039,53b1f35c6ba0ce91,9,,1000
WH16,wh16_2026_03_19,0785_000,boundary,XXZX,6,006_Data_000_theta_0785_bound_XXZX_x_best_010_opt_recovery.qpy,data/executed_circuits/WH16/0785_000/006_Data_000_theta_0785_bound_XXZX_x_best_010_opt_recovery.qpy,266ac5e1b3d1fc4cbabe28b53caf3fc702492f9bc775afc4870873544728dba4,holography-on-ionq/Testing flow/Circuits/Data_batch/WH16_2026-03-19/Data_0785_000/006_Data_000_theta_0785_bound_XXZX_x_best_010_opt_recovery.qpy,happy_ions/16-qubit-wormhole_cirq.ipynb,WH16-C-C039,53b1f35c6ba0ce91,9,,1000
WH16,wh16_2026_03_19,0785_000,boundary,XXZY,7,007_Data_000_theta_0785_bound_XXZY_x_best_010_opt_recovery.qpy,data/executed_circuits/WH16/0785_000/007_Data_000_theta_0785_bound_XXZY_x_best_010_opt_recovery.qpy,201e68eb91f748b7de894045351860950c5a1b1a1100c9d1328aa1d10167596a,holography-on-ionq/Testing flow/Circuits/Data_batch/WH16_2026-03-19/Data_0785_000/007_Data_000_theta_0785_bound_XXZY_x_best_010_opt_recovery.qpy,happy_ions/16-qubit-wormhole_cirq.ipynb,WH16-C-C039,53b1f35c6ba0ce91,9,,1000
WH16,wh16_2026_03_19,0785_000,boundary,XXZZ,8,008_Data_000_theta_0785_bound_XXZZ_x_best_010_opt_recovery.qpy,data/executed_circuits/WH16/0785_000/008_Data_000_theta_0785_bound_XXZZ_x_best_010_opt_recovery.qpy,e4cbfe2061d16367e3e0b88632b6f3a04e7583d1d0ab48dce3f22ced280135a1,holography-on-ionq/Testing flow/Circuits/Data_batch/WH16_2026-03-19/Data_0785_000/008_Data_000_theta_0785_bound_XXZZ_x_best_010_opt_recovery.qpy,happy_ions/16-qubit-wormhole_cirq.ipynb,WH16-C-C039,53b1f35c6ba0ce91,9,,1000
WH16,wh16_2026_03_19,0785_000,boundary,XYXX,9,009_Data_000_theta_0785_bound_XYXX_x_best_010_opt_recovery.qpy,data/executed_circuits/WH16/0785_000/009_Data_000_theta_0785_bound_XYXX_x_best_010_opt_recovery.qpy,0f2bd938145dc253ead343ccfbd77b241eed210d57bbccd6eb53b1e878be243b,holography-on-ionq/Testing flow/Circuits/Data_batch/WH16_2026-03-19/Data_0785_000/009_Data_000_theta_0785_bound_XYXX_x_best_010_opt_recovery.qpy,happy_ions/16-qubit-wormhole_cirq.ipynb,WH16-C-C039,53b1f35c6ba0ce91,9,,1000
WH16,wh16_2026_03_19,0785_000,boundary,XYXY,10,010_Data_000_theta_0785_bound_XYXY_x_best_010_opt_recovery.qpy,data/executed_circuits/WH16/0785_000/010_Data_000_theta_0785_bound_XYXY_x_best_010_opt_recovery.qpy,0addd1d38ef9b89557c7523169faad69ed3b8fdfebbf0fd54e2b0242d05256a6,holography-on-ionq/Testing flow/Circuits/Data_batch/WH16_2026-03-19/Data_0785_000/010_Data_000_theta_0785_bound_XYXY_x_best_010_opt_recovery.qpy,happy_ions/16-qubit-wormhole_cirq.ipynb,WH16-C-C039,53b1f35c6ba0ce91,9,,1000
WH16,wh16_2026_03_19,0785_000,boundary,XYXZ,11,011_Data_000_theta_0785_bound_XYXZ_x_best_010_opt_recovery.qpy,data/executed_circuits/WH16/0785_000/011_Data_000_theta_0785_bound_XYXZ_x_best_010_opt_recovery.qpy,fdd67cada39cbdb1c007a54cf54936f92f973fc96ffe0ce843cec4ceb5ea7b8c,holography-on-ionq/Testing flow/Circuits/Data_batch/WH16_2026-03-19/Data_0785_000/011_Data_000_theta_0785_bound_XYXZ_x_best_010_opt_recovery.qpy,happy_ions/16-qubit-wormhole_cirq.ipynb,WH16-C-C039,53b1f35c6ba0ce91,9,,1000
WH16,wh16_2026_03_19,0785_000,boundary,XYYX,12,012_Data_000_theta_0785_bound_XYYX_x_best_010_opt_recovery.qpy,data/executed_circuits/WH16/0785_000/012_Data_000_theta_0785_bound_XYYX_x_best_010_opt_recovery.qpy,67989edee1d978aa2b9460afebcfcfab04fb3e89de35aa78ed591746c061812b,holography-on-ionq/Testing flow/Circuits/Data_batch/WH16_2026-03-19/Data_0785_000/012_Data_000_theta_0785_bound_XYYX_x_best_010_opt_recovery.qpy,happy_ions/16-qubit-wormhole_cirq.ipynb,WH16-C-C039,53b1f35c6ba0ce91,9,,1000
WH16,wh16_2026_03_19,0785_000,boundary,XYYY,13,013_Data_000_theta_0785_bound_XYYY_x_best_010_opt_recovery.qpy,data/executed_circuits/WH16/0785_000/013_Data_000_theta_0785_bound_XYYY_x_best_010_opt_recovery.qpy,447ac795fa1a4f03f9405a8a673eca7acf980d637bbb403347ad54f7ce4483be,holography-on-ionq/Testing flow/Circuits/Data_batch/WH16_2026-03-19/Data_0785_000/013_Data_000_theta_0785_bound_XYYY_x_best_010_opt_recovery.qpy,happy_ions/16-qubit-wormhole_cirq.ipynb,WH16-C-C039,53b1f35c6ba0ce91,9,,1000
WH16,wh16_2026_03_19,0785_000,boundary,XYYZ,14,014_Data_000_theta_0785_bound_XYYZ_x_best_010_opt_recovery.qpy,data/executed_circuits/WH16/0785_000/014_Data_000_theta_0785_bound_XYYZ_x_best_010_opt_recovery.qpy,4be850bedefc0bef6bdc015494d0e1bcd5a74f98d4c0b2407d355dfcf92baa3a,holography-on-ionq/Testing flow/Circuits/Data_batch/WH16_2026-03-19/Data_0785_000/014_Data_000_theta_0785_bound_XYYZ_x_best_010_opt_recovery.qpy,happy_ions/16-qubit-wormhole_cirq.ipynb,WH16-C-C039,53b1f35c6ba0ce91,9,,1000
WH16,wh16_2026_03_19,0785_000,boundary,XYZX,15,015_Data_000_theta_0785_bound_XYZX_x_best_010_opt_recovery.qpy,data/executed_circuits/WH16/0785_000/015_Data_000_theta_0785_bound_XYZX_x_best_010_opt_recovery.qpy,87056d95a954a7b9d540678e95724820cabee94f8b94bbd918e4cfa2a5bca85d,holography-on-ionq/Testing flow/Circuits/Data_batch/WH16_2026-03-19/Data_0785_000/015_Data_000_theta_0785_bound_XYZX_x_best_010_opt_recovery.qpy,happy_ions/16-qubit-wormhole_cirq.ipynb,WH16-C-C039,53b1f35c6ba0ce91,9,,1000
WH16,wh16_2026_03_19,0785_000,boundary,XYZY,16,016_Data_000_theta_0785_bound_XYZY_x_best_010_opt_recovery.qpy,data/executed_circuits/WH16/0785_000/016_Data_000_theta_0785_bound_XYZY_x_best_010_opt_recovery.qpy,de540529cb6dadb2a2f2cf8a0f3aa3148601abe90080182f79543c78f63b977f,holography-on-ionq/Testing flow/Circuits/Data_batch/WH16_2026-03-19/Data_0785_000/016_Data_000_theta_0785_bound_XYZY_x_best_010_opt_recovery.qpy,happy_ions/16-qubit-wormhole_cirq.ipynb,WH16-C-C039,53b1f35c6ba0ce91,9,,1000
WH16,wh16_2026_03_19,0785_000,boundary,XYZZ,17,017_Data_000_theta_0785_bound_XYZZ_x_best_010_opt_recovery.qpy,data/executed_circuits/WH16/0785_000/017_Data_000_theta_0785_bound_XYZZ_x_best_010_opt_recovery.qpy,ac57e055f6ab7292c3c96d379cf66e928bb2693f638cd91aa9fd1088bfe3ced3,holography-on-ionq/Testing flow/Circuits/Data_batch/WH16_2026-03-19/Data_0785_000/017_Data_000_theta_0785_bound_XYZZ_x_best_010_opt_recovery.qpy,happy_ions/16-qubit-wormhole_cirq.ipynb,WH16-C-C039,53b1f35c6ba0ce91,9,,1000
WH16,wh16_2026_03_19,0785_000,boundary,XZXX,18,018_Data_000_theta_0785_bound_XZXX_x_best_010_opt_recovery.qpy,data/executed_circuits/WH16/0785_000/018_Data_000_theta_0785_bound_XZXX_x_best_010_opt_recovery.qpy,cd3dd41a88b570b108e5b78ed6f4a10227a1f99d1fb15741de38b057113a8ba8,holography-on-ionq/Testing flow/Circuits/Data_batch/WH16_2026-03-19/Data_0785_000/018_Data_000_theta_0785_bound_XZXX_x_best_010_opt_recovery.qpy,happy_ions/16-qubit-wormhole_cirq.ipynb,WH16-C-C039,53b1f35c6ba0ce91,9,,1000
WH16,wh16_2026_03_19,0785_000,boundary,XZXY,19,019_Data_000_theta_0785_bound_XZXY_x_best_010_opt_recovery.qpy,data/executed_circuits/WH16/0785_000/019_Data_000_theta_0785_bound_XZXY_x_best_010_opt_recovery.qpy,6779b8232c591e6b27c7f7d91117551c6e3c615269800fb50a9e4829ea7a2840,holography-on-ionq/Testing flow/Circuits/Data_batch/WH16_2026-03-19/Data_0785_000/019_Data_000_theta_0785_bound_XZXY_x_best_010_opt_recovery.qpy,happy_ions/16-qubit-wormhole_cirq.ipynb,WH16-C-C039,53b1f35c6ba0ce91,9,,1000
WH16,wh16_2026_03_19,0785_000,boundary,XZXZ,20,020_Data_000_theta_0785_bound_XZXZ_x_best_010_opt_recovery.qpy,data/executed_circuits/WH16/0785_000/020_Data_000_theta_0785_bound_XZXZ_x_best_010_opt_recovery.qpy,1d0b86f66a1663400cc129a67f49d7dda253766d245b58da0d062229ac8c9b29,holography-on-ionq/Testing flow/Circuits/Data_batch/WH16_2026-03-19/Data_0785_000/020_Data_000_theta_0785_bound_XZXZ_x_best_010_opt_recovery.qpy,happy_ions/16-qubit-wormhole_cirq.ipynb,WH16-C-C039,53b1f35c6ba0ce91,9,,1000
WH16,wh16_2026_03_19,0785_000,boundary,XZYX,21,021_Data_000_theta_0785_bound_XZYX_x_best_010_opt_recovery.qpy,data/executed_circuits/WH16/0785_000/021_Data_000_theta_0785_bound_XZYX_x_best_010_opt_recovery.qpy,ff86dcf166a4e943c3e788b8d1610d992ea65d5daf5904fb5beed3bc5137c5f3,holography-on-ionq/Testing flow/Circuits/Data_batch/WH16_2026-03-19/Data_0785_000/021_Data_000_theta_0785_bound_XZYX_x_best_010_opt_recovery.qpy,happy_ions/16-qubit-wormhole_cirq.ipynb,WH16-C-C039,53b1f35c6ba0ce91,9,,1000
WH16,wh16_2026_03_19,0785_000,boundary,XZYY,22,022_Data_000_theta_0785_bound_XZYY_x_best_010_opt_recovery.qpy,data/executed_circuits/WH16/0785_000/022_Data_000_theta_0785_bound_XZYY_x_best_010_opt_recovery.qpy,300309634ddf015ae8209d737ddfd4b5801d773a6f97930fe9f4210a008c2915,holography-on-ionq/Testing flow/Circuits/Data_batch/WH16_2026-03-19/Data_0785_000/022_Data_000_theta_0785_bound_XZYY_x_best_010_opt_recovery.qpy,happy_ions/16-qubit-wormhole_cirq.ipynb,WH16-C-C039,53b1f35c6ba0ce91,9,,1000
WH16,wh16_2026_03_19,0785_000,boundary,XZYZ,23,023_Data_000_theta_0785_bound_XZYZ_x_best_010_opt_recovery.qpy,data/executed_circuits/WH16/0785_000/023_Data_000_theta_0785_bound_XZYZ_x_best_010_opt_recovery.qpy,f6fb26ca5f958476075e7c510af6848161a19eaafa0e34763b56b52950f48729,holography-on-ionq/Testing flow/Circuits/Data_batch/WH16_2026-03-19/Data_0785_000/023_Data_000_theta_0785_bound_XZYZ_x_best_010_opt_recovery.qpy,happy_ions/16-qubit-wormhole_cirq.ipynb,WH16-C-C039,53b1f35c6ba0ce91,9,,1000
WH16,wh16_2026_03_19,0785_000,boundary,XZZX,24,024_Data_000_theta_0785_bound_XZZX_x_best_010_opt_recovery.qpy,data/executed_circuits/WH16/0785_000/024_Data_000_theta_0785_bound_XZZX_x_best_010_opt_recovery.qpy,67f748c2eda2a5a2fe7f57a7ee6589eb49b083473cb7e49d53de78a41db323d1,holography-on-ionq/Testing flow/Circuits/Data_batch/WH16_2026-03-19/Data_0785_000/024_Data_000_theta_0785_bound_XZZX_x_best_010_opt_recovery.qpy,happy_ions/16-qubit-wormhole_cirq.ipynb,WH16-C-C039,53b1f35c6ba0ce91,9,,1000
WH16,wh16_2026_03_19,0785_000,boundary,XZZY,25,025_Data_000_theta_0785_bound_XZZY_x_best_010_opt_recovery.qpy,data/executed_circuits/WH16/0785_000/025_Data_000_theta_0785_bound_XZZY_x_best_010_opt_recovery.qpy,1d0eda4346a0ef8b9952b5ddde29585af36d36d058948dbcb33b2b814452bf62,holography-on-ionq/Testing flow/Circuits/Data_batch/WH16_2026-03-19/Data_0785_000/025_Data_000_theta_0785_bound_XZZY_x_best_010_opt_recovery.qpy,happy_ions/16-qubit-wormhole_cirq.ipynb,WH16-C-C039,53b1f35c6ba0ce91,9,,1000
WH16,wh16_2026_03_19,0785_000,boundary,XZZZ,26,026_Data_000_theta_0785_bound_XZZZ_x_best_010_opt_recovery.qpy,data/executed_circuits/WH16/0785_000/026_Data_000_theta_0785_bound_XZZZ_x_best_010_opt_recovery.qpy,45e849876e07a5bcd4455967ba9889fa401e748a819299cb8280bdf699c07188,holography-on-ionq/Testing flow/Circuits/Data_batch/WH16_2026-03-19/Data_0785_000/026_Data_000_theta_0785_bound_XZZZ_x_best_010_opt_recovery.qpy,happy_ions/16-qubit-wormhole_cirq.ipynb,WH16-C-C039,53b1f35c6ba0ce91,9,,1000
WH16,wh16_2026_03_19,0785_000,boundary,YXXX,27,027_Data_000_theta_0785_bound_YXXX_x_best_010_opt_recovery.qpy,data/executed_circuits/WH16/0785_000/027_Data_000_theta_0785_bound_YXXX_x_best_010_opt_recovery.qpy,fcc99d67c6ad078acd10b05ef7e2d0bfd4d481323d3cd5d10f2893e84a91d430,holography-on-ionq/Testing flow/Circuits/Data_batch/WH16_2026-03-19/Data_0785_000/027_Data_000_theta_0785_bound_YXXX_x_best_010_opt_recovery.qpy,happy_ions/16-qubit-wormhole_cirq.ipynb,WH16-C-C039,53b1f35c6ba0ce91,9,,1000
WH16,wh16_2026_03_19,0785_000,boundary,YXXY,28,028_Data_000_theta_0785_bound_YXXY_x_best_010_opt_recovery.qpy,data/executed_circuits/WH16/0785_000/028_Data_000_theta_0785_bound_YXXY_x_best_010_opt_recovery.qpy,d29779f6c810b3db1fcd9a05f6acb6411ef0034dbd0551acfbad492b9f5f60d6,holography-on-ionq/Testing flow/Circuits/Data_batch/WH16_2026-03-19/Data_0785_000/028_Data_000_theta_0785_bound_YXXY_x_best_010_opt_recovery.qpy,happy_ions/16-qubit-wormhole_cirq.ipynb,WH16-C-C039,53b1f35c6ba0ce91,9,,1000
WH16,wh16_2026_03_19,0785_000,boundary,YXXZ,29,029_Data_000_theta_0785_bound_YXXZ_x_best_010_opt_recovery.qpy,data/executed_circuits/WH16/0785_000/029_Data_000_theta_0785_bound_YXXZ_x_best_010_opt_recovery.qpy,f1f54eaebe25c918ec797c6c30c7416b28ed192625c44a02c4cb91bf3cf1ce21,holography-on-ionq/Testing flow/Circuits/Data_batch/WH16_2026-03-19/Data_0785_000/029_Data_000_theta_0785_bound_YXXZ_x_best_010_opt_recovery.qpy,happy_ions/16-qubit-wormhole_cirq.ipynb,WH16-C-C039,53b1f35c6ba0ce91,9,,1000
WH16,wh16_2026_03_19,0785_000,boundary,YXYX,30,030_Data_000_theta_0785_bound_YXYX_x_best_010_opt_recovery.qpy,data/executed_circuits/WH16/0785_000/030_Data_000_theta_0785_bound_YXYX_x_best_010_opt_recovery.qpy,05a4b0a764a896084c9196f1e7c08bcf09a3b3e2ce8f289601df15b1174189c5,holography-on-ionq/Testing flow/Circuits/Data_batch/WH16_2026-03-19/Data_0785_000/030_Data_000_theta_0785_bound_YXYX_x_best_010_opt_recovery.qpy,happy_ions/16-qubit-wormhole_cirq.ipynb,WH16-C-C039,53b1f35c6ba0ce91,9,,1000
WH16,wh16_2026_03_19,0785_000,boundary,YXYY,31,031_Data_000_theta_0785_bound_YXYY_x_best_010_opt_recovery.qpy,data/executed_circuits/WH16/0785_000/031_Data_000_theta_0785_bound_YXYY_x_best_010_opt_recovery.qpy,30ea1b9e84ac47da1df5d914e53538823c6d34cc9db1f832c0cf70e833a9bb95,holography-on-ionq/Testing flow/Circuits/Data_batch/WH16_2026-03-19/Data_0785_000/031_Data_000_theta_0785_bound_YXYY_x_best_010_opt_recovery.qpy,happy_ions/16-qubit-wormhole_cirq.ipynb,WH16-C-C039,53b1f35c6ba0ce91,9,,1000
WH16,wh16_2026_03_19,0785_000,boundary,YXYZ,32,032_Data_000_theta_0785_bound_YXYZ_x_best_010_opt_recovery.qpy,data/executed_circuits/WH16/0785_000/032_Data_000_theta_0785_bound_YXYZ_x_best_010_opt_recovery.qpy,4674116ec40dc7d1e194e5a27e3aa836ed1741f5657157f0d068ef666690f1be,holography-on-ionq/Testing flow/Circuits/Data_batch/WH16_2026-03-19/Data_0785_000/032_Data_000_theta_0785_bound_YXYZ_x_best_010_opt_recovery.qpy,happy_ions/16-qubit-wormhole_cirq.ipynb,WH16-C-C039,53b1f35c6ba0ce91,9,,1000
WH16,wh16_2026_03_19,0785_000,boundary,YXZX,33,033_Data_000_theta_0785_bound_YXZX_x_best_010_opt_recovery.qpy,data/executed_circuits/WH16/0785_000/033_Data_000_theta_0785_bound_YXZX_x_best_010_opt_recovery.qpy,bf20adea6a4759bab07e15dd5422bcb7060781c6b754e6041cd140f224d1d623,holography-on-ionq/Testing flow/Circuits/Data_batch/WH16_2026-03-19/Data_0785_000/033_Data_000_theta_0785_bound_YXZX_x_best_010_opt_recovery.qpy,happy_ions/16-qubit-wormhole_cirq.ipynb,WH16-C-C039,53b1f35c6ba0ce91,9,,1000
WH16,wh16_2026_03_19,0785_000,boundary,YXZY,34,034_Data_000_theta_0785_bound_YXZY_x_best_010_opt_recovery.qpy,data/executed_circuits/WH16/0785_000/034_Data_000_theta_0785_bound_YXZY_x_best_010_opt_recovery.qpy,b84c0adb7231280de213e33161f128fc262d87fa13b7b21073bf3531fd29e67c,holography-on-ionq/Testing flow/Circuits/Data_batch/WH16_2026-03-19/Data_0785_000/034_Data_000_theta_0785_bound_YXZY_x_best_010_opt_recovery.qpy,happy_ions/16-qubit-wormhole_cirq.ipynb,WH16-C-C039,53b1f35c6ba0ce91,9,,1000
WH16,wh16_2026_03_19,0785_000,boundary,YXZZ,35,035_Data_000_theta_0785_bound_YXZZ_x_best_010_opt_recovery.qpy,data/executed_circuits/WH16/0785_000/035_Data_000_theta_0785_bound_YXZZ_x_best_010_opt_recovery.qpy,a840525222d158ecbca4c2f72fbcbde9abca1bf93eed9949bbca38797c829678,holography-on-ionq/Testing flow/Circuits/Data_batch/WH16_2026-03-19/Data_0785_000/035_Data_000_theta_0785_bound_YXZZ_x_best_010_opt_recovery.qpy,happy_ions/16-qubit-wormhole_cirq.ipynb,WH16-C-C039,53b1f35c6ba0ce91,9,,1000
WH16,wh16_2026_03_19,0785_000,boundary,YYXX,36,036_Data_000_theta_0785_bound_YYXX_x_best_010_opt_recovery.qpy,data/executed_circuits/WH16/0785_000/036_Data_000_theta_0785_bound_YYXX_x_best_010_opt_recovery.qpy,99c9f6552e085452e5311d8fa6897ac57c8fca745fe2b25a91edee6bfc12ad88,holography-on-ionq/Testing flow/Circuits/Data_batch/WH16_2026-03-19/Data_0785_000/036_Data_000_theta_0785_bound_YYXX_x_best_010_opt_recovery.qpy,happy_ions/16-qubit-wormhole_cirq.ipynb,WH16-C-C039,53b1f35c6ba0ce91,9,,1000
WH16,wh16_2026_03_19,0785_000,boundary,YYXY,37,037_Data_000_theta_0785_bound_YYXY_x_best_010_opt_recovery.qpy,data/executed_circuits/WH16/0785_000/037_Data_000_theta_0785_bound_YYXY_x_best_010_opt_recovery.qpy,24d3a6a5feb57d81d9693ed9ad914b8bda06d3a65aabce12a9db1df9bd1cf137,holography-on-ionq/Testing flow/Circuits/Data_batch/WH16_2026-03-19/Data_0785_000/037_Data_000_theta_0785_bound_YYXY_x_best_010_opt_recovery.qpy,happy_ions/16-qubit-wormhole_cirq.ipynb,WH16-C-C039,53b1f35c6ba0ce91,9,,1000
WH16,wh16_2026_03_19,0785_000,boundary,YYXZ,38,038_Data_000_theta_0785_bound_YYXZ_x_best_010_opt_recovery.qpy,data/executed_circuits/WH16/0785_000/038_Data_000_theta_0785_bound_YYXZ_x_best_010_opt_recovery.qpy,9c74b01790e008c6ebb26a30a58d37a43bf54c6ab9fff9198809b2e6f24ec124,holography-on-ionq/Testing flow/Circuits/Data_batch/WH16_2026-03-19/Data_0785_000/038_Data_000_theta_0785_bound_YYXZ_x_best_010_opt_recovery.qpy,happy_ions/16-qubit-wormhole_cirq.ipynb,WH16-C-C039,53b1f35c6ba0ce91,9,,1000
WH16,wh16_2026_03_19,0785_000,boundary,YYYX,39,039_Data_000_theta_0785_bound_YYYX_x_best_010_opt_recovery.qpy,data/executed_circuits/WH16/0785_000/039_Data_000_theta_0785_bound_YYYX_x_best_010_opt_recovery.qpy,f484c0f87dc7d6449943d7bda2e62e96b47f2e58688d9f455cc18a3b75087976,holography-on-ionq/Testing flow/Circuits/Data_batch/WH16_2026-03-19/Data_0785_000/039_Data_000_theta_0785_bound_YYYX_x_best_010_opt_recovery.qpy,happy_ions/16-qubit-wormhole_cirq.ipynb,WH16-C-C039,53b1f35c6ba0ce91,9,,1000
WH16,wh16_2026_03_19,0785_000,boundary,YYYY,40,040_Data_000_theta_0785_bound_YYYY_x_best_010_opt_recovery.qpy,data/executed_circuits/WH16/0785_000/040_Data_000_theta_0785_bound_YYYY_x_best_010_opt_recovery.qpy,576661c8479ab1994c230c588d87de989f4e2103e892bdaefa96784273cb643d,holography-on-ionq/Testing flow/Circuits/Data_batch/WH16_2026-03-19/Data_0785_000/040_Data_000_theta_0785_bound_YYYY_x_best_010_opt_recovery.qpy,happy_ions/16-qubit-wormhole_cirq.ipynb,WH16-C-C039,53b1f35c6ba0ce91,9,,1000
WH16,wh16_2026_03_19,0785_000,boundary,YYYZ,41,041_Data_000_theta_0785_bound_YYYZ_x_best_010_opt_recovery.qpy,data/executed_circuits/WH16/0785_000/041_Data_000_theta_0785_bound_YYYZ_x_best_010_opt_recovery.qpy,a629c971ecf02c945b1796990f331e6e1c986eed0b232187f4369b7f4e3bb1ff,holography-on-ionq/Testing flow/Circuits/Data_batch/WH16_2026-03-19/Data_0785_000/041_Data_000_theta_0785_bound_YYYZ_x_best_010_opt_recovery.qpy,happy_ions/16-qubit-wormhole_cirq.ipynb,WH16-C-C039,53b1f35c6ba0ce91,9,,1000
WH16,wh16_2026_03_19,0785_000,boundary,YYZX,42,042_Data_000_theta_0785_bound_YYZX_x_best_010_opt_recovery.qpy,data/executed_circuits/WH16/0785_000/042_Data_000_theta_0785_bound_YYZX_x_best_010_opt_recovery.qpy,3430c73ba22b168dc5fc3657c07633d9c0af6d56c6f8e20e7f3b26979660fdb5,holography-on-ionq/Testing flow/Circuits/Data_batch/WH16_2026-03-19/Data_0785_000/042_Data_000_theta_0785_bound_YYZX_x_best_010_opt_recovery.qpy,happy_ions/16-qubit-wormhole_cirq.ipynb,WH16-C-C039,53b1f35c6ba0ce91,9,,1000
WH16,wh16_2026_03_19,0785_000,boundary,YYZY,43,043_Data_000_theta_0785_bound_YYZY_x_best_010_opt_recovery.qpy,data/executed_circuits/WH16/0785_000/043_Data_000_theta_0785_bound_YYZY_x_best_010_opt_recovery.qpy,6527f4d51b4b7256b31d4eea294c9f93de9bd4e29b4a1fd82a8e9596f194b028,holography-on-ionq/Testing flow/Circuits/Data_batch/WH16_2026-03-19/Data_0785_000/043_Data_000_theta_0785_bound_YYZY_x_best_010_opt_recovery.qpy,happy_ions/16-qubit-wormhole_cirq.ipynb,WH16-C-C039,53b1f35c6ba0ce91,9,,1000
WH16,wh16_2026_03_19,0785_000,boundary,YYZZ,44,044_Data_000_theta_0785_bound_YYZZ_x_best_010_opt_recovery.qpy,data/executed_circuits/WH16/0785_000/044_Data_000_theta_0785_bound_YYZZ_x_best_010_opt_recovery.qpy,cbb91b5fc8c71f4dd2855201f5b7a32cfff3474d0006600f7702d10f6e976edd,holography-on-ionq/Testing flow/Circuits/Data_batch/WH16_2026-03-19/Data_0785_000/044_Data_000_theta_0785_bound_YYZZ_x_best_010_opt_recovery.qpy,happy_ions/16-qubit-wormhole_cirq.ipynb,WH16-C-C039,53b1f35c6ba0ce91,9,,1000
WH16,wh16_2026_03_19,0785_000,boundary,YZXX,45,045_Data_000_theta_0785_bound_YZXX_x_best_010_opt_recovery.qpy,data/executed_circuits/WH16/0785_000/045_Data_000_theta_0785_bound_YZXX_x_best_010_opt_recovery.qpy,47ceb71fac228d442acef4620cf84c11b3b37e86848bade803b84e87d4408748,holography-on-ionq/Testing flow/Circuits/Data_batch/WH16_2026-03-19/Data_0785_000/045_Data_000_theta_0785_bound_YZXX_x_best_010_opt_recovery.qpy,happy_ions/16-qubit-wormhole_cirq.ipynb,WH16-C-C039,53b1f35c6ba0ce91,9,,1000
WH16,wh16_2026_03_19,0785_000,boundary,YZXY,46,046_Data_000_theta_0785_bound_YZXY_x_best_010_opt_recovery.qpy,data/executed_circuits/WH16/0785_000/046_Data_000_theta_0785_bound_YZXY_x_best_010_opt_recovery.qpy,325b86a8a257b3d2b251566a12ec4c4c8e76aaf90b2e2b4092991adb9561dcf7,holography-on-ionq/Testing flow/Circuits/Data_batch/WH16_2026-03-19/Data_0785_000/046_Data_000_theta_0785_bound_YZXY_x_best_010_opt_recovery.qpy,happy_ions/16-qubit-wormhole_cirq.ipynb,WH16-C-C039,53b1f35c6ba0ce91,9,,1000
WH16,wh16_2026_03_19,0785_000,boundary,YZXZ,47,047_Data_000_theta_0785_bound_YZXZ_x_best_010_opt_recovery.qpy,data/executed_circuits/WH16/0785_000/047_Data_000_theta_0785_bound_YZXZ_x_best_010_opt_recovery.qpy,2f6bc83a5e4896d29e0f04663be97a30c8b1342ded248bcfc6e397d9e96d0753,holography-on-ionq/Testing flow/Circuits/Data_batch/WH16_2026-03-19/Data_0785_000/047_Data_000_theta_0785_bound_YZXZ_x_best_010_opt_recovery.qpy,happy_ions/16-qubit-wormhole_cirq.ipynb,WH16-C-C039,53b1f35c6ba0ce91,9,,1000
WH16,wh16_2026_03_19,0785_000,boundary,YZYX,48,048_Data_000_theta_0785_bound_YZYX_x_best_010_opt_recovery.qpy,data/executed_circuits/WH16/0785_000/048_Data_000_theta_0785_bound_YZYX_x_best_010_opt_recovery.qpy,62555721b19429be58abb98be1a13666e51f1e3d68b7221feeed479d75ef0f7a,holography-on-ionq/Testing flow/Circuits/Data_batch/WH16_2026-03-19/Data_0785_000/048_Data_000_theta_0785_bound_YZYX_x_best_010_opt_recovery.qpy,happy_ions/16-qubit-wormhole_cirq.ipynb,WH16-C-C039,53b1f35c6ba0ce91,9,,1000
WH16,wh16_2026_03_19,0785_000,boundary,YZYY,49,049_Data_000_theta_0785_bound_YZYY_x_best_010_opt_recovery.qpy,data/executed_circuits/WH16/0785_000/049_Data_000_theta_0785_bound_YZYY_x_best_010_opt_recovery.qpy,a133940086580c8e8948f3099d5430d5aab0ef73e8f57554aa83aa72d84b0456,holography-on-ionq/Testing flow/Circuits/Data_batch/WH16_2026-03-19/Data_0785_000/049_Data_000_theta_0785_bound_YZYY_x_best_010_opt_recovery.qpy,happy_ions/16-qubit-wormhole_cirq.ipynb,WH16-C-C039,53b1f35c6ba0ce91,9,,1000
WH16,wh16_2026_03_19,0785_000,boundary,YZYZ,50,050_Data_000_theta_0785_bound_YZYZ_x_best_010_opt_recovery.qpy,data/executed_circuits/WH16/0785_000/050_Data_000_theta_0785_bound_YZYZ_x_best_010_opt_recovery.qpy,680efe6ccacbfa39aa4cefafe54832ebd7332d509fc324b749ad6a6d74879710,holography-on-ionq/Testing flow/Circuits/Data_batch/WH16_2026-03-19/Data_0785_000/050_Data_000_theta_0785_bound_YZYZ_x_best_010_opt_recovery.qpy,happy_ions/16-qubit-wormhole_cirq.ipynb,WH16-C-C039,53b1f35c6ba0ce91,9,,1000
WH16,wh16_2026_03_19,0785_000,boundary,YZZX,51,051_Data_000_theta_0785_bound_YZZX_x_best_010_opt_recovery.qpy,data/executed_circuits/WH16/0785_000/051_Data_000_theta_0785_bound_YZZX_x_best_010_opt_recovery.qpy,ed5eceaaee7e1fd19f9f1bff4c528bbbcfc58a946f1af54118c98328f4e37976,holography-on-ionq/Testing flow/Circuits/Data_batch/WH16_2026-03-19/Data_0785_000/051_Data_000_theta_0785_bound_YZZX_x_best_010_opt_recovery.qpy,happy_ions/16-qubit-wormhole_cirq.ipynb,WH16-C-C039,53b1f35c6ba0ce91,9,,1000
WH16,wh16_2026_03_19,0785_000,boundary,YZZY,52,052_Data_000_theta_0785_bound_YZZY_x_best_010_opt_recovery.qpy,data/executed_circuits/WH16/0785_000/052_Data_000_theta_0785_bound_YZZY_x_best_010_opt_recovery.qpy,97df02281d3f27023b2922a03a3bb80e82843ff0ba167787425dda221171f7d8,holography-on-ionq/Testing flow/Circuits/Data_batch/WH16_2026-03-19/Data_0785_000/052_Data_000_theta_0785_bound_YZZY_x_best_010_opt_recovery.qpy,happy_ions/16-qubit-wormhole_cirq.ipynb,WH16-C-C039,53b1f35c6ba0ce91,9,,1000
WH16,wh16_2026_03_19,0785_000,boundary,YZZZ,53,053_Data_000_theta_0785_bound_YZZZ_x_best_010_opt_recovery.qpy,data/executed_circuits/WH16/0785_000/053_Data_000_theta_0785_bound_YZZZ_x_best_010_opt_recovery.qpy,58b4b0a90255fc2cadae6e0d09c3349f9dbf3aa39e7f84abe4ea932237669291,holography-on-ionq/Testing flow/Circuits/Data_batch/WH16_2026-03-19/Data_0785_000/053_Data_000_theta_0785_bound_YZZZ_x_best_010_opt_recovery.qpy,happy_ions/16-qubit-wormhole_cirq.ipynb,WH16-C-C039,53b1f35c6ba0ce91,9,,1000
WH16,wh16_2026_03_19,0785_000,boundary,ZXXX,54,054_Data_000_theta_0785_bound_ZXXX_x_best_010_opt_recovery.qpy,data/executed_circuits/WH16/0785_000/054_Data_000_theta_0785_bound_ZXXX_x_best_010_opt_recovery.qpy,017689a27f78e29f0f55d0340147d572ede7db2d2d5075147a94a8597692a605,holography-on-ionq/Testing flow/Circuits/Data_batch/WH16_2026-03-19/Data_0785_000/054_Data_000_theta_0785_bound_ZXXX_x_best_010_opt_recovery.qpy,happy_ions/16-qubit-wormhole_cirq.ipynb,WH16-C-C039,53b1f35c6ba0ce91,9,,1000
WH16,wh16_2026_03_19,0785_000,boundary,ZXXY,55,055_Data_000_theta_0785_bound_ZXXY_x_best_010_opt_recovery.qpy,data/executed_circuits/WH16/0785_000/055_Data_000_theta_0785_bound_ZXXY_x_best_010_opt_recovery.qpy,a6da25899aac9f604c2d1f9b3e058b82be63603afac94bd1c55e873662705ace,holography-on-ionq/Testing flow/Circuits/Data_batch/WH16_2026-03-19/Data_0785_000/055_Data_000_theta_0785_bound_ZXXY_x_best_010_opt_recovery.qpy,happy_ions/16-qubit-wormhole_cirq.ipynb,WH16-C-C039,53b1f35c6ba0ce91,9,,1000
WH16,wh16_2026_03_19,0785_000,boundary,ZXXZ,56,056_Data_000_theta_0785_bound_ZXXZ_x_best_010_opt_recovery.qpy,data/executed_circuits/WH16/0785_000/056_Data_000_theta_0785_bound_ZXXZ_x_best_010_opt_recovery.qpy,a2948f43b33663a2f32d9fc226c21654f3dcf67307fe264b5ddc288686080ff7,holography-on-ionq/Testing flow/Circuits/Data_batch/WH16_2026-03-19/Data_0785_000/056_Data_000_theta_0785_bound_ZXXZ_x_best_010_opt_recovery.qpy,happy_ions/16-qubit-wormhole_cirq.ipynb,WH16-C-C039,53b1f35c6ba0ce91,9,,1000
WH16,wh16_2026_03_19,0785_000,boundary,ZXYX,57,057_Data_000_theta_0785_bound_ZXYX_x_best_010_opt_recovery.qpy,data/executed_circuits/WH16/0785_000/057_Data_000_theta_0785_bound_ZXYX_x_best_010_opt_recovery.qpy,4c7dc2a10d9fcdf4a7e88f62348261b7496229de4a5e7ffbbce36f9d2dde2bbc,holography-on-ionq/Testing flow/Circuits/Data_batch/WH16_2026-03-19/Data_0785_000/057_Data_000_theta_0785_bound_ZXYX_x_best_010_opt_recovery.qpy,happy_ions/16-qubit-wormhole_cirq.ipynb,WH16-C-C039,53b1f35c6ba0ce91,9,,1000
WH16,wh16_2026_03_19,0785_000,boundary,ZXYY,58,058_Data_000_theta_0785_bound_ZXYY_x_best_010_opt_recovery.qpy,data/executed_circuits/WH16/0785_000/058_Data_000_theta_0785_bound_ZXYY_x_best_010_opt_recovery.qpy,86aea5f09027b1e9da7c1fc6093b081cc10d8092411e85ecfb0906021d674fda,holography-on-ionq/Testing flow/Circuits/Data_batch/WH16_2026-03-19/Data_0785_000/058_Data_000_theta_0785_bound_ZXYY_x_best_010_opt_recovery.qpy,happy_ions/16-qubit-wormhole_cirq.ipynb,WH16-C-C039,53b1f35c6ba0ce91,9,,1000
WH16,wh16_2026_03_19,0785_000,boundary,ZXYZ,59,059_Data_000_theta_0785_bound_ZXYZ_x_best_010_opt_recovery.qpy,data/executed_circuits/WH16/0785_000/059_Data_000_theta_0785_bound_ZXYZ_x_best_010_opt_recovery.qpy,658c54bcdfc2fa8cca685e09d41c197a260b74b88142c2915142be1fa5f6d661,holography-on-ionq/Testing flow/Circuits/Data_batch/WH16_2026-03-19/Data_0785_000/059_Data_000_theta_0785_bound_ZXYZ_x_best_010_opt_recovery.qpy,happy_ions/16-qubit-wormhole_cirq.ipynb,WH16-C-C039,53b1f35c6ba0ce91,9,,1000
WH16,wh16_2026_03_19,0785_000,boundary,ZXZX,60,060_Data_000_theta_0785_bound_ZXZX_x_best_010_opt_recovery.qpy,data/executed_circuits/WH16/0785_000/060_Data_000_theta_0785_bound_ZXZX_x_best_010_opt_recovery.qpy,d243a1eb3363eadcc8b51e0e9d4612919987ca5d2f453ad02967e63445a64e3e,holography-on-ionq/Testing flow/Circuits/Data_batch/WH16_2026-03-19/Data_0785_000/060_Data_000_theta_0785_bound_ZXZX_x_best_010_opt_recovery.qpy,happy_ions/16-qubit-wormhole_cirq.ipynb,WH16-C-C039,53b1f35c6ba0ce91,9,,1000
WH16,wh16_2026_03_19,0785_000,boundary,ZXZY,61,061_Data_000_theta_0785_bound_ZXZY_x_best_010_opt_recovery.qpy,data/executed_circuits/WH16/0785_000/061_Data_000_theta_0785_bound_ZXZY_x_best_010_opt_recovery.qpy,038150de3b2a8ca48b04faa965116e0a555a690edd9e4388ea540db2b1af68a6,holography-on-ionq/Testing flow/Circuits/Data_batch/WH16_2026-03-19/Data_0785_000/061_Data_000_theta_0785_bound_ZXZY_x_best_010_opt_recovery.qpy,happy_ions/16-qubit-wormhole_cirq.ipynb,WH16-C-C039,53b1f35c6ba0ce91,9,,1000
WH16,wh16_2026_03_19,0785_000,boundary,ZXZZ,62,062_Data_000_theta_0785_bound_ZXZZ_x_best_010_opt_recovery.qpy,data/executed_circuits/WH16/0785_000/062_Data_000_theta_0785_bound_ZXZZ_x_best_010_opt_recovery.qpy,82914a16873d68dba5a6f2e8a75926be09c6f70c1b2b131188b5fc5a835b3b20,holography-on-ionq/Testing flow/Circuits/Data_batch/WH16_2026-03-19/Data_0785_000/062_Data_000_theta_0785_bound_ZXZZ_x_best_010_opt_recovery.qpy,happy_ions/16-qubit-wormhole_cirq.ipynb,WH16-C-C039,53b1f35c6ba0ce91,10,,1000
WH16,wh16_2026_03_19,0785_000,boundary,ZYXX,63,063_Data_000_theta_0785_bound_ZYXX_x_best_010_opt_recovery.qpy,data/executed_circuits/WH16/0785_000/063_Data_000_theta_0785_bound_ZYXX_x_best_010_opt_recovery.qpy,6a4b41588e179eef38baae06a97c6cf1fb9939acc3cea6c876ade167ef10447a,holography-on-ionq/Testing flow/Circuits/Data_batch/WH16_2026-03-19/Data_0785_000/063_Data_000_theta_0785_bound_ZYXX_x_best_010_opt_recovery.qpy,happy_ions/16-qubit-wormhole_cirq.ipynb,WH16-C-C039,53b1f35c6ba0ce91,10,,1000
WH16,wh16_2026_03_19,0785_000,boundary,ZYXY,64,064_Data_000_theta_0785_bound_ZYXY_x_best_010_opt_recovery.qpy,data/executed_circuits/WH16/0785_000/064_Data_000_theta_0785_bound_ZYXY_x_best_010_opt_recovery.qpy,bd0afbb313c4c859c1e4a384fe4fcc8ed841596cfe67a344402c682267882fd4,holography-on-ionq/Testing flow/Circuits/Data_batch/WH16_2026-03-19/Data_0785_000/064_Data_000_theta_0785_bound_ZYXY_x_best_010_opt_recovery.qpy,happy_ions/16-qubit-wormhole_cirq.ipynb,WH16-C-C039,53b1f35c6ba0ce91,10,,1000
WH16,wh16_2026_03_19,0785_000,boundary,ZYXZ,65,065_Data_000_theta_0785_bound_ZYXZ_x_best_010_opt_recovery.qpy,data/executed_circuits/WH16/0785_000/065_Data_000_theta_0785_bound_ZYXZ_x_best_010_opt_recovery.qpy,8ab86331bbc482bf21ae3730aa622e7fbce13188c51dcd98b0ba39d693de734a,holography-on-ionq/Testing flow/Circuits/Data_batch/WH16_2026-03-19/Data_0785_000/065_Data_000_theta_0785_bound_ZYXZ_x_best_010_opt_recovery.qpy,happy_ions/16-qubit-wormhole_cirq.ipynb,WH16-C-C039,53b1f35c6ba0ce91,10,,1000
WH16,wh16_2026_03_19,0785_000,boundary,ZYYX,66,066_Data_000_theta_0785_bound_ZYYX_x_best_010_opt_recovery.qpy,data/executed_circuits/WH16/0785_000/066_Data_000_theta_0785_bound_ZYYX_x_best_010_opt_recovery.qpy,80a910703ae7ab2fe39b07c36d9cc91522cbb71e0331d8def0bdb9e6a9cae869,holography-on-ionq/Testing flow/Circuits/Data_batch/WH16_2026-03-19/Data_0785_000/066_Data_000_theta_0785_bound_ZYYX_x_best_010_opt_recovery.qpy,happy_ions/16-qubit-wormhole_cirq.ipynb,WH16-C-C039,53b1f35c6ba0ce91,10,,1000
WH16,wh16_2026_03_19,0785_000,boundary,ZYYY,67,067_Data_000_theta_0785_bound_ZYYY_x_best_010_opt_recovery.qpy,data/executed_circuits/WH16/0785_000/067_Data_000_theta_0785_bound_ZYYY_x_best_010_opt_recovery.qpy,6fe892e987159f2ffdaff8064a0f4528a89bd2d8fe78eaddee44c8c5e834cc18,holography-on-ionq/Testing flow/Circuits/Data_batch/WH16_2026-03-19/Data_0785_000/067_Data_000_theta_0785_bound_ZYYY_x_best_010_opt_recovery.qpy,happy_ions/16-qubit-wormhole_cirq.ipynb,WH16-C-C039,53b1f35c6ba0ce91,10,,1000
WH16,wh16_2026_03_19,0785_000,boundary,ZYYZ,68,068_Data_000_theta_0785_bound_ZYYZ_x_best_010_opt_recovery.qpy,data/executed_circuits/WH16/0785_000/068_Data_000_theta_0785_bound_ZYYZ_x_best_010_opt_recovery.qpy,25426643912278d5764bb9dd0987ed71baa6a78c03687e897e3a36e2b43decd4,holography-on-ionq/Testing flow/Circuits/Data_batch/WH16_2026-03-19/Data_0785_000/068_Data_000_theta_0785_bound_ZYYZ_x_best_010_opt_recovery.qpy,happy_ions/16-qubit-wormhole_cirq.ipynb,WH16-C-C039,53b1f35c6ba0ce91,10,,1000
WH16,wh16_2026_03_19,0785_000,boundary,ZYZX,69,069_Data_000_theta_0785_bound_ZYZX_x_best_010_opt_recovery.qpy,data/executed_circuits/WH16/0785_000/069_Data_000_theta_0785_bound_ZYZX_x_best_010_opt_recovery.qpy,25778121c4c6051ec6479b0d2c486a3e872b1cf187c42a5c2c004c4fa916c994,holography-on-ionq/Testing flow/Circuits/Data_batch/WH16_2026-03-19/Data_0785_000/069_Data_000_theta_0785_bound_ZYZX_x_best_010_opt_recovery.qpy,happy_ions/16-qubit-wormhole_cirq.ipynb,WH16-C-C039,53b1f35c6ba0ce91,10,,1000
WH16,wh16_2026_03_19,0785_000,boundary,ZYZY,70,070_Data_000_theta_0785_bound_ZYZY_x_best_010_opt_recovery.qpy,data/executed_circuits/WH16/0785_000/070_Data_000_theta_0785_bound_ZYZY_x_best_010_opt_recovery.qpy,bca9f5507d0ff48794a3ed2fd3f9e65de47e6c08a3785d8687851452354c8cb0,holography-on-ionq/Testing flow/Circuits/Data_batch/WH16_2026-03-19/Data_0785_000/070_Data_000_theta_0785_bound_ZYZY_x_best_010_opt_recovery.qpy,happy_ions/16-qubit-wormhole_cirq.ipynb,WH16-C-C039,53b1f35c6ba0ce91,10,,1000
WH16,wh16_2026_03_19,0785_000,boundary,ZYZZ,71,071_Data_000_theta_0785_bound_ZYZZ_x_best_010_opt_recovery.qpy,data/executed_circuits/WH16/0785_000/071_Data_000_theta_0785_bound_ZYZZ_x_best_010_opt_recovery.qpy,1b383fed9f6d9c7683b3ceea910e6eb5f574fceffa53c1bbe26c6025a976197f,holography-on-ionq/Testing flow/Circuits/Data_batch/WH16_2026-03-19/Data_0785_000/071_Data_000_theta_0785_bound_ZYZZ_x_best_010_opt_recovery.qpy,happy_ions/16-qubit-wormhole_cirq.ipynb,WH16-C-C039,53b1f35c6ba0ce91,10,,1000
WH16,wh16_2026_03_19,0785_000,boundary,ZZXX,72,072_Data_000_theta_0785_bound_ZZXX_x_best_010_opt_recovery.qpy,data/executed_circuits/WH16/0785_000/072_Data_000_theta_0785_bound_ZZXX_x_best_010_opt_recovery.qpy,c2129a8806e2561dee98b713bb8a52b70bc45fb7fbfe306a3b13c54e336f81cd,holography-on-ionq/Testing flow/Circuits/Data_batch/WH16_2026-03-19/Data_0785_000/072_Data_000_theta_0785_bound_ZZXX_x_best_010_opt_recovery.qpy,happy_ions/16-qubit-wormhole_cirq.ipynb,WH16-C-C039,53b1f35c6ba0ce91,10,,1000
WH16,wh16_2026_03_19,0785_000,boundary,ZZXY,73,073_Data_000_theta_0785_bound_ZZXY_x_best_010_opt_recovery.qpy,data/executed_circuits/WH16/0785_000/073_Data_000_theta_0785_bound_ZZXY_x_best_010_opt_recovery.qpy,f1220145c1e38442a5726eeb7f9fc0e59b93eee9eb30b02c69e4f093e1efa282,holography-on-ionq/Testing flow/Circuits/Data_batch/WH16_2026-03-19/Data_0785_000/073_Data_000_theta_0785_bound_ZZXY_x_best_010_opt_recovery.qpy,happy_ions/16-qubit-wormhole_cirq.ipynb,WH16-C-C039,53b1f35c6ba0ce91,10,,1000
WH16,wh16_2026_03_19,0785_000,boundary,ZZXZ,74,074_Data_000_theta_0785_bound_ZZXZ_x_best_010_opt_recovery.qpy,data/executed_circuits/WH16/0785_000/074_Data_000_theta_0785_bound_ZZXZ_x_best_010_opt_recovery.qpy,154c7ec46d6721932297d2e2df66c753535981bc189d46626e7ecfba35401949,holography-on-ionq/Testing flow/Circuits/Data_batch/WH16_2026-03-19/Data_0785_000/074_Data_000_theta_0785_bound_ZZXZ_x_best_010_opt_recovery.qpy,happy_ions/16-qubit-wormhole_cirq.ipynb,WH16-C-C039,53b1f35c6ba0ce91,10,,1000
WH16,wh16_2026_03_19,0785_000,boundary,ZZYX,75,075_Data_000_theta_0785_bound_ZZYX_x_best_010_opt_recovery.qpy,data/executed_circuits/WH16/0785_000/075_Data_000_theta_0785_bound_ZZYX_x_best_010_opt_recovery.qpy,180682f89c2222afa27f20b2fba3f9adf806444f0400ed9cf17b3debcb5f8b1f,holography-on-ionq/Testing flow/Circuits/Data_batch/WH16_2026-03-19/Data_0785_000/075_Data_000_theta_0785_bound_ZZYX_x_best_010_opt_recovery.qpy,happy_ions/16-qubit-wormhole_cirq.ipynb,WH16-C-C039,53b1f35c6ba0ce91,10,,1000
WH16,wh16_2026_03_19,0785_000,boundary,ZZYY,76,076_Data_000_theta_0785_bound_ZZYY_x_best_010_opt_recovery.qpy,data/executed_circuits/WH16/0785_000/076_Data_000_theta_0785_bound_ZZYY_x_best_010_opt_recovery.qpy,ee3a85b2cfda9e0bb8bacc6069d9770081a9ba29e00ae2ac45582a8650d6e365,holography-on-ionq/Testing flow/Circuits/Data_batch/WH16_2026-03-19/Data_0785_000/076_Data_000_theta_0785_bound_ZZYY_x_best_010_opt_recovery.qpy,happy_ions/16-qubit-wormhole_cirq.ipynb,WH16-C-C039,53b1f35c6ba0ce91,10,,1000
WH16,wh16_2026_03_19,0785_000,boundary,ZZYZ,77,077_Data_000_theta_0785_bound_ZZYZ_x_best_010_opt_recovery.qpy,data/executed_circuits/WH16/0785_000/077_Data_000_theta_0785_bound_ZZYZ_x_best_010_opt_recovery.qpy,611e697748e602d752837a3f6114a840e56372619f3b8ccb4e60987db2af29ff,holography-on-ionq/Testing flow/Circuits/Data_batch/WH16_2026-03-19/Data_0785_000/077_Data_000_theta_0785_bound_ZZYZ_x_best_010_opt_recovery.qpy,happy_ions/16-qubit-wormhole_cirq.ipynb,WH16-C-C039,53b1f35c6ba0ce91,10,,1000
WH16,wh16_2026_03_19,0785_000,boundary,ZZZX,78,078_Data_000_theta_0785_bound_ZZZX_x_best_010_opt_recovery.qpy,data/executed_circuits/WH16/0785_000/078_Data_000_theta_0785_bound_ZZZX_x_best_010_opt_recovery.qpy,84e3ea869d5c863cd12134832a46c034063415134de97a565eacfddba560c11e,holography-on-ionq/Testing flow/Circuits/Data_batch/WH16_2026-03-19/Data_0785_000/078_Data_000_theta_0785_bound_ZZZX_x_best_010_opt_recovery.qpy,happy_ions/16-qubit-wormhole_cirq.ipynb,WH16-C-C039,53b1f35c6ba0ce91,10,,1000
WH16,wh16_2026_03_19,0785_000,boundary,ZZZY,79,079_Data_000_theta_0785_bound_ZZZY_x_best_010_opt_recovery.qpy,data/executed_circuits/WH16/0785_000/079_Data_000_theta_0785_bound_ZZZY_x_best_010_opt_recovery.qpy,80874c3a91a22cba2b31f532411dd6f5d0443cd3b2fd939eb79ca2e698e3c086,holography-on-ionq/Testing flow/Circuits/Data_batch/WH16_2026-03-19/Data_0785_000/079_Data_000_theta_0785_bound_ZZZY_x_best_010_opt_recovery.qpy,happy_ions/16-qubit-wormhole_cirq.ipynb,WH16-C-C039,53b1f35c6ba0ce91,10,,1000
WH16,wh16_2026_03_19,0785_000,boundary,ZZZZ,80,080_Data_000_theta_0785_bound_ZZZZ_x_best_010_opt_recovery.qpy,data/executed_circuits/WH16/0785_000/080_Data_000_theta_0785_bound_ZZZZ_x_best_010_opt_recovery.qpy,7fea8a81b1c73836d5591191f2e52d534ff36ca1bd267fa72f85d67d029fbec0,holography-on-ionq/Testing flow/Circuits/Data_batch/WH16_2026-03-19/Data_0785_000/080_Data_000_theta_0785_bound_ZZZZ_x_best_010_opt_recovery.qpy,happy_ions/16-qubit-wormhole_cirq.ipynb,WH16-C-C039,53b1f35c6ba0ce91,10,,1000
WH16,wh16_2026_03_19,0785_000,bulk,XXXX,81,081_Data_000_theta_0785_bound_XXXX_x_best_010_opt_recovery.qpy,data/executed_circuits/WH16/0785_000/081_Data_000_theta_0785_bound_XXXX_x_best_010_opt_recovery.qpy,4db640e852b3c0532b7b384989de2f3a4a4c97cf182795d68b19627f93bbaf87,holography-on-ionq/Testing flow/Circuits/Data_batch/WH16_2026-03-19/Data_0785_000/081_Data_000_theta_0785_bound_XXXX_x_best_010_opt_recovery.qpy,happy_ions/16-qubit-wormhole_cirq.ipynb,WH16-C-C039,53b1f35c6ba0ce91,10,,1000
WH16,wh16_2026_03_19,0785_000,bulk,XXXY,82,082_Data_000_theta_0785_bound_XXXY_x_best_010_opt_recovery.qpy,data/executed_circuits/WH16/0785_000/082_Data_000_theta_0785_bound_XXXY_x_best_010_opt_recovery.qpy,cbd3aae8f1062c8ff3d346a83a4098156cd2e65027d244193f7f1ad560b9bd9c,holography-on-ionq/Testing flow/Circuits/Data_batch/WH16_2026-03-19/Data_0785_000/082_Data_000_theta_0785_bound_XXXY_x_best_010_opt_recovery.qpy,happy_ions/16-qubit-wormhole_cirq.ipynb,WH16-C-C039,53b1f35c6ba0ce91,10,,1000
WH16,wh16_2026_03_19,0785_000,bulk,XXXZ,83,083_Data_000_theta_0785_bound_XXXZ_x_best_010_opt_recovery.qpy,data/executed_circuits/WH16/0785_000/083_Data_000_theta_0785_bound_XXXZ_x_best_010_opt_recovery.qpy,45c4d3ca6c0a54d4e44548531e6e61151e351720198a1c43a556dcb677d0da65,holography-on-ionq/Testing flow/Circuits/Data_batch/WH16_2026-03-19/Data_0785_000/083_Data_000_theta_0785_bound_XXXZ_x_best_010_opt_recovery.qpy,happy_ions/16-qubit-wormhole_cirq.ipynb,WH16-C-C039,53b1f35c6ba0ce91,10,,1000
WH16,wh16_2026_03_19,0785_000,bulk,XXYX,84,084_Data_000_theta_0785_bound_XXYX_x_best_010_opt_recovery.qpy,data/executed_circuits/WH16/0785_000/084_Data_000_theta_0785_bound_XXYX_x_best_010_opt_recovery.qpy,77dd26fdf1b350b96ec501674047a76511491c335280f1e0f524b1cb6b0c6bb2,holography-on-ionq/Testing flow/Circuits/Data_batch/WH16_2026-03-19/Data_0785_000/084_Data_000_theta_0785_bound_XXYX_x_best_010_opt_recovery.qpy,happy_ions/16-qubit-wormhole_cirq.ipynb,WH16-C-C039,53b1f35c6ba0ce91,10,,1000
WH16,wh16_2026_03_19,0785_000,bulk,XXYY,85,085_Data_000_theta_0785_bound_XXYY_x_best_010_opt_recovery.qpy,data/executed_circuits/WH16/0785_000/085_Data_000_theta_0785_bound_XXYY_x_best_010_opt_recovery.qpy,a930d253711209f224f83139672d5684bd4b4c547b7550e1eb3e7959351107e0,holography-on-ionq/Testing flow/Circuits/Data_batch/WH16_2026-03-19/Data_0785_000/085_Data_000_theta_0785_bound_XXYY_x_best_010_opt_recovery.qpy,happy_ions/16-qubit-wormhole_cirq.ipynb,WH16-C-C039,53b1f35c6ba0ce91,10,,1000
WH16,wh16_2026_03_19,0785_000,bulk,XXYZ,86,086_Data_000_theta_0785_bound_XXYZ_x_best_010_opt_recovery.qpy,data/executed_circuits/WH16/0785_000/086_Data_000_theta_0785_bound_XXYZ_x_best_010_opt_recovery.qpy,28f4f7fc82430fd80b18940c655c5974f67fb46e3d7a905046af6bea20e0603d,holography-on-ionq/Testing flow/Circuits/Data_batch/WH16_2026-03-19/Data_0785_000/086_Data_000_theta_0785_bound_XXYZ_x_best_010_opt_recovery.qpy,happy_ions/16-qubit-wormhole_cirq.ipynb,WH16-C-C039,53b1f35c6ba0ce91,10,,1000
WH16,wh16_2026_03_19,0785_000,bulk,XXZX,87,087_Data_000_theta_0785_bound_XXZX_x_best_010_opt_recovery.qpy,data/executed_circuits/WH16/0785_000/087_Data_000_theta_0785_bound_XXZX_x_best_010_opt_recovery.qpy,212b6e888f1dfc8652b3d4558abd7d7ab38ede666314c117c711dfeed964177c,holography-on-ionq/Testing flow/Circuits/Data_batch/WH16_2026-03-19/Data_0785_000/087_Data_000_theta_0785_bound_XXZX_x_best_010_opt_recovery.qpy,happy_ions/16-qubit-wormhole_cirq.ipynb,WH16-C-C039,53b1f35c6ba0ce91,10,,1000
WH16,wh16_2026_03_19,0785_000,bulk,XXZY,88,088_Data_000_theta_0785_bound_XXZY_x_best_010_opt_recovery.qpy,data/executed_circuits/WH16/0785_000/088_Data_000_theta_0785_bound_XXZY_x_best_010_opt_recovery.qpy,6c3457941c3e52575c28d0e68be404c79a29ae8f62ecae86877589b7c11c2b98,holography-on-ionq/Testing flow/Circuits/Data_batch/WH16_2026-03-19/Data_0785_000/088_Data_000_theta_0785_bound_XXZY_x_best_010_opt_recovery.qpy,happy_ions/16-qubit-wormhole_cirq.ipynb,WH16-C-C039,53b1f35c6ba0ce91,10,,1000
WH16,wh16_2026_03_19,0785_000,bulk,XXZZ,89,089_Data_000_theta_0785_bound_XXZZ_x_best_010_opt_recovery.qpy,data/executed_circuits/WH16/0785_000/089_Data_000_theta_0785_bound_XXZZ_x_best_010_opt_recovery.qpy,29cefe15e84efe7c313562816e2f1115add09cbf5161e46a68d56bd0cdecc480,holography-on-ionq/Testing flow/Circuits/Data_batch/WH16_2026-03-19/Data_0785_000/089_Data_000_theta_0785_bound_XXZZ_x_best_010_opt_recovery.qpy,happy_ions/16-qubit-wormhole_cirq.ipynb,WH16-C-C039,53b1f35c6ba0ce91,10,,1000
WH16,wh16_2026_03_19,0785_000,bulk,XYXX,90,090_Data_000_theta_0785_bound_XYXX_x_best_010_opt_recovery.qpy,data/executed_circuits/WH16/0785_000/090_Data_000_theta_0785_bound_XYXX_x_best_010_opt_recovery.qpy,52a57eeb20fed4ecd67a4548318e39e52a05626b694680697eb2e7d0036e8f1b,holography-on-ionq/Testing flow/Circuits/Data_batch/WH16_2026-03-19/Data_0785_000/090_Data_000_theta_0785_bound_XYXX_x_best_010_opt_recovery.qpy,happy_ions/16-qubit-wormhole_cirq.ipynb,WH16-C-C039,53b1f35c6ba0ce91,10,,1000
WH16,wh16_2026_03_19,0785_000,bulk,XYXY,91,091_Data_000_theta_0785_bound_XYXY_x_best_010_opt_recovery.qpy,data/executed_circuits/WH16/0785_000/091_Data_000_theta_0785_bound_XYXY_x_best_010_opt_recovery.qpy,b4181f813eb74c2880bce33cd3e0ef4bc8aead6df8e269588aebdc22ae50a81d,holography-on-ionq/Testing flow/Circuits/Data_batch/WH16_2026-03-19/Data_0785_000/091_Data_000_theta_0785_bound_XYXY_x_best_010_opt_recovery.qpy,happy_ions/16-qubit-wormhole_cirq.ipynb,WH16-C-C039,53b1f35c6ba0ce91,10,,1000
WH16,wh16_2026_03_19,0785_000,bulk,XYXZ,92,092_Data_000_theta_0785_bound_XYXZ_x_best_010_opt_recovery.qpy,data/executed_circuits/WH16/0785_000/092_Data_000_theta_0785_bound_XYXZ_x_best_010_opt_recovery.qpy,d99a090d7ad34241cfe03ece1147f716e613d4764ed9a93727de1486dfa8641d,holography-on-ionq/Testing flow/Circuits/Data_batch/WH16_2026-03-19/Data_0785_000/092_Data_000_theta_0785_bound_XYXZ_x_best_010_opt_recovery.qpy,happy_ions/16-qubit-wormhole_cirq.ipynb,WH16-C-C039,53b1f35c6ba0ce91,10,,1000
WH16,wh16_2026_03_19,0785_000,bulk,XYYX,93,093_Data_000_theta_0785_bound_XYYX_x_best_010_opt_recovery.qpy,data/executed_circuits/WH16/0785_000/093_Data_000_theta_0785_bound_XYYX_x_best_010_opt_recovery.qpy,b1f482c48d29453b9d92c85517a231d49c96ebf727808eeb22890db13cf4db09,holography-on-ionq/Testing flow/Circuits/Data_batch/WH16_2026-03-19/Data_0785_000/093_Data_000_theta_0785_bound_XYYX_x_best_010_opt_recovery.qpy,happy_ions/16-qubit-wormhole_cirq.ipynb,WH16-C-C039,53b1f35c6ba0ce91,10,,1000
WH16,wh16_2026_03_19,0785_000,bulk,XYYY,94,094_Data_000_theta_0785_bound_XYYY_x_best_010_opt_recovery.qpy,data/executed_circuits/WH16/0785_000/094_Data_000_theta_0785_bound_XYYY_x_best_010_opt_recovery.qpy,022c8dd54af8d0dc62010f1ecf12a2a3624fcf0b43a73ad5c6855a7faa181a58,holography-on-ionq/Testing flow/Circuits/Data_batch/WH16_2026-03-19/Data_0785_000/094_Data_000_theta_0785_bound_XYYY_x_best_010_opt_recovery.qpy,happy_ions/16-qubit-wormhole_cirq.ipynb,WH16-C-C039,53b1f35c6ba0ce91,9,,950
WH16,wh16_2026_03_19,0785_000,bulk,XYYZ,95,095_Data_000_theta_0785_bound_XYYZ_x_best_010_opt_recovery.qpy,data/executed_circuits/WH16/0785_000/095_Data_000_theta_0785_bound_XYYZ_x_best_010_opt_recovery.qpy,0afbd4d61c2ebab1f129587be7288d1cc826b60ed3fe72ba11ec843d70ba8cc0,holography-on-ionq/Testing flow/Circuits/Data_batch/WH16_2026-03-19/Data_0785_000/095_Data_000_theta_0785_bound_XYYZ_x_best_010_opt_recovery.qpy,happy_ions/16-qubit-wormhole_cirq.ipynb,WH16-C-C039,53b1f35c6ba0ce91,10,,1000
WH16,wh16_2026_03_19,0785_000,bulk,XYZX,96,096_Data_000_theta_0785_bound_XYZX_x_best_010_opt_recovery.qpy,data/executed_circuits/WH16/0785_000/096_Data_000_theta_0785_bound_XYZX_x_best_010_opt_recovery.qpy,53c04027c1a4e901024a316a6c53461fa19c04a7e558927a349489d948b63f83,holography-on-ionq/Testing flow/Circuits/Data_batch/WH16_2026-03-19/Data_0785_000/096_Data_000_theta_0785_bound_XYZX_x_best_010_opt_recovery.qpy,happy_ions/16-qubit-wormhole_cirq.ipynb,WH16-C-C039,53b1f35c6ba0ce91,10,,1000
WH16,wh16_2026_03_19,0785_000,bulk,XYZY,97,097_Data_000_theta_0785_bound_XYZY_x_best_010_opt_recovery.qpy,data/executed_circuits/WH16/0785_000/097_Data_000_theta_0785_bound_XYZY_x_best_010_opt_recovery.qpy,361a46fdfe2515eea38bee0938696284820670ffcdc8e888d0c236837a139493,holography-on-ionq/Testing flow/Circuits/Data_batch/WH16_2026-03-19/Data_0785_000/097_Data_000_theta_0785_bound_XYZY_x_best_010_opt_recovery.qpy,happy_ions/16-qubit-wormhole_cirq.ipynb,WH16-C-C039,53b1f35c6ba0ce91,10,,1000
WH16,wh16_2026_03_19,0785_000,bulk,XYZZ,98,098_Data_000_theta_0785_bound_XYZZ_x_best_010_opt_recovery.qpy,data/executed_circuits/WH16/0785_000/098_Data_000_theta_0785_bound_XYZZ_x_best_010_opt_recovery.qpy,e3dab80821f8d6da28e59600392053c5639aa4d10a3c3172eb94ad81a1f90bb8,holography-on-ionq/Testing flow/Circuits/Data_batch/WH16_2026-03-19/Data_0785_000/098_Data_000_theta_0785_bound_XYZZ_x_best_010_opt_recovery.qpy,happy_ions/16-qubit-wormhole_cirq.ipynb,WH16-C-C039,53b1f35c6ba0ce91,10,,1000
WH16,wh16_2026_03_19,0785_000,bulk,XZXX,99,099_Data_000_theta_0785_bound_XZXX_x_best_010_opt_recovery.qpy,data/executed_circuits/WH16/0785_000/099_Data_000_theta_0785_bound_XZXX_x_best_010_opt_recovery.qpy,14e1c74bb74b11f4295628e574d9c878c441f72ccce2a596472b8d91fe588ce4,holography-on-ionq/Testing flow/Circuits/Data_batch/WH16_2026-03-19/Data_0785_000/099_Data_000_theta_0785_bound_XZXX_x_best_010_opt_recovery.qpy,happy_ions/16-qubit-wormhole_cirq.ipynb,WH16-C-C039,53b1f35c6ba0ce91,10,,1000
WH16,wh16_2026_03_19,0785_000,bulk,XZXY,100,100_Data_000_theta_0785_bound_XZXY_x_best_010_opt_recovery.qpy,data/executed_circuits/WH16/0785_000/100_Data_000_theta_0785_bound_XZXY_x_best_010_opt_recovery.qpy,707d572112e4680e5c227f1c79b74d35330269641735c361a46284a6efda892e,holography-on-ionq/Testing flow/Circuits/Data_batch/WH16_2026-03-19/Data_0785_000/100_Data_000_theta_0785_bound_XZXY_x_best_010_opt_recovery.qpy,happy_ions/16-qubit-wormhole_cirq.ipynb,WH16-C-C039,53b1f35c6ba0ce91,10,,1000
WH16,wh16_2026_03_19,0785_000,bulk,XZXZ,101,101_Data_000_theta_0785_bound_XZXZ_x_best_010_opt_recovery.qpy,data/executed_circuits/WH16/0785_000/101_Data_000_theta_0785_bound_XZXZ_x_best_010_opt_recovery.qpy,904374728b8ad946b9240c84fb983c5e626d74f4ce4f23a324ba5f2cd9fe0177,holography-on-ionq/Testing flow/Circuits/Data_batch/WH16_2026-03-19/Data_0785_000/101_Data_000_theta_0785_bound_XZXZ_x_best_010_opt_recovery.qpy,happy_ions/16-qubit-wormhole_cirq.ipynb,WH16-C-C039,53b1f35c6ba0ce91,10,,1000
WH16,wh16_2026_03_19,0785_000,bulk,XZYX,102,102_Data_000_theta_0785_bound_XZYX_x_best_010_opt_recovery.qpy,data/executed_circuits/WH16/0785_000/102_Data_000_theta_0785_bound_XZYX_x_best_010_opt_recovery.qpy,107f16f55996433eb04e95f7934931655d8365c31a76463f3be93d9d40a69395,holography-on-ionq/Testing flow/Circuits/Data_batch/WH16_2026-03-19/Data_0785_000/102_Data_000_theta_0785_bound_XZYX_x_best_010_opt_recovery.qpy,happy_ions/16-qubit-wormhole_cirq.ipynb,WH16-C-C039,53b1f35c6ba0ce91,10,,1000
WH16,wh16_2026_03_19,0785_000,bulk,XZYY,103,103_Data_000_theta_0785_bound_XZYY_x_best_010_opt_recovery.qpy,data/executed_circuits/WH16/0785_000/103_Data_000_theta_0785_bound_XZYY_x_best_010_opt_recovery.qpy,1767c745d03e508c2b27f5daa70901d8da735e3687da9aeeca4d74e29a5517c8,holography-on-ionq/Testing flow/Circuits/Data_batch/WH16_2026-03-19/Data_0785_000/103_Data_000_theta_0785_bound_XZYY_x_best_010_opt_recovery.qpy,happy_ions/16-qubit-wormhole_cirq.ipynb,WH16-C-C039,53b1f35c6ba0ce91,10,,1000
WH16,wh16_2026_03_19,0785_000,bulk,XZYZ,104,104_Data_000_theta_0785_bound_XZYZ_x_best_010_opt_recovery.qpy,data/executed_circuits/WH16/0785_000/104_Data_000_theta_0785_bound_XZYZ_x_best_010_opt_recovery.qpy,5da9a49da596aba87bd43e5c8c859f1469e563125c33b80c09394f01cb835eca,holography-on-ionq/Testing flow/Circuits/Data_batch/WH16_2026-03-19/Data_0785_000/104_Data_000_theta_0785_bound_XZYZ_x_best_010_opt_recovery.qpy,happy_ions/16-qubit-wormhole_cirq.ipynb,WH16-C-C039,53b1f35c6ba0ce91,10,,1000
WH16,wh16_2026_03_19,0785_000,bulk,XZZX,105,105_Data_000_theta_0785_bound_XZZX_x_best_010_opt_recovery.qpy,data/executed_circuits/WH16/0785_000/105_Data_000_theta_0785_bound_XZZX_x_best_010_opt_recovery.qpy,e71c3d0ed7dd06c5be29ccb1e0dceedb26523395827b48b743a2f79524b87eaa,holography-on-ionq/Testing flow/Circuits/Data_batch/WH16_2026-03-19/Data_0785_000/105_Data_000_theta_0785_bound_XZZX_x_best_010_opt_recovery.qpy,happy_ions/16-qubit-wormhole_cirq.ipynb,WH16-C-C039,53b1f35c6ba0ce91,10,,1000
WH16,wh16_2026_03_19,0785_000,bulk,XZZY,106,106_Data_000_theta_0785_bound_XZZY_x_best_010_opt_recovery.qpy,data/executed_circuits/WH16/0785_000/106_Data_000_theta_0785_bound_XZZY_x_best_010_opt_recovery.qpy,95f49b12f3737d6f57d0a85c8d9828dda632853e32e7e1b210312ea18d457532,holography-on-ionq/Testing flow/Circuits/Data_batch/WH16_2026-03-19/Data_0785_000/106_Data_000_theta_0785_bound_XZZY_x_best_010_opt_recovery.qpy,happy_ions/16-qubit-wormhole_cirq.ipynb,WH16-C-C039,53b1f35c6ba0ce91,10,,1000
WH16,wh16_2026_03_19,0785_000,bulk,XZZZ,107,107_Data_000_theta_0785_bound_XZZZ_x_best_010_opt_recovery.qpy,data/executed_circuits/WH16/0785_000/107_Data_000_theta_0785_bound_XZZZ_x_best_010_opt_recovery.qpy,3744c490deacf8448eea2783b9ba4bce027ea0627269bb929d543a6b0cda9e7e,holography-on-ionq/Testing flow/Circuits/Data_batch/WH16_2026-03-19/Data_0785_000/107_Data_000_theta_0785_bound_XZZZ_x_best_010_opt_recovery.qpy,happy_ions/16-qubit-wormhole_cirq.ipynb,WH16-C-C039,53b1f35c6ba0ce91,10,,1000
WH16,wh16_2026_03_19,0785_000,bulk,YXXX,108,108_Data_000_theta_0785_bound_YXXX_x_best_010_opt_recovery.qpy,data/executed_circuits/WH16/0785_000/108_Data_000_theta_0785_bound_YXXX_x_best_010_opt_recovery.qpy,bdb1405a2746575f3ecc327579c89f239329ff051b1172116aeba57fcc25197f,holography-on-ionq/Testing flow/Circuits/Data_batch/WH16_2026-03-19/Data_0785_000/108_Data_000_theta_0785_bound_YXXX_x_best_010_opt_recovery.qpy,happy_ions/16-qubit-wormhole_cirq.ipynb,WH16-C-C039,53b1f35c6ba0ce91,10,,1000
WH16,wh16_2026_03_19,0785_000,bulk,YXXY,109,109_Data_000_theta_0785_bound_YXXY_x_best_010_opt_recovery.qpy,data/executed_circuits/WH16/0785_000/109_Data_000_theta_0785_bound_YXXY_x_best_010_opt_recovery.qpy,d779ab38e4545bdd21b2d657d08f63ae8c7481ee1c569bae0e13735b511f3700,holography-on-ionq/Testing flow/Circuits/Data_batch/WH16_2026-03-19/Data_0785_000/109_Data_000_theta_0785_bound_YXXY_x_best_010_opt_recovery.qpy,happy_ions/16-qubit-wormhole_cirq.ipynb,WH16-C-C039,53b1f35c6ba0ce91,10,,1000
WH16,wh16_2026_03_19,0785_000,bulk,YXXZ,110,110_Data_000_theta_0785_bound_YXXZ_x_best_010_opt_recovery.qpy,data/executed_circuits/WH16/0785_000/110_Data_000_theta_0785_bound_YXXZ_x_best_010_opt_recovery.qpy,1e346a7a1e75497e614b87ba88425b813d8292acc0bd002330c22463dc59b389,holography-on-ionq/Testing flow/Circuits/Data_batch/WH16_2026-03-19/Data_0785_000/110_Data_000_theta_0785_bound_YXXZ_x_best_010_opt_recovery.qpy,happy_ions/16-qubit-wormhole_cirq.ipynb,WH16-C-C039,53b1f35c6ba0ce91,10,,1000
WH16,wh16_2026_03_19,0785_000,bulk,YXYX,111,111_Data_000_theta_0785_bound_YXYX_x_best_010_opt_recovery.qpy,data/executed_circuits/WH16/0785_000/111_Data_000_theta_0785_bound_YXYX_x_best_010_opt_recovery.qpy,01c5879ab89ecebf066a09654d21b776e7e69043f5d4463a31ed022f9eaaba06,holography-on-ionq/Testing flow/Circuits/Data_batch/WH16_2026-03-19/Data_0785_000/111_Data_000_theta_0785_bound_YXYX_x_best_010_opt_recovery.qpy,happy_ions/16-qubit-wormhole_cirq.ipynb,WH16-C-C039,53b1f35c6ba0ce91,10,,1000
WH16,wh16_2026_03_19,0785_000,bulk,YXYY,112,112_Data_000_theta_0785_bound_YXYY_x_best_010_opt_recovery.qpy,data/executed_circuits/WH16/0785_000/112_Data_000_theta_0785_bound_YXYY_x_best_010_opt_recovery.qpy,633c821f709f45b313565960fbb33cfcb01805cafbe9307579a9c0a1961ce2f3,holography-on-ionq/Testing flow/Circuits/Data_batch/WH16_2026-03-19/Data_0785_000/112_Data_000_theta_0785_bound_YXYY_x_best_010_opt_recovery.qpy,happy_ions/16-qubit-wormhole_cirq.ipynb,WH16-C-C039,53b1f35c6ba0ce91,10,,1000
WH16,wh16_2026_03_19,0785_000,bulk,YXYZ,113,113_Data_000_theta_0785_bound_YXYZ_x_best_010_opt_recovery.qpy,data/executed_circuits/WH16/0785_000/113_Data_000_theta_0785_bound_YXYZ_x_best_010_opt_recovery.qpy,1d09ecf99ee80fe631af6fe9b6c3161598a2994fea43753811a956eea00a1a8a,holography-on-ionq/Testing flow/Circuits/Data_batch/WH16_2026-03-19/Data_0785_000/113_Data_000_theta_0785_bound_YXYZ_x_best_010_opt_recovery.qpy,happy_ions/16-qubit-wormhole_cirq.ipynb,WH16-C-C039,53b1f35c6ba0ce91,10,,1000
WH16,wh16_2026_03_19,0785_000,bulk,YXZX,114,114_Data_000_theta_0785_bound_YXZX_x_best_010_opt_recovery.qpy,data/executed_circuits/WH16/0785_000/114_Data_000_theta_0785_bound_YXZX_x_best_010_opt_recovery.qpy,4ab582f62294c66ecfa06698376dc3ae146a89923dbc3655582cdbfbd8e37e38,holography-on-ionq/Testing flow/Circuits/Data_batch/WH16_2026-03-19/Data_0785_000/114_Data_000_theta_0785_bound_YXZX_x_best_010_opt_recovery.qpy,happy_ions/16-qubit-wormhole_cirq.ipynb,WH16-C-C039,53b1f35c6ba0ce91,10,,1000
WH16,wh16_2026_03_19,0785_000,bulk,YXZY,115,115_Data_000_theta_0785_bound_YXZY_x_best_010_opt_recovery.qpy,data/executed_circuits/WH16/0785_000/115_Data_000_theta_0785_bound_YXZY_x_best_010_opt_recovery.qpy,94937a963a81ff170700a06120a9726cfa62d7eaa2bdd7a2597f3a10da9ba8f5,holography-on-ionq/Testing flow/Circuits/Data_batch/WH16_2026-03-19/Data_0785_000/115_Data_000_theta_0785_bound_YXZY_x_best_010_opt_recovery.qpy,happy_ions/16-qubit-wormhole_cirq.ipynb,WH16-C-C039,53b1f35c6ba0ce91,10,,1000
WH16,wh16_2026_03_19,0785_000,bulk,YXZZ,116,116_Data_000_theta_0785_bound_YXZZ_x_best_010_opt_recovery.qpy,data/executed_circuits/WH16/0785_000/116_Data_000_theta_0785_bound_YXZZ_x_best_010_opt_recovery.qpy,91fb13a40badd481c8a0e96c8c1862ca363855da5d7aa37c8b1812d6aac92d91,holography-on-ionq/Testing flow/Circuits/Data_batch/WH16_2026-03-19/Data_0785_000/116_Data_000_theta_0785_bound_YXZZ_x_best_010_opt_recovery.qpy,happy_ions/16-qubit-wormhole_cirq.ipynb,WH16-C-C039,53b1f35c6ba0ce91,10,,1000
WH16,wh16_2026_03_19,0785_000,bulk,YYXX,117,117_Data_000_theta_0785_bound_YYXX_x_best_010_opt_recovery.qpy,data/executed_circuits/WH16/0785_000/117_Data_000_theta_0785_bound_YYXX_x_best_010_opt_recovery.qpy,623f3949d0c9aa1286ea4722626dc4814a3857803c4ef3ab459470352a7ad5f1,holography-on-ionq/Testing flow/Circuits/Data_batch/WH16_2026-03-19/Data_0785_000/117_Data_000_theta_0785_bound_YYXX_x_best_010_opt_recovery.qpy,happy_ions/16-qubit-wormhole_cirq.ipynb,WH16-C-C039,53b1f35c6ba0ce91,10,,1000
WH16,wh16_2026_03_19,0785_000,bulk,YYXY,118,118_Data_000_theta_0785_bound_YYXY_x_best_010_opt_recovery.qpy,data/executed_circuits/WH16/0785_000/118_Data_000_theta_0785_bound_YYXY_x_best_010_opt_recovery.qpy,af1caa2b4df6d319d1c5a5335071e7f830437dc807f3e46f883e3d0ba7e82c5f,holography-on-ionq/Testing flow/Circuits/Data_batch/WH16_2026-03-19/Data_0785_000/118_Data_000_theta_0785_bound_YYXY_x_best_010_opt_recovery.qpy,happy_ions/16-qubit-wormhole_cirq.ipynb,WH16-C-C039,53b1f35c6ba0ce91,10,,1000
WH16,wh16_2026_03_19,0785_000,bulk,YYXZ,119,119_Data_000_theta_0785_bound_YYXZ_x_best_010_opt_recovery.qpy,data/executed_circuits/WH16/0785_000/119_Data_000_theta_0785_bound_YYXZ_x_best_010_opt_recovery.qpy,f6d1be29abc1bd38885dbe09275b8c9f301c45d22e8c1a441ceb49d597f96ec8,holography-on-ionq/Testing flow/Circuits/Data_batch/WH16_2026-03-19/Data_0785_000/119_Data_000_theta_0785_bound_YYXZ_x_best_010_opt_recovery.qpy,happy_ions/16-qubit-wormhole_cirq.ipynb,WH16-C-C039,53b1f35c6ba0ce91,10,,1000
WH16,wh16_2026_03_19,0785_000,bulk,YYYX,120,120_Data_000_theta_0785_bound_YYYX_x_best_010_opt_recovery.qpy,data/executed_circuits/WH16/0785_000/120_Data_000_theta_0785_bound_YYYX_x_best_010_opt_recovery.qpy,b0ee1019e00db9e1aa9dca10a148ca935bcd85cbce5ca94080d518f95628c62f,holography-on-ionq/Testing flow/Circuits/Data_batch/WH16_2026-03-19/Data_0785_000/120_Data_000_theta_0785_bound_YYYX_x_best_010_opt_recovery.qpy,happy_ions/16-qubit-wormhole_cirq.ipynb,WH16-C-C039,53b1f35c6ba0ce91,10,,1000
WH16,wh16_2026_03_19,0785_000,bulk,YYYY,121,121_Data_000_theta_0785_bound_YYYY_x_best_010_opt_recovery.qpy,data/executed_circuits/WH16/0785_000/121_Data_000_theta_0785_bound_YYYY_x_best_010_opt_recovery.qpy,07234fede6c6c457a19245870b88a570715ac2399d2dd2c1468c792e1e423254,holography-on-ionq/Testing flow/Circuits/Data_batch/WH16_2026-03-19/Data_0785_000/121_Data_000_theta_0785_bound_YYYY_x_best_010_opt_recovery.qpy,happy_ions/16-qubit-wormhole_cirq.ipynb,WH16-C-C039,53b1f35c6ba0ce91,10,,1000
WH16,wh16_2026_03_19,0785_000,bulk,YYYZ,122,122_Data_000_theta_0785_bound_YYYZ_x_best_010_opt_recovery.qpy,data/executed_circuits/WH16/0785_000/122_Data_000_theta_0785_bound_YYYZ_x_best_010_opt_recovery.qpy,694ec732601300937773edad3e71d85e262c559f2fa42a0ead0669fb5a8c566b,holography-on-ionq/Testing flow/Circuits/Data_batch/WH16_2026-03-19/Data_0785_000/122_Data_000_theta_0785_bound_YYYZ_x_best_010_opt_recovery.qpy,happy_ions/16-qubit-wormhole_cirq.ipynb,WH16-C-C039,53b1f35c6ba0ce91,10,,1000
WH16,wh16_2026_03_19,0785_000,bulk,YYZX,123,123_Data_000_theta_0785_bound_YYZX_x_best_010_opt_recovery.qpy,data/executed_circuits/WH16/0785_000/123_Data_000_theta_0785_bound_YYZX_x_best_010_opt_recovery.qpy,3c66299d15e9fd0652c853e1f9fa47ba7fe960aa4d2400dcf6daa2957ad8c1df,holography-on-ionq/Testing flow/Circuits/Data_batch/WH16_2026-03-19/Data_0785_000/123_Data_000_theta_0785_bound_YYZX_x_best_010_opt_recovery.qpy,happy_ions/16-qubit-wormhole_cirq.ipynb,WH16-C-C039,53b1f35c6ba0ce91,10,,1000
WH16,wh16_2026_03_19,0785_000,bulk,YYZY,124,124_Data_000_theta_0785_bound_YYZY_x_best_010_opt_recovery.qpy,data/executed_circuits/WH16/0785_000/124_Data_000_theta_0785_bound_YYZY_x_best_010_opt_recovery.qpy,02526197a05a3b9eabf8853a383dbad027909be8b079a1d9b8dca4cd04527537,holography-on-ionq/Testing flow/Circuits/Data_batch/WH16_2026-03-19/Data_0785_000/124_Data_000_theta_0785_bound_YYZY_x_best_010_opt_recovery.qpy,happy_ions/16-qubit-wormhole_cirq.ipynb,WH16-C-C039,53b1f35c6ba0ce91,10,,1000
WH16,wh16_2026_03_19,0785_000,bulk,YYZZ,125,125_Data_000_theta_0785_bound_YYZZ_x_best_010_opt_recovery.qpy,data/executed_circuits/WH16/0785_000/125_Data_000_theta_0785_bound_YYZZ_x_best_010_opt_recovery.qpy,268e67849720283d6dbd23c46e149c67f65d09c0c5e9af6d4fcaa2e5c018941f,holography-on-ionq/Testing flow/Circuits/Data_batch/WH16_2026-03-19/Data_0785_000/125_Data_000_theta_0785_bound_YYZZ_x_best_010_opt_recovery.qpy,happy_ions/16-qubit-wormhole_cirq.ipynb,WH16-C-C039,53b1f35c6ba0ce91,10,,1000
WH16,wh16_2026_03_19,0785_000,bulk,YZXX,126,126_Data_000_theta_0785_bound_YZXX_x_best_010_opt_recovery.qpy,data/executed_circuits/WH16/0785_000/126_Data_000_theta_0785_bound_YZXX_x_best_010_opt_recovery.qpy,0e64801c0ffa1ed9937bb58df1b39a446c92f4a9c830c40aad59b77495fde41c,holography-on-ionq/Testing flow/Circuits/Data_batch/WH16_2026-03-19/Data_0785_000/126_Data_000_theta_0785_bound_YZXX_x_best_010_opt_recovery.qpy,happy_ions/16-qubit-wormhole_cirq.ipynb,WH16-C-C039,53b1f35c6ba0ce91,10,,1000
WH16,wh16_2026_03_19,0785_000,bulk,YZXY,127,127_Data_000_theta_0785_bound_YZXY_x_best_010_opt_recovery.qpy,data/executed_circuits/WH16/0785_000/127_Data_000_theta_0785_bound_YZXY_x_best_010_opt_recovery.qpy,89de8b7b313a35e65df26b2b8ee4fb4dbd8eebd61c968811dc48dff1d454caf0,holography-on-ionq/Testing flow/Circuits/Data_batch/WH16_2026-03-19/Data_0785_000/127_Data_000_theta_0785_bound_YZXY_x_best_010_opt_recovery.qpy,happy_ions/16-qubit-wormhole_cirq.ipynb,WH16-C-C039,53b1f35c6ba0ce91,10,,1000
WH16,wh16_2026_03_19,0785_000,bulk,YZXZ,128,128_Data_000_theta_0785_bound_YZXZ_x_best_010_opt_recovery.qpy,data/executed_circuits/WH16/0785_000/128_Data_000_theta_0785_bound_YZXZ_x_best_010_opt_recovery.qpy,fc1ee00afc2644db862306085797bca4ef0ef15f152d14bd932ba2a7465f3748,holography-on-ionq/Testing flow/Circuits/Data_batch/WH16_2026-03-19/Data_0785_000/128_Data_000_theta_0785_bound_YZXZ_x_best_010_opt_recovery.qpy,happy_ions/16-qubit-wormhole_cirq.ipynb,WH16-C-C039,53b1f35c6ba0ce91,10,,1000
WH16,wh16_2026_03_19,0785_000,bulk,YZYX,129,129_Data_000_theta_0785_bound_YZYX_x_best_010_opt_recovery.qpy,data/executed_circuits/WH16/0785_000/129_Data_000_theta_0785_bound_YZYX_x_best_010_opt_recovery.qpy,ad8b04946032385e96d3d0e8b15b68b9f8426ac93ace626f82ebeef841de0111,holography-on-ionq/Testing flow/Circuits/Data_batch/WH16_2026-03-19/Data_0785_000/129_Data_000_theta_0785_bound_YZYX_x_best_010_opt_recovery.qpy,happy_ions/16-qubit-wormhole_cirq.ipynb,WH16-C-C039,53b1f35c6ba0ce91,10,,1000
WH16,wh16_2026_03_19,0785_000,bulk,YZYY,130,130_Data_000_theta_0785_bound_YZYY_x_best_010_opt_recovery.qpy,data/executed_circuits/WH16/0785_000/130_Data_000_theta_0785_bound_YZYY_x_best_010_opt_recovery.qpy,41ed5190b1bfebee69e847313930587e5b61dc68f820466c23d00c0fb4575f24,holography-on-ionq/Testing flow/Circuits/Data_batch/WH16_2026-03-19/Data_0785_000/130_Data_000_theta_0785_bound_YZYY_x_best_010_opt_recovery.qpy,happy_ions/16-qubit-wormhole_cirq.ipynb,WH16-C-C039,53b1f35c6ba0ce91,10,,1000
WH16,wh16_2026_03_19,0785_000,bulk,YZYZ,131,131_Data_000_theta_0785_bound_YZYZ_x_best_010_opt_recovery.qpy,data/executed_circuits/WH16/0785_000/131_Data_000_theta_0785_bound_YZYZ_x_best_010_opt_recovery.qpy,51280b8134110cc7b15f502df2512deab445e5a71adf4a3df706e4f59ba8a8ee,holography-on-ionq/Testing flow/Circuits/Data_batch/WH16_2026-03-19/Data_0785_000/131_Data_000_theta_0785_bound_YZYZ_x_best_010_opt_recovery.qpy,happy_ions/16-qubit-wormhole_cirq.ipynb,WH16-C-C039,53b1f35c6ba0ce91,10,,1000
WH16,wh16_2026_03_19,0785_000,bulk,YZZX,132,132_Data_000_theta_0785_bound_YZZX_x_best_010_opt_recovery.qpy,data/executed_circuits/WH16/0785_000/132_Data_000_theta_0785_bound_YZZX_x_best_010_opt_recovery.qpy,9ea93a16e1341f35abb6f4fbbb54cf4718ea914933f529c2685c1af41de8064b,holography-on-ionq/Testing flow/Circuits/Data_batch/WH16_2026-03-19/Data_0785_000/132_Data_000_theta_0785_bound_YZZX_x_best_010_opt_recovery.qpy,happy_ions/16-qubit-wormhole_cirq.ipynb,WH16-C-C039,53b1f35c6ba0ce91,10,,1000
WH16,wh16_2026_03_19,0785_000,bulk,YZZY,133,133_Data_000_theta_0785_bound_YZZY_x_best_010_opt_recovery.qpy,data/executed_circuits/WH16/0785_000/133_Data_000_theta_0785_bound_YZZY_x_best_010_opt_recovery.qpy,ebd6236fa41c478a874b9ceb5a80181ebb8d01ce440d99fd7637bdfcd126b312,holography-on-ionq/Testing flow/Circuits/Data_batch/WH16_2026-03-19/Data_0785_000/133_Data_000_theta_0785_bound_YZZY_x_best_010_opt_recovery.qpy,happy_ions/16-qubit-wormhole_cirq.ipynb,WH16-C-C039,53b1f35c6ba0ce91,10,,1000
WH16,wh16_2026_03_19,0785_000,bulk,YZZZ,134,134_Data_000_theta_0785_bound_YZZZ_x_best_010_opt_recovery.qpy,data/executed_circuits/WH16/0785_000/134_Data_000_theta_0785_bound_YZZZ_x_best_010_opt_recovery.qpy,05ab1617721dee54954e8cc9804b238fd9f042237ab73e16edd48ccbe5a97ec4,holography-on-ionq/Testing flow/Circuits/Data_batch/WH16_2026-03-19/Data_0785_000/134_Data_000_theta_0785_bound_YZZZ_x_best_010_opt_recovery.qpy,happy_ions/16-qubit-wormhole_cirq.ipynb,WH16-C-C039,53b1f35c6ba0ce91,10,,1000
WH16,wh16_2026_03_19,0785_000,bulk,ZXXX,135,135_Data_000_theta_0785_bound_ZXXX_x_best_010_opt_recovery.qpy,data/executed_circuits/WH16/0785_000/135_Data_000_theta_0785_bound_ZXXX_x_best_010_opt_recovery.qpy,3eb897d96da010444fba7c866a84ed5b06e3e64e164c35a65893b8fc7dd80ff4,holography-on-ionq/Testing flow/Circuits/Data_batch/WH16_2026-03-19/Data_0785_000/135_Data_000_theta_0785_bound_ZXXX_x_best_010_opt_recovery.qpy,happy_ions/16-qubit-wormhole_cirq.ipynb,WH16-C-C039,53b1f35c6ba0ce91,10,,1000
WH16,wh16_2026_03_19,0785_000,bulk,ZXXY,136,136_Data_000_theta_0785_bound_ZXXY_x_best_010_opt_recovery.qpy,data/executed_circuits/WH16/0785_000/136_Data_000_theta_0785_bound_ZXXY_x_best_010_opt_recovery.qpy,814b0460e5fcef6ba4307e42c0d7534c6b0e0b39dd6df36b7dbc89fe687d67bf,holography-on-ionq/Testing flow/Circuits/Data_batch/WH16_2026-03-19/Data_0785_000/136_Data_000_theta_0785_bound_ZXXY_x_best_010_opt_recovery.qpy,happy_ions/16-qubit-wormhole_cirq.ipynb,WH16-C-C039,53b1f35c6ba0ce91,10,,1000
WH16,wh16_2026_03_19,0785_000,bulk,ZXXZ,137,137_Data_000_theta_0785_bound_ZXXZ_x_best_010_opt_recovery.qpy,data/executed_circuits/WH16/0785_000/137_Data_000_theta_0785_bound_ZXXZ_x_best_010_opt_recovery.qpy,c3c6a335ad55f7d9cbe3b18794e1949fd316d4d96be1e388cbd7eefdd8393f22,holography-on-ionq/Testing flow/Circuits/Data_batch/WH16_2026-03-19/Data_0785_000/137_Data_000_theta_0785_bound_ZXXZ_x_best_010_opt_recovery.qpy,happy_ions/16-qubit-wormhole_cirq.ipynb,WH16-C-C039,53b1f35c6ba0ce91,10,,1000
WH16,wh16_2026_03_19,0785_000,bulk,ZXYX,138,138_Data_000_theta_0785_bound_ZXYX_x_best_010_opt_recovery.qpy,data/executed_circuits/WH16/0785_000/138_Data_000_theta_0785_bound_ZXYX_x_best_010_opt_recovery.qpy,483d0eaf26e84e0209140bff5d9409b68c5ee256394e3998124f2c3ffd88333d,holography-on-ionq/Testing flow/Circuits/Data_batch/WH16_2026-03-19/Data_0785_000/138_Data_000_theta_0785_bound_ZXYX_x_best_010_opt_recovery.qpy,happy_ions/16-qubit-wormhole_cirq.ipynb,WH16-C-C039,53b1f35c6ba0ce91,10,,1000
WH16,wh16_2026_03_19,0785_000,bulk,ZXYY,139,139_Data_000_theta_0785_bound_ZXYY_x_best_010_opt_recovery.qpy,data/executed_circuits/WH16/0785_000/139_Data_000_theta_0785_bound_ZXYY_x_best_010_opt_recovery.qpy,a075a8a57c5ca8b486aa4c927c313e35aa48348ebf2c2e2b4045eb32d272e1fc,holography-on-ionq/Testing flow/Circuits/Data_batch/WH16_2026-03-19/Data_0785_000/139_Data_000_theta_0785_bound_ZXYY_x_best_010_opt_recovery.qpy,happy_ions/16-qubit-wormhole_cirq.ipynb,WH16-C-C039,53b1f35c6ba0ce91,10,,1000
WH16,wh16_2026_03_19,0785_000,bulk,ZXYZ,140,140_Data_000_theta_0785_bound_ZXYZ_x_best_010_opt_recovery.qpy,data/executed_circuits/WH16/0785_000/140_Data_000_theta_0785_bound_ZXYZ_x_best_010_opt_recovery.qpy,02d1539f764612f8255310a82646a15dc5541ed9236357ddf79946dacdae0423,holography-on-ionq/Testing flow/Circuits/Data_batch/WH16_2026-03-19/Data_0785_000/140_Data_000_theta_0785_bound_ZXYZ_x_best_010_opt_recovery.qpy,happy_ions/16-qubit-wormhole_cirq.ipynb,WH16-C-C039,53b1f35c6ba0ce91,10,,1000
WH16,wh16_2026_03_19,0785_000,bulk,ZXZX,141,141_Data_000_theta_0785_bound_ZXZX_x_best_010_opt_recovery.qpy,data/executed_circuits/WH16/0785_000/141_Data_000_theta_0785_bound_ZXZX_x_best_010_opt_recovery.qpy,a30c4172f6c75c52d6d3a51d49af2154af04998faaa4f1d23078f89aadc3b03b,holography-on-ionq/Testing flow/Circuits/Data_batch/WH16_2026-03-19/Data_0785_000/141_Data_000_theta_0785_bound_ZXZX_x_best_010_opt_recovery.qpy,happy_ions/16-qubit-wormhole_cirq.ipynb,WH16-C-C039,53b1f35c6ba0ce91,10,,1000
WH16,wh16_2026_03_19,0785_000,bulk,ZXZY,142,142_Data_000_theta_0785_bound_ZXZY_x_best_010_opt_recovery.qpy,data/executed_circuits/WH16/0785_000/142_Data_000_theta_0785_bound_ZXZY_x_best_010_opt_recovery.qpy,881b9e5ae3fc0349b59ffb5a5f9621c7e5fd3720dc4ec5c3b6aba0344d051e4b,holography-on-ionq/Testing flow/Circuits/Data_batch/WH16_2026-03-19/Data_0785_000/142_Data_000_theta_0785_bound_ZXZY_x_best_010_opt_recovery.qpy,happy_ions/16-qubit-wormhole_cirq.ipynb,WH16-C-C039,53b1f35c6ba0ce91,10,,1000
WH16,wh16_2026_03_19,0785_000,bulk,ZXZZ,143,143_Data_000_theta_0785_bound_ZXZZ_x_best_010_opt_recovery.qpy,data/executed_circuits/WH16/0785_000/143_Data_000_theta_0785_bound_ZXZZ_x_best_010_opt_recovery.qpy,d1f802b01817ad0b784a092f6387624e29392e5acaffa735c371aa98e25d938a,holography-on-ionq/Testing flow/Circuits/Data_batch/WH16_2026-03-19/Data_0785_000/143_Data_000_theta_0785_bound_ZXZZ_x_best_010_opt_recovery.qpy,happy_ions/16-qubit-wormhole_cirq.ipynb,WH16-C-C039,53b1f35c6ba0ce91,10,,1000
WH16,wh16_2026_03_19,0785_000,bulk,ZYXX,144,144_Data_000_theta_0785_bound_ZYXX_x_best_010_opt_recovery.qpy,data/executed_circuits/WH16/0785_000/144_Data_000_theta_0785_bound_ZYXX_x_best_010_opt_recovery.qpy,fa439639109c1e36215b0769d369f236a7b7d3f700468d280441268c3c89478a,holography-on-ionq/Testing flow/Circuits/Data_batch/WH16_2026-03-19/Data_0785_000/144_Data_000_theta_0785_bound_ZYXX_x_best_010_opt_recovery.qpy,happy_ions/16-qubit-wormhole_cirq.ipynb,WH16-C-C039,53b1f35c6ba0ce91,10,,1000
WH16,wh16_2026_03_19,0785_000,bulk,ZYXY,145,145_Data_000_theta_0785_bound_ZYXY_x_best_010_opt_recovery.qpy,data/executed_circuits/WH16/0785_000/145_Data_000_theta_0785_bound_ZYXY_x_best_010_opt_recovery.qpy,9e232a9446c3d9a56ea3b46d687840205ec2cffd078d7e6ee05b602d2cdc8c4d,holography-on-ionq/Testing flow/Circuits/Data_batch/WH16_2026-03-19/Data_0785_000/145_Data_000_theta_0785_bound_ZYXY_x_best_010_opt_recovery.qpy,happy_ions/16-qubit-wormhole_cirq.ipynb,WH16-C-C039,53b1f35c6ba0ce91,10,,1000
WH16,wh16_2026_03_19,0785_000,bulk,ZYXZ,146,146_Data_000_theta_0785_bound_ZYXZ_x_best_010_opt_recovery.qpy,data/executed_circuits/WH16/0785_000/146_Data_000_theta_0785_bound_ZYXZ_x_best_010_opt_recovery.qpy,712e4ce2e1d05c14e8fe043a3566e95236cc76254c4ee2be26a4be6c34e70bd2,holography-on-ionq/Testing flow/Circuits/Data_batch/WH16_2026-03-19/Data_0785_000/146_Data_000_theta_0785_bound_ZYXZ_x_best_010_opt_recovery.qpy,happy_ions/16-qubit-wormhole_cirq.ipynb,WH16-C-C039,53b1f35c6ba0ce91,10,,1000
WH16,wh16_2026_03_19,0785_000,bulk,ZYYX,147,147_Data_000_theta_0785_bound_ZYYX_x_best_010_opt_recovery.qpy,data/executed_circuits/WH16/0785_000/147_Data_000_theta_0785_bound_ZYYX_x_best_010_opt_recovery.qpy,04f8ce85b0aa0bdcfff458db3a59abce5cb34857029f130ad549a70bbf7bf3a2,holography-on-ionq/Testing flow/Circuits/Data_batch/WH16_2026-03-19/Data_0785_000/147_Data_000_theta_0785_bound_ZYYX_x_best_010_opt_recovery.qpy,happy_ions/16-qubit-wormhole_cirq.ipynb,WH16-C-C039,53b1f35c6ba0ce91,10,,1000
WH16,wh16_2026_03_19,0785_000,bulk,ZYYY,148,148_Data_000_theta_0785_bound_ZYYY_x_best_010_opt_recovery.qpy,data/executed_circuits/WH16/0785_000/148_Data_000_theta_0785_bound_ZYYY_x_best_010_opt_recovery.qpy,c586df29fab3a42e5a8b3c91965e66cc0f4e3c127e9b8e2d92b41b1d4716270f,holography-on-ionq/Testing flow/Circuits/Data_batch/WH16_2026-03-19/Data_0785_000/148_Data_000_theta_0785_bound_ZYYY_x_best_010_opt_recovery.qpy,happy_ions/16-qubit-wormhole_cirq.ipynb,WH16-C-C039,53b1f35c6ba0ce91,10,,1000
WH16,wh16_2026_03_19,0785_000,bulk,ZYYZ,149,149_Data_000_theta_0785_bound_ZYYZ_x_best_010_opt_recovery.qpy,data/executed_circuits/WH16/0785_000/149_Data_000_theta_0785_bound_ZYYZ_x_best_010_opt_recovery.qpy,d0e47a1dad40ca731f89d497e89e74186d712677f588bf7eb4319076ee57601e,holography-on-ionq/Testing flow/Circuits/Data_batch/WH16_2026-03-19/Data_0785_000/149_Data_000_theta_0785_bound_ZYYZ_x_best_010_opt_recovery.qpy,happy_ions/16-qubit-wormhole_cirq.ipynb,WH16-C-C039,53b1f35c6ba0ce91,10,,1000
WH16,wh16_2026_03_19,0785_000,bulk,ZYZX,150,150_Data_000_theta_0785_bound_ZYZX_x_best_010_opt_recovery.qpy,data/executed_circuits/WH16/0785_000/150_Data_000_theta_0785_bound_ZYZX_x_best_010_opt_recovery.qpy,5471555a584a5d8be04074a245a3d64aa19a60ac303fd03bbd6f546079e0da2a,holography-on-ionq/Testing flow/Circuits/Data_batch/WH16_2026-03-19/Data_0785_000/150_Data_000_theta_0785_bound_ZYZX_x_best_010_opt_recovery.qpy,happy_ions/16-qubit-wormhole_cirq.ipynb,WH16-C-C039,53b1f35c6ba0ce91,10,,1000
WH16,wh16_2026_03_19,0785_000,bulk,ZYZY,151,151_Data_000_theta_0785_bound_ZYZY_x_best_010_opt_recovery.qpy,data/executed_circuits/WH16/0785_000/151_Data_000_theta_0785_bound_ZYZY_x_best_010_opt_recovery.qpy,a6b26a400f9a40df4344124de022bff3c8ffc70a6539c7f586c7e596c678b027,holography-on-ionq/Testing flow/Circuits/Data_batch/WH16_2026-03-19/Data_0785_000/151_Data_000_theta_0785_bound_ZYZY_x_best_010_opt_recovery.qpy,happy_ions/16-qubit-wormhole_cirq.ipynb,WH16-C-C039,53b1f35c6ba0ce91,10,,1000
WH16,wh16_2026_03_19,0785_000,bulk,ZYZZ,152,152_Data_000_theta_0785_bound_ZYZZ_x_best_010_opt_recovery.qpy,data/executed_circuits/WH16/0785_000/152_Data_000_theta_0785_bound_ZYZZ_x_best_010_opt_recovery.qpy,11a0d0ff4b29dfbe217323cfbd84fa8af55caaca264d851ebe5e9d8b24edda9b,holography-on-ionq/Testing flow/Circuits/Data_batch/WH16_2026-03-19/Data_0785_000/152_Data_000_theta_0785_bound_ZYZZ_x_best_010_opt_recovery.qpy,happy_ions/16-qubit-wormhole_cirq.ipynb,WH16-C-C039,53b1f35c6ba0ce91,10,,1000
WH16,wh16_2026_03_19,0785_000,bulk,ZZXX,153,153_Data_000_theta_0785_bound_ZZXX_x_best_010_opt_recovery.qpy,data/executed_circuits/WH16/0785_000/153_Data_000_theta_0785_bound_ZZXX_x_best_010_opt_recovery.qpy,c39c3dfc6a7b733dad4e23e2a2ad8c47c2e50ecac9400a7d0e9abc625e2f0d2d,holography-on-ionq/Testing flow/Circuits/Data_batch/WH16_2026-03-19/Data_0785_000/153_Data_000_theta_0785_bound_ZZXX_x_best_010_opt_recovery.qpy,happy_ions/16-qubit-wormhole_cirq.ipynb,WH16-C-C039,53b1f35c6ba0ce91,10,,1000
WH16,wh16_2026_03_19,0785_000,bulk,ZZXY,154,154_Data_000_theta_0785_bound_ZZXY_x_best_010_opt_recovery.qpy,data/executed_circuits/WH16/0785_000/154_Data_000_theta_0785_bound_ZZXY_x_best_010_opt_recovery.qpy,c6fea71e6ec4563cdfa2f1b68770c379a087489d9c4b48a0d3ace02de0287046,holography-on-ionq/Testing flow/Circuits/Data_batch/WH16_2026-03-19/Data_0785_000/154_Data_000_theta_0785_bound_ZZXY_x_best_010_opt_recovery.qpy,happy_ions/16-qubit-wormhole_cirq.ipynb,WH16-C-C039,53b1f35c6ba0ce91,10,,1000
WH16,wh16_2026_03_19,0785_000,bulk,ZZXZ,155,155_Data_000_theta_0785_bound_ZZXZ_x_best_010_opt_recovery.qpy,data/executed_circuits/WH16/0785_000/155_Data_000_theta_0785_bound_ZZXZ_x_best_010_opt_recovery.qpy,a613c6a91eea3be3c464e79252d32d00e423371dddcdcb19ddec68ada296583b,holography-on-ionq/Testing flow/Circuits/Data_batch/WH16_2026-03-19/Data_0785_000/155_Data_000_theta_0785_bound_ZZXZ_x_best_010_opt_recovery.qpy,happy_ions/16-qubit-wormhole_cirq.ipynb,WH16-C-C039,53b1f35c6ba0ce91,10,,1000
WH16,wh16_2026_03_19,0785_000,bulk,ZZYX,156,156_Data_000_theta_0785_bound_ZZYX_x_best_010_opt_recovery.qpy,data/executed_circuits/WH16/0785_000/156_Data_000_theta_0785_bound_ZZYX_x_best_010_opt_recovery.qpy,4975322a7e96b165109ee76cc5e2e319eb2861fbca5472e454735e1bb1504ecd,holography-on-ionq/Testing flow/Circuits/Data_batch/WH16_2026-03-19/Data_0785_000/156_Data_000_theta_0785_bound_ZZYX_x_best_010_opt_recovery.qpy,happy_ions/16-qubit-wormhole_cirq.ipynb,WH16-C-C039,53b1f35c6ba0ce91,10,,1000
WH16,wh16_2026_03_19,0785_000,bulk,ZZYY,157,157_Data_000_theta_0785_bound_ZZYY_x_best_010_opt_recovery.qpy,data/executed_circuits/WH16/0785_000/157_Data_000_theta_0785_bound_ZZYY_x_best_010_opt_recovery.qpy,7ac23f8359ab5033d1348f2ed397c40de8aee2d8c2097fe1a17e0ee4e54a9c16,holography-on-ionq/Testing flow/Circuits/Data_batch/WH16_2026-03-19/Data_0785_000/157_Data_000_theta_0785_bound_ZZYY_x_best_010_opt_recovery.qpy,happy_ions/16-qubit-wormhole_cirq.ipynb,WH16-C-C039,53b1f35c6ba0ce91,10,,1000
WH16,wh16_2026_03_19,0785_000,bulk,ZZYZ,158,158_Data_000_theta_0785_bound_ZZYZ_x_best_010_opt_recovery.qpy,data/executed_circuits/WH16/0785_000/158_Data_000_theta_0785_bound_ZZYZ_x_best_010_opt_recovery.qpy,553d9a93b1d1483f642ba5c74a90cbc82c2955efe767b9537d81af575736b4e1,holography-on-ionq/Testing flow/Circuits/Data_batch/WH16_2026-03-19/Data_0785_000/158_Data_000_theta_0785_bound_ZZYZ_x_best_010_opt_recovery.qpy,happy_ions/16-qubit-wormhole_cirq.ipynb,WH16-C-C039,53b1f35c6ba0ce91,10,,1000
WH16,wh16_2026_03_19,0785_000,bulk,ZZZX,159,159_Data_000_theta_0785_bound_ZZZX_x_best_010_opt_recovery.qpy,data/executed_circuits/WH16/0785_000/159_Data_000_theta_0785_bound_ZZZX_x_best_010_opt_recovery.qpy,48546eb6d0dd4bf7b20bde60c757b8357c1adc17669be0a7964d5e3740f6fbda,holography-on-ionq/Testing flow/Circuits/Data_batch/WH16_2026-03-19/Data_0785_000/159_Data_000_theta_0785_bound_ZZZX_x_best_010_opt_recovery.qpy,happy_ions/16-qubit-wormhole_cirq.ipynb,WH16-C-C039,53b1f35c6ba0ce91,10,,1000
WH16,wh16_2026_03_19,0785_000,bulk,ZZZY,160,160_Data_000_theta_0785_bound_ZZZY_x_best_010_opt_recovery.qpy,data/executed_circuits/WH16/0785_000/160_Data_000_theta_0785_bound_ZZZY_x_best_010_opt_recovery.qpy,b34a87caacacb9b03126630b8742c36658a01cdf6515d6196df1ced3361b2eb6,holography-on-ionq/Testing flow/Circuits/Data_batch/WH16_2026-03-19/Data_0785_000/160_Data_000_theta_0785_bound_ZZZY_x_best_010_opt_recovery.qpy,happy_ions/16-qubit-wormhole_cirq.ipynb,WH16-C-C039,53b1f35c6ba0ce91,10,,1000
WH16,wh16_2026_03_19,0785_000,bulk,ZZZZ,161,161_Data_000_theta_0785_bound_ZZZZ_x_best_010_opt_recovery.qpy,data/executed_circuits/WH16/0785_000/161_Data_000_theta_0785_bound_ZZZZ_x_best_010_opt_recovery.qpy,ab138efc8846e1ec1955507548b173239dc2305c0c669b92f277825eabef6baf,holography-on-ionq/Testing flow/Circuits/Data_batch/WH16_2026-03-19/Data_0785_000/161_Data_000_theta_0785_bound_ZZZZ_x_best_010_opt_recovery.qpy,happy_ions/16-qubit-wormhole_cirq.ipynb,WH16-C-C039,53b1f35c6ba0ce91,10,,1000
WH16,wh16_2026_03_19,0785_010,boundary,XXXX,0,000_Data_010_theta_0785_bound_XXXX_x_best_010_opt_recovery.qpy,data/executed_circuits/WH16/0785_010/000_Data_010_theta_0785_bound_XXXX_x_best_010_opt_recovery.qpy,fb0f9fa3b8e2ca44b86a5bbdbb650b0b457d0511c4b97bc548419b8fa11aa2b9,holography-on-ionq/Testing flow/Circuits/Data_batch/WH16_2026-03-19/Data_0785_010/000_Data_010_theta_0785_bound_XXXX_x_best_010_opt_recovery.qpy,happy_ions/16-qubit-wormhole_cirq.ipynb,WH16-C-C039,53b1f35c6ba0ce91,10,,1000
WH16,wh16_2026_03_19,0785_010,boundary,XXXY,1,001_Data_010_theta_0785_bound_XXXY_x_best_010_opt_recovery.qpy,data/executed_circuits/WH16/0785_010/001_Data_010_theta_0785_bound_XXXY_x_best_010_opt_recovery.qpy,f0167606f4348b321ccc4c61be7adb119ba78025538a0cf23c2be76033097618,holography-on-ionq/Testing flow/Circuits/Data_batch/WH16_2026-03-19/Data_0785_010/001_Data_010_theta_0785_bound_XXXY_x_best_010_opt_recovery.qpy,happy_ions/16-qubit-wormhole_cirq.ipynb,WH16-C-C039,53b1f35c6ba0ce91,10,,1000
WH16,wh16_2026_03_19,0785_010,boundary,XXXZ,2,002_Data_010_theta_0785_bound_XXXZ_x_best_010_opt_recovery.qpy,data/executed_circuits/WH16/0785_010/002_Data_010_theta_0785_bound_XXXZ_x_best_010_opt_recovery.qpy,2b6858a3824dc68877bf9d1f725e8750b0bce7010f40e654e31fd882cfb739a0,holography-on-ionq/Testing flow/Circuits/Data_batch/WH16_2026-03-19/Data_0785_010/002_Data_010_theta_0785_bound_XXXZ_x_best_010_opt_recovery.qpy,happy_ions/16-qubit-wormhole_cirq.ipynb,WH16-C-C039,53b1f35c6ba0ce91,10,,1000
WH16,wh16_2026_03_19,0785_010,boundary,XXYX,3,003_Data_010_theta_0785_bound_XXYX_x_best_010_opt_recovery.qpy,data/executed_circuits/WH16/0785_010/003_Data_010_theta_0785_bound_XXYX_x_best_010_opt_recovery.qpy,74ca29a50b8f20cc16b2418b82782fd9e7e73c93a658419522fabe09b2fe94fc,holography-on-ionq/Testing flow/Circuits/Data_batch/WH16_2026-03-19/Data_0785_010/003_Data_010_theta_0785_bound_XXYX_x_best_010_opt_recovery.qpy,happy_ions/16-qubit-wormhole_cirq.ipynb,WH16-C-C039,53b1f35c6ba0ce91,10,,1000
WH16,wh16_2026_03_19,0785_010,boundary,XXYY,4,004_Data_010_theta_0785_bound_XXYY_x_best_010_opt_recovery.qpy,data/executed_circuits/WH16/0785_010/004_Data_010_theta_0785_bound_XXYY_x_best_010_opt_recovery.qpy,b1c9c4ef767fd91eb71ea3aed35f5b9d1d8dd5ff12c000f1814732db9a4cfb61,holography-on-ionq/Testing flow/Circuits/Data_batch/WH16_2026-03-19/Data_0785_010/004_Data_010_theta_0785_bound_XXYY_x_best_010_opt_recovery.qpy,happy_ions/16-qubit-wormhole_cirq.ipynb,WH16-C-C039,53b1f35c6ba0ce91,10,,1000
WH16,wh16_2026_03_19,0785_010,boundary,XXYZ,5,005_Data_010_theta_0785_bound_XXYZ_x_best_010_opt_recovery.qpy,data/executed_circuits/WH16/0785_010/005_Data_010_theta_0785_bound_XXYZ_x_best_010_opt_recovery.qpy,ae7acc46ce790dc8fd4c74a7dc84b92f2cf5b5758867806fd556ce8df797f795,holography-on-ionq/Testing flow/Circuits/Data_batch/WH16_2026-03-19/Data_0785_010/005_Data_010_theta_0785_bound_XXYZ_x_best_010_opt_recovery.qpy,happy_ions/16-qubit-wormhole_cirq.ipynb,WH16-C-C039,53b1f35c6ba0ce91,10,,1000
WH16,wh16_2026_03_19,0785_010,boundary,XXZX,6,006_Data_010_theta_0785_bound_XXZX_x_best_010_opt_recovery.qpy,data/executed_circuits/WH16/0785_010/006_Data_010_theta_0785_bound_XXZX_x_best_010_opt_recovery.qpy,0b4a261bb29240260d59f89373935ec4472490bbdd89a8fee0224bf861fe71b1,holography-on-ionq/Testing flow/Circuits/Data_batch/WH16_2026-03-19/Data_0785_010/006_Data_010_theta_0785_bound_XXZX_x_best_010_opt_recovery.qpy,happy_ions/16-qubit-wormhole_cirq.ipynb,WH16-C-C039,53b1f35c6ba0ce91,10,,1000
WH16,wh16_2026_03_19,0785_010,boundary,XXZY,7,007_Data_010_theta_0785_bound_XXZY_x_best_010_opt_recovery.qpy,data/executed_circuits/WH16/0785_010/007_Data_010_theta_0785_bound_XXZY_x_best_010_opt_recovery.qpy,d1990ca523dd8c70575ab389de541e1f1f2606f066e02c4f69712741e940fe39,holography-on-ionq/Testing flow/Circuits/Data_batch/WH16_2026-03-19/Data_0785_010/007_Data_010_theta_0785_bound_XXZY_x_best_010_opt_recovery.qpy,happy_ions/16-qubit-wormhole_cirq.ipynb,WH16-C-C039,53b1f35c6ba0ce91,10,,1000
WH16,wh16_2026_03_19,0785_010,boundary,XXZZ,8,008_Data_010_theta_0785_bound_XXZZ_x_best_010_opt_recovery.qpy,data/executed_circuits/WH16/0785_010/008_Data_010_theta_0785_bound_XXZZ_x_best_010_opt_recovery.qpy,61ed861fd6e053643c795c0605a4a29e379d3e79ba771f7187131fb7165e1ded,holography-on-ionq/Testing flow/Circuits/Data_batch/WH16_2026-03-19/Data_0785_010/008_Data_010_theta_0785_bound_XXZZ_x_best_010_opt_recovery.qpy,happy_ions/16-qubit-wormhole_cirq.ipynb,WH16-C-C039,53b1f35c6ba0ce91,10,,1000
WH16,wh16_2026_03_19,0785_010,boundary,XYXX,9,009_Data_010_theta_0785_bound_XYXX_x_best_010_opt_recovery.qpy,data/executed_circuits/WH16/0785_010/009_Data_010_theta_0785_bound_XYXX_x_best_010_opt_recovery.qpy,3237af29dba5bc55edd17e220be626a982700365bccca9891e9fccdf821f5215,holography-on-ionq/Testing flow/Circuits/Data_batch/WH16_2026-03-19/Data_0785_010/009_Data_010_theta_0785_bound_XYXX_x_best_010_opt_recovery.qpy,happy_ions/16-qubit-wormhole_cirq.ipynb,WH16-C-C039,53b1f35c6ba0ce91,10,,1000
WH16,wh16_2026_03_19,0785_010,boundary,XYXY,10,010_Data_010_theta_0785_bound_XYXY_x_best_010_opt_recovery.qpy,data/executed_circuits/WH16/0785_010/010_Data_010_theta_0785_bound_XYXY_x_best_010_opt_recovery.qpy,5e924e1fbc29fb988841a7f5ac10c3cdc65c5cefd0d74fb69cd48e00a2d43708,holography-on-ionq/Testing flow/Circuits/Data_batch/WH16_2026-03-19/Data_0785_010/010_Data_010_theta_0785_bound_XYXY_x_best_010_opt_recovery.qpy,happy_ions/16-qubit-wormhole_cirq.ipynb,WH16-C-C039,53b1f35c6ba0ce91,10,,1000
WH16,wh16_2026_03_19,0785_010,boundary,XYXZ,11,011_Data_010_theta_0785_bound_XYXZ_x_best_010_opt_recovery.qpy,data/executed_circuits/WH16/0785_010/011_Data_010_theta_0785_bound_XYXZ_x_best_010_opt_recovery.qpy,bb840a5de7a639d24d2bc8ec6baf5e94601b7255f8804919d58f3f178f8092a9,holography-on-ionq/Testing flow/Circuits/Data_batch/WH16_2026-03-19/Data_0785_010/011_Data_010_theta_0785_bound_XYXZ_x_best_010_opt_recovery.qpy,happy_ions/16-qubit-wormhole_cirq.ipynb,WH16-C-C039,53b1f35c6ba0ce91,10,,1000
WH16,wh16_2026_03_19,0785_010,boundary,XYYX,12,012_Data_010_theta_0785_bound_XYYX_x_best_010_opt_recovery.qpy,data/executed_circuits/WH16/0785_010/012_Data_010_theta_0785_bound_XYYX_x_best_010_opt_recovery.qpy,9e6c30debb626e948b354f92c663b65308d9c5ec8ee92775de6470f9bfc0db22,holography-on-ionq/Testing flow/Circuits/Data_batch/WH16_2026-03-19/Data_0785_010/012_Data_010_theta_0785_bound_XYYX_x_best_010_opt_recovery.qpy,happy_ions/16-qubit-wormhole_cirq.ipynb,WH16-C-C039,53b1f35c6ba0ce91,10,,1000
WH16,wh16_2026_03_19,0785_010,boundary,XYYY,13,013_Data_010_theta_0785_bound_XYYY_x_best_010_opt_recovery.qpy,data/executed_circuits/WH16/0785_010/013_Data_010_theta_0785_bound_XYYY_x_best_010_opt_recovery.qpy,1859df71ccd586718a97c55a2e0275d05cb469f1af94961c325c771a20c7d6db,holography-on-ionq/Testing flow/Circuits/Data_batch/WH16_2026-03-19/Data_0785_010/013_Data_010_theta_0785_bound_XYYY_x_best_010_opt_recovery.qpy,happy_ions/16-qubit-wormhole_cirq.ipynb,WH16-C-C039,53b1f35c6ba0ce91,10,,1000
WH16,wh16_2026_03_19,0785_010,boundary,XYYZ,14,014_Data_010_theta_0785_bound_XYYZ_x_best_010_opt_recovery.qpy,data/executed_circuits/WH16/0785_010/014_Data_010_theta_0785_bound_XYYZ_x_best_010_opt_recovery.qpy,721686c67df8faa1d07179dbf974eb4ea531c5889796165240ec8e5fdaff0dff,holography-on-ionq/Testing flow/Circuits/Data_batch/WH16_2026-03-19/Data_0785_010/014_Data_010_theta_0785_bound_XYYZ_x_best_010_opt_recovery.qpy,happy_ions/16-qubit-wormhole_cirq.ipynb,WH16-C-C039,53b1f35c6ba0ce91,10,,1000
WH16,wh16_2026_03_19,0785_010,boundary,XYZX,15,015_Data_010_theta_0785_bound_XYZX_x_best_010_opt_recovery.qpy,data/executed_circuits/WH16/0785_010/015_Data_010_theta_0785_bound_XYZX_x_best_010_opt_recovery.qpy,7a10dbbff73aaedfe809d9e27a1ae7e687c4863e99bd3b39743e66927e5d3b45,holography-on-ionq/Testing flow/Circuits/Data_batch/WH16_2026-03-19/Data_0785_010/015_Data_010_theta_0785_bound_XYZX_x_best_010_opt_recovery.qpy,happy_ions/16-qubit-wormhole_cirq.ipynb,WH16-C-C039,53b1f35c6ba0ce91,10,,1000
WH16,wh16_2026_03_19,0785_010,boundary,XYZY,16,016_Data_010_theta_0785_bound_XYZY_x_best_010_opt_recovery.qpy,data/executed_circuits/WH16/0785_010/016_Data_010_theta_0785_bound_XYZY_x_best_010_opt_recovery.qpy,96019911c4cbbab282a06e30231135b5ddcba2f8ee000b4a1bb08235247e7cce,holography-on-ionq/Testing flow/Circuits/Data_batch/WH16_2026-03-19/Data_0785_010/016_Data_010_theta_0785_bound_XYZY_x_best_010_opt_recovery.qpy,happy_ions/16-qubit-wormhole_cirq.ipynb,WH16-C-C039,53b1f35c6ba0ce91,10,,1000
WH16,wh16_2026_03_19,0785_010,boundary,XYZZ,17,017_Data_010_theta_0785_bound_XYZZ_x_best_010_opt_recovery.qpy,data/executed_circuits/WH16/0785_010/017_Data_010_theta_0785_bound_XYZZ_x_best_010_opt_recovery.qpy,53e282c9b8e568865c2832166eabd2c773a6b833d961efbcabe931e26ce82738,holography-on-ionq/Testing flow/Circuits/Data_batch/WH16_2026-03-19/Data_0785_010/017_Data_010_theta_0785_bound_XYZZ_x_best_010_opt_recovery.qpy,happy_ions/16-qubit-wormhole_cirq.ipynb,WH16-C-C039,53b1f35c6ba0ce91,10,,1000
WH16,wh16_2026_03_19,0785_010,boundary,XZXX,18,018_Data_010_theta_0785_bound_XZXX_x_best_010_opt_recovery.qpy,data/executed_circuits/WH16/0785_010/018_Data_010_theta_0785_bound_XZXX_x_best_010_opt_recovery.qpy,5dc7eb8dcaa1bc2c8172698dcae0471b8151dd8dd62c84a64d3b7584e6a37609,holography-on-ionq/Testing flow/Circuits/Data_batch/WH16_2026-03-19/Data_0785_010/018_Data_010_theta_0785_bound_XZXX_x_best_010_opt_recovery.qpy,happy_ions/16-qubit-wormhole_cirq.ipynb,WH16-C-C039,53b1f35c6ba0ce91,10,,1000
WH16,wh16_2026_03_19,0785_010,boundary,XZXY,19,019_Data_010_theta_0785_bound_XZXY_x_best_010_opt_recovery.qpy,data/executed_circuits/WH16/0785_010/019_Data_010_theta_0785_bound_XZXY_x_best_010_opt_recovery.qpy,ffcf892889a9ecc0f584061bc2da4a19dbbfda37bbfa8e23d18938de6d78438b,holography-on-ionq/Testing flow/Circuits/Data_batch/WH16_2026-03-19/Data_0785_010/019_Data_010_theta_0785_bound_XZXY_x_best_010_opt_recovery.qpy,happy_ions/16-qubit-wormhole_cirq.ipynb,WH16-C-C039,53b1f35c6ba0ce91,10,,1000
WH16,wh16_2026_03_19,0785_010,boundary,XZXZ,20,020_Data_010_theta_0785_bound_XZXZ_x_best_010_opt_recovery.qpy,data/executed_circuits/WH16/0785_010/020_Data_010_theta_0785_bound_XZXZ_x_best_010_opt_recovery.qpy,9e534123ba341127be12af4c52047d9df244c7025582f6275914d02236b1d952,holography-on-ionq/Testing flow/Circuits/Data_batch/WH16_2026-03-19/Data_0785_010/020_Data_010_theta_0785_bound_XZXZ_x_best_010_opt_recovery.qpy,happy_ions/16-qubit-wormhole_cirq.ipynb,WH16-C-C039,53b1f35c6ba0ce91,10,,1000
WH16,wh16_2026_03_19,0785_010,boundary,XZYX,21,021_Data_010_theta_0785_bound_XZYX_x_best_010_opt_recovery.qpy,data/executed_circuits/WH16/0785_010/021_Data_010_theta_0785_bound_XZYX_x_best_010_opt_recovery.qpy,6ecd704a191f78f667754ea06c8e8b47f77c8f8bf78f032ca63d375f8167807b,holography-on-ionq/Testing flow/Circuits/Data_batch/WH16_2026-03-19/Data_0785_010/021_Data_010_theta_0785_bound_XZYX_x_best_010_opt_recovery.qpy,happy_ions/16-qubit-wormhole_cirq.ipynb,WH16-C-C039,53b1f35c6ba0ce91,10,,1000
WH16,wh16_2026_03_19,0785_010,boundary,XZYY,22,022_Data_010_theta_0785_bound_XZYY_x_best_010_opt_recovery.qpy,data/executed_circuits/WH16/0785_010/022_Data_010_theta_0785_bound_XZYY_x_best_010_opt_recovery.qpy,e9f3e45c34aae6fac19b6e2629c49296d977816281d7eaf4749f884e05d849b5,holography-on-ionq/Testing flow/Circuits/Data_batch/WH16_2026-03-19/Data_0785_010/022_Data_010_theta_0785_bound_XZYY_x_best_010_opt_recovery.qpy,happy_ions/16-qubit-wormhole_cirq.ipynb,WH16-C-C039,53b1f35c6ba0ce91,10,,1000
WH16,wh16_2026_03_19,0785_010,boundary,XZYZ,23,023_Data_010_theta_0785_bound_XZYZ_x_best_010_opt_recovery.qpy,data/executed_circuits/WH16/0785_010/023_Data_010_theta_0785_bound_XZYZ_x_best_010_opt_recovery.qpy,d524ee439dc8bf3411808e3c1625323867ea2b3569526e34e2b17ab91e49ec57,holography-on-ionq/Testing flow/Circuits/Data_batch/WH16_2026-03-19/Data_0785_010/023_Data_010_theta_0785_bound_XZYZ_x_best_010_opt_recovery.qpy,happy_ions/16-qubit-wormhole_cirq.ipynb,WH16-C-C039,53b1f35c6ba0ce91,10,,1000
WH16,wh16_2026_03_19,0785_010,boundary,XZZX,24,024_Data_010_theta_0785_bound_XZZX_x_best_010_opt_recovery.qpy,data/executed_circuits/WH16/0785_010/024_Data_010_theta_0785_bound_XZZX_x_best_010_opt_recovery.qpy,e708fbc010a6edbfe3a6467f28468700bd3ad72548b3b8a1df5da80a63532b55,holography-on-ionq/Testing flow/Circuits/Data_batch/WH16_2026-03-19/Data_0785_010/024_Data_010_theta_0785_bound_XZZX_x_best_010_opt_recovery.qpy,happy_ions/16-qubit-wormhole_cirq.ipynb,WH16-C-C039,53b1f35c6ba0ce91,10,,1000
WH16,wh16_2026_03_19,0785_010,boundary,XZZY,25,025_Data_010_theta_0785_bound_XZZY_x_best_010_opt_recovery.qpy,data/executed_circuits/WH16/0785_010/025_Data_010_theta_0785_bound_XZZY_x_best_010_opt_recovery.qpy,b9d8acef6721eb5f28f05de6304415dc8bb5401ad8e79f0c45c0d5ad92977a77,holography-on-ionq/Testing flow/Circuits/Data_batch/WH16_2026-03-19/Data_0785_010/025_Data_010_theta_0785_bound_XZZY_x_best_010_opt_recovery.qpy,happy_ions/16-qubit-wormhole_cirq.ipynb,WH16-C-C039,53b1f35c6ba0ce91,10,,1000
WH16,wh16_2026_03_19,0785_010,boundary,XZZZ,26,026_Data_010_theta_0785_bound_XZZZ_x_best_010_opt_recovery.qpy,data/executed_circuits/WH16/0785_010/026_Data_010_theta_0785_bound_XZZZ_x_best_010_opt_recovery.qpy,3000c60fc133ef7fccc8ce55740c681305ab58da154e6e9bb47ad2d9162b0bf5,holography-on-ionq/Testing flow/Circuits/Data_batch/WH16_2026-03-19/Data_0785_010/026_Data_010_theta_0785_bound_XZZZ_x_best_010_opt_recovery.qpy,happy_ions/16-qubit-wormhole_cirq.ipynb,WH16-C-C039,53b1f35c6ba0ce91,10,,1000
WH16,wh16_2026_03_19,0785_010,boundary,YXXX,27,027_Data_010_theta_0785_bound_YXXX_x_best_010_opt_recovery.qpy,data/executed_circuits/WH16/0785_010/027_Data_010_theta_0785_bound_YXXX_x_best_010_opt_recovery.qpy,a7934caf1cdbc546a7af5a81b506d92a5ab85bf20e963bebdb32e3700df0930b,holography-on-ionq/Testing flow/Circuits/Data_batch/WH16_2026-03-19/Data_0785_010/027_Data_010_theta_0785_bound_YXXX_x_best_010_opt_recovery.qpy,happy_ions/16-qubit-wormhole_cirq.ipynb,WH16-C-C039,53b1f35c6ba0ce91,10,,1000
WH16,wh16_2026_03_19,0785_010,boundary,YXXY,28,028_Data_010_theta_0785_bound_YXXY_x_best_010_opt_recovery.qpy,data/executed_circuits/WH16/0785_010/028_Data_010_theta_0785_bound_YXXY_x_best_010_opt_recovery.qpy,74c5885d3a34b2d69a90feb31ced33ed99351091411e627fe3b1922683e7d872,holography-on-ionq/Testing flow/Circuits/Data_batch/WH16_2026-03-19/Data_0785_010/028_Data_010_theta_0785_bound_YXXY_x_best_010_opt_recovery.qpy,happy_ions/16-qubit-wormhole_cirq.ipynb,WH16-C-C039,53b1f35c6ba0ce91,10,,1000
WH16,wh16_2026_03_19,0785_010,boundary,YXXZ,29,029_Data_010_theta_0785_bound_YXXZ_x_best_010_opt_recovery.qpy,data/executed_circuits/WH16/0785_010/029_Data_010_theta_0785_bound_YXXZ_x_best_010_opt_recovery.qpy,6089ea2d4b2af20acef051b9f4b5bc0ba37ed758236f3fb6fdb3b22b3f1ee8b7,holography-on-ionq/Testing flow/Circuits/Data_batch/WH16_2026-03-19/Data_0785_010/029_Data_010_theta_0785_bound_YXXZ_x_best_010_opt_recovery.qpy,happy_ions/16-qubit-wormhole_cirq.ipynb,WH16-C-C039,53b1f35c6ba0ce91,10,,1000
WH16,wh16_2026_03_19,0785_010,boundary,YXYX,30,030_Data_010_theta_0785_bound_YXYX_x_best_010_opt_recovery.qpy,data/executed_circuits/WH16/0785_010/030_Data_010_theta_0785_bound_YXYX_x_best_010_opt_recovery.qpy,c879f95b5f3a4450252b7adc629a84012199be8004ae1bfd5eb4c41affa3095e,holography-on-ionq/Testing flow/Circuits/Data_batch/WH16_2026-03-19/Data_0785_010/030_Data_010_theta_0785_bound_YXYX_x_best_010_opt_recovery.qpy,happy_ions/16-qubit-wormhole_cirq.ipynb,WH16-C-C039,53b1f35c6ba0ce91,10,,1000
WH16,wh16_2026_03_19,0785_010,boundary,YXYY,31,031_Data_010_theta_0785_bound_YXYY_x_best_010_opt_recovery.qpy,data/executed_circuits/WH16/0785_010/031_Data_010_theta_0785_bound_YXYY_x_best_010_opt_recovery.qpy,614be8b2f4645dd7ae21e9529acce6b61a7cafb6394aa3e41b6856c581e04126,holography-on-ionq/Testing flow/Circuits/Data_batch/WH16_2026-03-19/Data_0785_010/031_Data_010_theta_0785_bound_YXYY_x_best_010_opt_recovery.qpy,happy_ions/16-qubit-wormhole_cirq.ipynb,WH16-C-C039,53b1f35c6ba0ce91,10,,1000
WH16,wh16_2026_03_19,0785_010,boundary,YXYZ,32,032_Data_010_theta_0785_bound_YXYZ_x_best_010_opt_recovery.qpy,data/executed_circuits/WH16/0785_010/032_Data_010_theta_0785_bound_YXYZ_x_best_010_opt_recovery.qpy,0a35650ce19fe7e58a8d0eefb76ad29df0be071925ddc39fb1746ad4bf289005,holography-on-ionq/Testing flow/Circuits/Data_batch/WH16_2026-03-19/Data_0785_010/032_Data_010_theta_0785_bound_YXYZ_x_best_010_opt_recovery.qpy,happy_ions/16-qubit-wormhole_cirq.ipynb,WH16-C-C039,53b1f35c6ba0ce91,10,,1000
WH16,wh16_2026_03_19,0785_010,boundary,YXZX,33,033_Data_010_theta_0785_bound_YXZX_x_best_010_opt_recovery.qpy,data/executed_circuits/WH16/0785_010/033_Data_010_theta_0785_bound_YXZX_x_best_010_opt_recovery.qpy,8c7fa981daab294d937cf2bfd0ce8885f2e9543df638dc0122432b702d31fe7f,holography-on-ionq/Testing flow/Circuits/Data_batch/WH16_2026-03-19/Data_0785_010/033_Data_010_theta_0785_bound_YXZX_x_best_010_opt_recovery.qpy,happy_ions/16-qubit-wormhole_cirq.ipynb,WH16-C-C039,53b1f35c6ba0ce91,10,,1000
WH16,wh16_2026_03_19,0785_010,boundary,YXZY,34,034_Data_010_theta_0785_bound_YXZY_x_best_010_opt_recovery.qpy,data/executed_circuits/WH16/0785_010/034_Data_010_theta_0785_bound_YXZY_x_best_010_opt_recovery.qpy,299c2391078e47cde6eefa543b35a56994af3cbf545bf7a090786d0afa4d5779,holography-on-ionq/Testing flow/Circuits/Data_batch/WH16_2026-03-19/Data_0785_010/034_Data_010_theta_0785_bound_YXZY_x_best_010_opt_recovery.qpy,happy_ions/16-qubit-wormhole_cirq.ipynb,WH16-C-C039,53b1f35c6ba0ce91,10,,1000
WH16,wh16_2026_03_19,0785_010,boundary,YXZZ,35,035_Data_010_theta_0785_bound_YXZZ_x_best_010_opt_recovery.qpy,data/executed_circuits/WH16/0785_010/035_Data_010_theta_0785_bound_YXZZ_x_best_010_opt_recovery.qpy,2fb4ee0e69bec0973a238094c4fb29a950fd69f6591a2c712704c03a331b9656,holography-on-ionq/Testing flow/Circuits/Data_batch/WH16_2026-03-19/Data_0785_010/035_Data_010_theta_0785_bound_YXZZ_x_best_010_opt_recovery.qpy,happy_ions/16-qubit-wormhole_cirq.ipynb,WH16-C-C039,53b1f35c6ba0ce91,10,,1000
WH16,wh16_2026_03_19,0785_010,boundary,YYXX,36,036_Data_010_theta_0785_bound_YYXX_x_best_010_opt_recovery.qpy,data/executed_circuits/WH16/0785_010/036_Data_010_theta_0785_bound_YYXX_x_best_010_opt_recovery.qpy,b9bf1dfe13d3b644703a9f655eec5989d017f25b468bc615eb36cbef74c08ec2,holography-on-ionq/Testing flow/Circuits/Data_batch/WH16_2026-03-19/Data_0785_010/036_Data_010_theta_0785_bound_YYXX_x_best_010_opt_recovery.qpy,happy_ions/16-qubit-wormhole_cirq.ipynb,WH16-C-C039,53b1f35c6ba0ce91,10,,1000
WH16,wh16_2026_03_19,0785_010,boundary,YYXY,37,037_Data_010_theta_0785_bound_YYXY_x_best_010_opt_recovery.qpy,data/executed_circuits/WH16/0785_010/037_Data_010_theta_0785_bound_YYXY_x_best_010_opt_recovery.qpy,59b48a5ce3ae2e77afcc541f95f8324f828458e6dd205c5f97e29870bd9af1e8,holography-on-ionq/Testing flow/Circuits/Data_batch/WH16_2026-03-19/Data_0785_010/037_Data_010_theta_0785_bound_YYXY_x_best_010_opt_recovery.qpy,happy_ions/16-qubit-wormhole_cirq.ipynb,WH16-C-C039,53b1f35c6ba0ce91,10,,1000
WH16,wh16_2026_03_19,0785_010,boundary,YYXZ,38,038_Data_010_theta_0785_bound_YYXZ_x_best_010_opt_recovery.qpy,data/executed_circuits/WH16/0785_010/038_Data_010_theta_0785_bound_YYXZ_x_best_010_opt_recovery.qpy,883cf3de397df7fc54220eca13b8d96b4f463a740872c0e85c5eb9af9c211faf,holography-on-ionq/Testing flow/Circuits/Data_batch/WH16_2026-03-19/Data_0785_010/038_Data_010_theta_0785_bound_YYXZ_x_best_010_opt_recovery.qpy,happy_ions/16-qubit-wormhole_cirq.ipynb,WH16-C-C039,53b1f35c6ba0ce91,10,,1000
WH16,wh16_2026_03_19,0785_010,boundary,YYYX,39,039_Data_010_theta_0785_bound_YYYX_x_best_010_opt_recovery.qpy,data/executed_circuits/WH16/0785_010/039_Data_010_theta_0785_bound_YYYX_x_best_010_opt_recovery.qpy,a9808f1d384e48f5c1d2b6579d47964cc082d2fe8a2ed2496b28fc26bedee549,holography-on-ionq/Testing flow/Circuits/Data_batch/WH16_2026-03-19/Data_0785_010/039_Data_010_theta_0785_bound_YYYX_x_best_010_opt_recovery.qpy,happy_ions/16-qubit-wormhole_cirq.ipynb,WH16-C-C039,53b1f35c6ba0ce91,10,,1000
WH16,wh16_2026_03_19,0785_010,boundary,YYYY,40,040_Data_010_theta_0785_bound_YYYY_x_best_010_opt_recovery.qpy,data/executed_circuits/WH16/0785_010/040_Data_010_theta_0785_bound_YYYY_x_best_010_opt_recovery.qpy,1fcfddc2090dfc9fd0b90f9ba9816ee74489a1b4212ce0e62400899998fd4395,holography-on-ionq/Testing flow/Circuits/Data_batch/WH16_2026-03-19/Data_0785_010/040_Data_010_theta_0785_bound_YYYY_x_best_010_opt_recovery.qpy,happy_ions/16-qubit-wormhole_cirq.ipynb,WH16-C-C039,53b1f35c6ba0ce91,10,,1000
WH16,wh16_2026_03_19,0785_010,boundary,YYYZ,41,041_Data_010_theta_0785_bound_YYYZ_x_best_010_opt_recovery.qpy,data/executed_circuits/WH16/0785_010/041_Data_010_theta_0785_bound_YYYZ_x_best_010_opt_recovery.qpy,82cbb504252185e455f42398094e36f5bacc3663199e65e1250e985f2962966f,holography-on-ionq/Testing flow/Circuits/Data_batch/WH16_2026-03-19/Data_0785_010/041_Data_010_theta_0785_bound_YYYZ_x_best_010_opt_recovery.qpy,happy_ions/16-qubit-wormhole_cirq.ipynb,WH16-C-C039,53b1f35c6ba0ce91,10,,1000
WH16,wh16_2026_03_19,0785_010,boundary,YYZX,42,042_Data_010_theta_0785_bound_YYZX_x_best_010_opt_recovery.qpy,data/executed_circuits/WH16/0785_010/042_Data_010_theta_0785_bound_YYZX_x_best_010_opt_recovery.qpy,7294cabcb43c94edd13f78b6e5e413c2890b996eeaf477603ff595615544acfa,holography-on-ionq/Testing flow/Circuits/Data_batch/WH16_2026-03-19/Data_0785_010/042_Data_010_theta_0785_bound_YYZX_x_best_010_opt_recovery.qpy,happy_ions/16-qubit-wormhole_cirq.ipynb,WH16-C-C039,53b1f35c6ba0ce91,10,,1000
WH16,wh16_2026_03_19,0785_010,boundary,YYZY,43,043_Data_010_theta_0785_bound_YYZY_x_best_010_opt_recovery.qpy,data/executed_circuits/WH16/0785_010/043_Data_010_theta_0785_bound_YYZY_x_best_010_opt_recovery.qpy,c85345f03b5420c36bc65999a4e7c4bc74c6a48c154eb4d54f194dea7085c677,holography-on-ionq/Testing flow/Circuits/Data_batch/WH16_2026-03-19/Data_0785_010/043_Data_010_theta_0785_bound_YYZY_x_best_010_opt_recovery.qpy,happy_ions/16-qubit-wormhole_cirq.ipynb,WH16-C-C039,53b1f35c6ba0ce91,10,,1000
WH16,wh16_2026_03_19,0785_010,boundary,YYZZ,44,044_Data_010_theta_0785_bound_YYZZ_x_best_010_opt_recovery.qpy,data/executed_circuits/WH16/0785_010/044_Data_010_theta_0785_bound_YYZZ_x_best_010_opt_recovery.qpy,f80a53db8453166ae286eeb40b3dfa2a62ffa7474d8db5237f5b238eca5e867b,holography-on-ionq/Testing flow/Circuits/Data_batch/WH16_2026-03-19/Data_0785_010/044_Data_010_theta_0785_bound_YYZZ_x_best_010_opt_recovery.qpy,happy_ions/16-qubit-wormhole_cirq.ipynb,WH16-C-C039,53b1f35c6ba0ce91,10,,1000
WH16,wh16_2026_03_19,0785_010,boundary,YZXX,45,045_Data_010_theta_0785_bound_YZXX_x_best_010_opt_recovery.qpy,data/executed_circuits/WH16/0785_010/045_Data_010_theta_0785_bound_YZXX_x_best_010_opt_recovery.qpy,8718483235dd83a5abaa21158352f0118ec59f98cc718b7c2009af434228fcb8,holography-on-ionq/Testing flow/Circuits/Data_batch/WH16_2026-03-19/Data_0785_010/045_Data_010_theta_0785_bound_YZXX_x_best_010_opt_recovery.qpy,happy_ions/16-qubit-wormhole_cirq.ipynb,WH16-C-C039,53b1f35c6ba0ce91,10,,1000
WH16,wh16_2026_03_19,0785_010,boundary,YZXY,46,046_Data_010_theta_0785_bound_YZXY_x_best_010_opt_recovery.qpy,data/executed_circuits/WH16/0785_010/046_Data_010_theta_0785_bound_YZXY_x_best_010_opt_recovery.qpy,f19e00ec3e5e86bd6c2ac6313226309c66882093c27e6f65b7ce9e297e13b8ad,holography-on-ionq/Testing flow/Circuits/Data_batch/WH16_2026-03-19/Data_0785_010/046_Data_010_theta_0785_bound_YZXY_x_best_010_opt_recovery.qpy,happy_ions/16-qubit-wormhole_cirq.ipynb,WH16-C-C039,53b1f35c6ba0ce91,10,,1000
WH16,wh16_2026_03_19,0785_010,boundary,YZXZ,47,047_Data_010_theta_0785_bound_YZXZ_x_best_010_opt_recovery.qpy,data/executed_circuits/WH16/0785_010/047_Data_010_theta_0785_bound_YZXZ_x_best_010_opt_recovery.qpy,5a8290a189373f62a83627c2839a408fedc491f9304f1fbc446ea0bfd45c30ce,holography-on-ionq/Testing flow/Circuits/Data_batch/WH16_2026-03-19/Data_0785_010/047_Data_010_theta_0785_bound_YZXZ_x_best_010_opt_recovery.qpy,happy_ions/16-qubit-wormhole_cirq.ipynb,WH16-C-C039,53b1f35c6ba0ce91,10,,1000
WH16,wh16_2026_03_19,0785_010,boundary,YZYX,48,048_Data_010_theta_0785_bound_YZYX_x_best_010_opt_recovery.qpy,data/executed_circuits/WH16/0785_010/048_Data_010_theta_0785_bound_YZYX_x_best_010_opt_recovery.qpy,4f4608fee384e345ffa9b232c8fe24c1bbdee5c91885104b4764e9ec823f3a78,holography-on-ionq/Testing flow/Circuits/Data_batch/WH16_2026-03-19/Data_0785_010/048_Data_010_theta_0785_bound_YZYX_x_best_010_opt_recovery.qpy,happy_ions/16-qubit-wormhole_cirq.ipynb,WH16-C-C039,53b1f35c6ba0ce91,10,,1000
WH16,wh16_2026_03_19,0785_010,boundary,YZYY,49,049_Data_010_theta_0785_bound_YZYY_x_best_010_opt_recovery.qpy,data/executed_circuits/WH16/0785_010/049_Data_010_theta_0785_bound_YZYY_x_best_010_opt_recovery.qpy,4a4bb44b8b611c70954fca5cf58af1618def1dd9da86672f66844eb6da1f3fad,holography-on-ionq/Testing flow/Circuits/Data_batch/WH16_2026-03-19/Data_0785_010/049_Data_010_theta_0785_bound_YZYY_x_best_010_opt_recovery.qpy,happy_ions/16-qubit-wormhole_cirq.ipynb,WH16-C-C039,53b1f35c6ba0ce91,10,,1000
WH16,wh16_2026_03_19,0785_010,boundary,YZYZ,50,050_Data_010_theta_0785_bound_YZYZ_x_best_010_opt_recovery.qpy,data/executed_circuits/WH16/0785_010/050_Data_010_theta_0785_bound_YZYZ_x_best_010_opt_recovery.qpy,233c2f42d76beb4dfcea1c0f8f18d02e964f31262ba59de0cf0af72a83da95dd,holography-on-ionq/Testing flow/Circuits/Data_batch/WH16_2026-03-19/Data_0785_010/050_Data_010_theta_0785_bound_YZYZ_x_best_010_opt_recovery.qpy,happy_ions/16-qubit-wormhole_cirq.ipynb,WH16-C-C039,53b1f35c6ba0ce91,10,,1000
WH16,wh16_2026_03_19,0785_010,boundary,YZZX,51,051_Data_010_theta_0785_bound_YZZX_x_best_010_opt_recovery.qpy,data/executed_circuits/WH16/0785_010/051_Data_010_theta_0785_bound_YZZX_x_best_010_opt_recovery.qpy,f462b80b8c6fce96d2260cae3bb9af0636d2a54e3829905dddcbb4006c48d451,holography-on-ionq/Testing flow/Circuits/Data_batch/WH16_2026-03-19/Data_0785_010/051_Data_010_theta_0785_bound_YZZX_x_best_010_opt_recovery.qpy,happy_ions/16-qubit-wormhole_cirq.ipynb,WH16-C-C039,53b1f35c6ba0ce91,10,,1000
WH16,wh16_2026_03_19,0785_010,boundary,YZZY,52,052_Data_010_theta_0785_bound_YZZY_x_best_010_opt_recovery.qpy,data/executed_circuits/WH16/0785_010/052_Data_010_theta_0785_bound_YZZY_x_best_010_opt_recovery.qpy,1d7c9c27e0c060c235516c70d99fb27635101005a2d4ef27f4a9487bb64728ae,holography-on-ionq/Testing flow/Circuits/Data_batch/WH16_2026-03-19/Data_0785_010/052_Data_010_theta_0785_bound_YZZY_x_best_010_opt_recovery.qpy,happy_ions/16-qubit-wormhole_cirq.ipynb,WH16-C-C039,53b1f35c6ba0ce91,10,,1000
WH16,wh16_2026_03_19,0785_010,boundary,YZZZ,53,053_Data_010_theta_0785_bound_YZZZ_x_best_010_opt_recovery.qpy,data/executed_circuits/WH16/0785_010/053_Data_010_theta_0785_bound_YZZZ_x_best_010_opt_recovery.qpy,182f190c34fb087626a0bf4f82bbd1385505b3ce4dc317739c7841bfd86ece81,holography-on-ionq/Testing flow/Circuits/Data_batch/WH16_2026-03-19/Data_0785_010/053_Data_010_theta_0785_bound_YZZZ_x_best_010_opt_recovery.qpy,happy_ions/16-qubit-wormhole_cirq.ipynb,WH16-C-C039,53b1f35c6ba0ce91,10,,1000
WH16,wh16_2026_03_19,0785_010,boundary,ZXXX,54,054_Data_010_theta_0785_bound_ZXXX_x_best_010_opt_recovery.qpy,data/executed_circuits/WH16/0785_010/054_Data_010_theta_0785_bound_ZXXX_x_best_010_opt_recovery.qpy,49682504ba4f7b533709b9a296be7d15ffaa431e71948f874f47966a10f96624,holography-on-ionq/Testing flow/Circuits/Data_batch/WH16_2026-03-19/Data_0785_010/054_Data_010_theta_0785_bound_ZXXX_x_best_010_opt_recovery.qpy,happy_ions/16-qubit-wormhole_cirq.ipynb,WH16-C-C039,53b1f35c6ba0ce91,10,,1000
WH16,wh16_2026_03_19,0785_010,boundary,ZXXY,55,055_Data_010_theta_0785_bound_ZXXY_x_best_010_opt_recovery.qpy,data/executed_circuits/WH16/0785_010/055_Data_010_theta_0785_bound_ZXXY_x_best_010_opt_recovery.qpy,73219ef2045badf3bfeff7ae72ba0c87faa8733c94bb01ef2d84a5ec9d261423,holography-on-ionq/Testing flow/Circuits/Data_batch/WH16_2026-03-19/Data_0785_010/055_Data_010_theta_0785_bound_ZXXY_x_best_010_opt_recovery.qpy,happy_ions/16-qubit-wormhole_cirq.ipynb,WH16-C-C039,53b1f35c6ba0ce91,10,,1000
WH16,wh16_2026_03_19,0785_010,boundary,ZXXZ,56,056_Data_010_theta_0785_bound_ZXXZ_x_best_010_opt_recovery.qpy,data/executed_circuits/WH16/0785_010/056_Data_010_theta_0785_bound_ZXXZ_x_best_010_opt_recovery.qpy,83caa587a60c68fedf0cf1ce55a9386a99942969287c202c4c4765d17a9b5377,holography-on-ionq/Testing flow/Circuits/Data_batch/WH16_2026-03-19/Data_0785_010/056_Data_010_theta_0785_bound_ZXXZ_x_best_010_opt_recovery.qpy,happy_ions/16-qubit-wormhole_cirq.ipynb,WH16-C-C039,53b1f35c6ba0ce91,10,,1000
WH16,wh16_2026_03_19,0785_010,boundary,ZXYX,57,057_Data_010_theta_0785_bound_ZXYX_x_best_010_opt_recovery.qpy,data/executed_circuits/WH16/0785_010/057_Data_010_theta_0785_bound_ZXYX_x_best_010_opt_recovery.qpy,3cc244c947adeaeb712c7bf9c0456e58cbe6a37b862a38f2cebc6310cf65ab22,holography-on-ionq/Testing flow/Circuits/Data_batch/WH16_2026-03-19/Data_0785_010/057_Data_010_theta_0785_bound_ZXYX_x_best_010_opt_recovery.qpy,happy_ions/16-qubit-wormhole_cirq.ipynb,WH16-C-C039,53b1f35c6ba0ce91,10,,1000
WH16,wh16_2026_03_19,0785_010,boundary,ZXYY,58,058_Data_010_theta_0785_bound_ZXYY_x_best_010_opt_recovery.qpy,data/executed_circuits/WH16/0785_010/058_Data_010_theta_0785_bound_ZXYY_x_best_010_opt_recovery.qpy,23b5ba30940388fb7baf3bc338389f9555d62e30c85ac2c1d5f4df82e3714eec,holography-on-ionq/Testing flow/Circuits/Data_batch/WH16_2026-03-19/Data_0785_010/058_Data_010_theta_0785_bound_ZXYY_x_best_010_opt_recovery.qpy,happy_ions/16-qubit-wormhole_cirq.ipynb,WH16-C-C039,53b1f35c6ba0ce91,10,,1000
WH16,wh16_2026_03_19,0785_010,boundary,ZXYZ,59,059_Data_010_theta_0785_bound_ZXYZ_x_best_010_opt_recovery.qpy,data/executed_circuits/WH16/0785_010/059_Data_010_theta_0785_bound_ZXYZ_x_best_010_opt_recovery.qpy,658356a730b5c506868aa2e19de33a34009b3dd7edc28eff31b2cead181a12bb,holography-on-ionq/Testing flow/Circuits/Data_batch/WH16_2026-03-19/Data_0785_010/059_Data_010_theta_0785_bound_ZXYZ_x_best_010_opt_recovery.qpy,happy_ions/16-qubit-wormhole_cirq.ipynb,WH16-C-C039,53b1f35c6ba0ce91,10,,1000
WH16,wh16_2026_03_19,0785_010,boundary,ZXZX,60,060_Data_010_theta_0785_bound_ZXZX_x_best_010_opt_recovery.qpy,data/executed_circuits/WH16/0785_010/060_Data_010_theta_0785_bound_ZXZX_x_best_010_opt_recovery.qpy,5c2d0b720e9181d7e4327dd35635beb504452ccb669bc87cbc1a0df7a90c3eed,holography-on-ionq/Testing flow/Circuits/Data_batch/WH16_2026-03-19/Data_0785_010/060_Data_010_theta_0785_bound_ZXZX_x_best_010_opt_recovery.qpy,happy_ions/16-qubit-wormhole_cirq.ipynb,WH16-C-C039,53b1f35c6ba0ce91,10,,1000
WH16,wh16_2026_03_19,0785_010,boundary,ZXZY,61,061_Data_010_theta_0785_bound_ZXZY_x_best_010_opt_recovery.qpy,data/executed_circuits/WH16/0785_010/061_Data_010_theta_0785_bound_ZXZY_x_best_010_opt_recovery.qpy,62cb49256feb19d56633ed4056b28dac43ed212599490257fbf8a3835b9830bc,holography-on-ionq/Testing flow/Circuits/Data_batch/WH16_2026-03-19/Data_0785_010/061_Data_010_theta_0785_bound_ZXZY_x_best_010_opt_recovery.qpy,happy_ions/16-qubit-wormhole_cirq.ipynb,WH16-C-C039,53b1f35c6ba0ce91,10,,1000
WH16,wh16_2026_03_19,0785_010,boundary,ZXZZ,62,062_Data_010_theta_0785_bound_ZXZZ_x_best_010_opt_recovery.qpy,data/executed_circuits/WH16/0785_010/062_Data_010_theta_0785_bound_ZXZZ_x_best_010_opt_recovery.qpy,7deb9a7bd601d956df747aa1e5cac1709e61fee3a73f10766b6f97e92112e298,holography-on-ionq/Testing flow/Circuits/Data_batch/WH16_2026-03-19/Data_0785_010/062_Data_010_theta_0785_bound_ZXZZ_x_best_010_opt_recovery.qpy,happy_ions/16-qubit-wormhole_cirq.ipynb,WH16-C-C039,53b1f35c6ba0ce91,10,,1000
WH16,wh16_2026_03_19,0785_010,boundary,ZYXX,63,063_Data_010_theta_0785_bound_ZYXX_x_best_010_opt_recovery.qpy,data/executed_circuits/WH16/0785_010/063_Data_010_theta_0785_bound_ZYXX_x_best_010_opt_recovery.qpy,4cd02d608d1d5e26abef92d3db135d65d8494ddc24d50325d142ec9733ee5636,holography-on-ionq/Testing flow/Circuits/Data_batch/WH16_2026-03-19/Data_0785_010/063_Data_010_theta_0785_bound_ZYXX_x_best_010_opt_recovery.qpy,happy_ions/16-qubit-wormhole_cirq.ipynb,WH16-C-C039,53b1f35c6ba0ce91,10,,1000
WH16,wh16_2026_03_19,0785_010,boundary,ZYXY,64,064_Data_010_theta_0785_bound_ZYXY_x_best_010_opt_recovery.qpy,data/executed_circuits/WH16/0785_010/064_Data_010_theta_0785_bound_ZYXY_x_best_010_opt_recovery.qpy,bb8e3e3df8d8705dcc6e2371367a6c4882a6ffaae8eff18392807af57b7b84e5,holography-on-ionq/Testing flow/Circuits/Data_batch/WH16_2026-03-19/Data_0785_010/064_Data_010_theta_0785_bound_ZYXY_x_best_010_opt_recovery.qpy,happy_ions/16-qubit-wormhole_cirq.ipynb,WH16-C-C039,53b1f35c6ba0ce91,10,,1000
WH16,wh16_2026_03_19,0785_010,boundary,ZYXZ,65,065_Data_010_theta_0785_bound_ZYXZ_x_best_010_opt_recovery.qpy,data/executed_circuits/WH16/0785_010/065_Data_010_theta_0785_bound_ZYXZ_x_best_010_opt_recovery.qpy,6d6e3e8e13fce6624834bc4a76d27bbf293f9addbbc0b82e30cc8c7718014c51,holography-on-ionq/Testing flow/Circuits/Data_batch/WH16_2026-03-19/Data_0785_010/065_Data_010_theta_0785_bound_ZYXZ_x_best_010_opt_recovery.qpy,happy_ions/16-qubit-wormhole_cirq.ipynb,WH16-C-C039,53b1f35c6ba0ce91,10,,1000
WH16,wh16_2026_03_19,0785_010,boundary,ZYYX,66,066_Data_010_theta_0785_bound_ZYYX_x_best_010_opt_recovery.qpy,data/executed_circuits/WH16/0785_010/066_Data_010_theta_0785_bound_ZYYX_x_best_010_opt_recovery.qpy,a8f021305ccc3a0023e16afb0b3d53bfe1a5fc0126750e4dcbaae584033df3a8,holography-on-ionq/Testing flow/Circuits/Data_batch/WH16_2026-03-19/Data_0785_010/066_Data_010_theta_0785_bound_ZYYX_x_best_010_opt_recovery.qpy,happy_ions/16-qubit-wormhole_cirq.ipynb,WH16-C-C039,53b1f35c6ba0ce91,10,,1000
WH16,wh16_2026_03_19,0785_010,boundary,ZYYY,67,067_Data_010_theta_0785_bound_ZYYY_x_best_010_opt_recovery.qpy,data/executed_circuits/WH16/0785_010/067_Data_010_theta_0785_bound_ZYYY_x_best_010_opt_recovery.qpy,b3888851a602fb59d5d794686c096c1b1a45da68ee10835f49da19ae06e0f886,holography-on-ionq/Testing flow/Circuits/Data_batch/WH16_2026-03-19/Data_0785_010/067_Data_010_theta_0785_bound_ZYYY_x_best_010_opt_recovery.qpy,happy_ions/16-qubit-wormhole_cirq.ipynb,WH16-C-C039,53b1f35c6ba0ce91,10,,1000
WH16,wh16_2026_03_19,0785_010,boundary,ZYYZ,68,068_Data_010_theta_0785_bound_ZYYZ_x_best_010_opt_recovery.qpy,data/executed_circuits/WH16/0785_010/068_Data_010_theta_0785_bound_ZYYZ_x_best_010_opt_recovery.qpy,541a39558eeaa5ee9dc071a02de17c6df2e2abf98264c4e8c44aad86912feaba,holography-on-ionq/Testing flow/Circuits/Data_batch/WH16_2026-03-19/Data_0785_010/068_Data_010_theta_0785_bound_ZYYZ_x_best_010_opt_recovery.qpy,happy_ions/16-qubit-wormhole_cirq.ipynb,WH16-C-C039,53b1f35c6ba0ce91,10,,1000
WH16,wh16_2026_03_19,0785_010,boundary,ZYZX,69,069_Data_010_theta_0785_bound_ZYZX_x_best_010_opt_recovery.qpy,data/executed_circuits/WH16/0785_010/069_Data_010_theta_0785_bound_ZYZX_x_best_010_opt_recovery.qpy,ad81fa091427e6785ab9378f89500119cbed96058ee706377925c92635a7bf6c,holography-on-ionq/Testing flow/Circuits/Data_batch/WH16_2026-03-19/Data_0785_010/069_Data_010_theta_0785_bound_ZYZX_x_best_010_opt_recovery.qpy,happy_ions/16-qubit-wormhole_cirq.ipynb,WH16-C-C039,53b1f35c6ba0ce91,10,,1000
WH16,wh16_2026_03_19,0785_010,boundary,ZYZY,70,070_Data_010_theta_0785_bound_ZYZY_x_best_010_opt_recovery.qpy,data/executed_circuits/WH16/0785_010/070_Data_010_theta_0785_bound_ZYZY_x_best_010_opt_recovery.qpy,4a8e9e78e3375fc7ca0014da740c1c50db651305e6b8b5fb101ab174a7c5117a,holography-on-ionq/Testing flow/Circuits/Data_batch/WH16_2026-03-19/Data_0785_010/070_Data_010_theta_0785_bound_ZYZY_x_best_010_opt_recovery.qpy,happy_ions/16-qubit-wormhole_cirq.ipynb,WH16-C-C039,53b1f35c6ba0ce91,10,,1000
WH16,wh16_2026_03_19,0785_010,boundary,ZYZZ,71,071_Data_010_theta_0785_bound_ZYZZ_x_best_010_opt_recovery.qpy,data/executed_circuits/WH16/0785_010/071_Data_010_theta_0785_bound_ZYZZ_x_best_010_opt_recovery.qpy,60dc19d0f37424a3f6fc259dcb113fa39e182192bdce20437f9dcc0ebc56c496,holography-on-ionq/Testing flow/Circuits/Data_batch/WH16_2026-03-19/Data_0785_010/071_Data_010_theta_0785_bound_ZYZZ_x_best_010_opt_recovery.qpy,happy_ions/16-qubit-wormhole_cirq.ipynb,WH16-C-C039,53b1f35c6ba0ce91,10,,1000
WH16,wh16_2026_03_19,0785_010,boundary,ZZXX,72,072_Data_010_theta_0785_bound_ZZXX_x_best_010_opt_recovery.qpy,data/executed_circuits/WH16/0785_010/072_Data_010_theta_0785_bound_ZZXX_x_best_010_opt_recovery.qpy,29cd6169b9e5e2d0f8850f921950f055b9a633763a81fc962c1163961c2b49c7,holography-on-ionq/Testing flow/Circuits/Data_batch/WH16_2026-03-19/Data_0785_010/072_Data_010_theta_0785_bound_ZZXX_x_best_010_opt_recovery.qpy,happy_ions/16-qubit-wormhole_cirq.ipynb,WH16-C-C039,53b1f35c6ba0ce91,10,,1000
WH16,wh16_2026_03_19,0785_010,boundary,ZZXY,73,073_Data_010_theta_0785_bound_ZZXY_x_best_010_opt_recovery.qpy,data/executed_circuits/WH16/0785_010/073_Data_010_theta_0785_bound_ZZXY_x_best_010_opt_recovery.qpy,e5f3f9dec67ea84aaa279b945bec9cf83dd68d9c251d4eee9bb1cf5b25dd501e,holography-on-ionq/Testing flow/Circuits/Data_batch/WH16_2026-03-19/Data_0785_010/073_Data_010_theta_0785_bound_ZZXY_x_best_010_opt_recovery.qpy,happy_ions/16-qubit-wormhole_cirq.ipynb,WH16-C-C039,53b1f35c6ba0ce91,10,,1000
WH16,wh16_2026_03_19,0785_010,boundary,ZZXZ,74,074_Data_010_theta_0785_bound_ZZXZ_x_best_010_opt_recovery.qpy,data/executed_circuits/WH16/0785_010/074_Data_010_theta_0785_bound_ZZXZ_x_best_010_opt_recovery.qpy,53388b13e2f8388aac3c74982f1b136b93a39d317787792823335720585792fa,holography-on-ionq/Testing flow/Circuits/Data_batch/WH16_2026-03-19/Data_0785_010/074_Data_010_theta_0785_bound_ZZXZ_x_best_010_opt_recovery.qpy,happy_ions/16-qubit-wormhole_cirq.ipynb,WH16-C-C039,53b1f35c6ba0ce91,10,,1000
WH16,wh16_2026_03_19,0785_010,boundary,ZZYX,75,075_Data_010_theta_0785_bound_ZZYX_x_best_010_opt_recovery.qpy,data/executed_circuits/WH16/0785_010/075_Data_010_theta_0785_bound_ZZYX_x_best_010_opt_recovery.qpy,8b21486d22cef243e75d69acefaf69ed81d75632c2b4af2fb0772c3f1ea90cf0,holography-on-ionq/Testing flow/Circuits/Data_batch/WH16_2026-03-19/Data_0785_010/075_Data_010_theta_0785_bound_ZZYX_x_best_010_opt_recovery.qpy,happy_ions/16-qubit-wormhole_cirq.ipynb,WH16-C-C039,53b1f35c6ba0ce91,10,,1000
WH16,wh16_2026_03_19,0785_010,boundary,ZZYY,76,076_Data_010_theta_0785_bound_ZZYY_x_best_010_opt_recovery.qpy,data/executed_circuits/WH16/0785_010/076_Data_010_theta_0785_bound_ZZYY_x_best_010_opt_recovery.qpy,59d89c32a3fa08a2297438f83db44773e49b38f732e69be469c30984d0ffd203,holography-on-ionq/Testing flow/Circuits/Data_batch/WH16_2026-03-19/Data_0785_010/076_Data_010_theta_0785_bound_ZZYY_x_best_010_opt_recovery.qpy,happy_ions/16-qubit-wormhole_cirq.ipynb,WH16-C-C039,53b1f35c6ba0ce91,10,,1000
WH16,wh16_2026_03_19,0785_010,boundary,ZZYZ,77,077_Data_010_theta_0785_bound_ZZYZ_x_best_010_opt_recovery.qpy,data/executed_circuits/WH16/0785_010/077_Data_010_theta_0785_bound_ZZYZ_x_best_010_opt_recovery.qpy,84806af8ab7a498719c507fc4338742dd32ee7f911235555e8f7b0808ee438e8,holography-on-ionq/Testing flow/Circuits/Data_batch/WH16_2026-03-19/Data_0785_010/077_Data_010_theta_0785_bound_ZZYZ_x_best_010_opt_recovery.qpy,happy_ions/16-qubit-wormhole_cirq.ipynb,WH16-C-C039,53b1f35c6ba0ce91,10,,1000
WH16,wh16_2026_03_19,0785_010,boundary,ZZZX,78,078_Data_010_theta_0785_bound_ZZZX_x_best_010_opt_recovery.qpy,data/executed_circuits/WH16/0785_010/078_Data_010_theta_0785_bound_ZZZX_x_best_010_opt_recovery.qpy,cd4597d6448d1bbc4be5839a7f85cf1bafaaad90ecc8fe6623b661d3268b792b,holography-on-ionq/Testing flow/Circuits/Data_batch/WH16_2026-03-19/Data_0785_010/078_Data_010_theta_0785_bound_ZZZX_x_best_010_opt_recovery.qpy,happy_ions/16-qubit-wormhole_cirq.ipynb,WH16-C-C039,53b1f35c6ba0ce91,10,,1000
WH16,wh16_2026_03_19,0785_010,boundary,ZZZY,79,079_Data_010_theta_0785_bound_ZZZY_x_best_010_opt_recovery.qpy,data/executed_circuits/WH16/0785_010/079_Data_010_theta_0785_bound_ZZZY_x_best_010_opt_recovery.qpy,280853aa7c28e02123800791c7688af67796260210eb90c8d4b4d0db185f0e27,holography-on-ionq/Testing flow/Circuits/Data_batch/WH16_2026-03-19/Data_0785_010/079_Data_010_theta_0785_bound_ZZZY_x_best_010_opt_recovery.qpy,happy_ions/16-qubit-wormhole_cirq.ipynb,WH16-C-C039,53b1f35c6ba0ce91,10,,1000
WH16,wh16_2026_03_19,0785_010,boundary,ZZZZ,80,080_Data_010_theta_0785_bound_ZZZZ_x_best_010_opt_recovery.qpy,data/executed_circuits/WH16/0785_010/080_Data_010_theta_0785_bound_ZZZZ_x_best_010_opt_recovery.qpy,1b881fe0eb5da67790a0662a68d08153c15d0c7c6d344b6fd3ad8bd17550d6df,holography-on-ionq/Testing flow/Circuits/Data_batch/WH16_2026-03-19/Data_0785_010/080_Data_010_theta_0785_bound_ZZZZ_x_best_010_opt_recovery.qpy,happy_ions/16-qubit-wormhole_cirq.ipynb,WH16-C-C039,53b1f35c6ba0ce91,10,,1000
WH16,wh16_2026_03_19,0785_010,bulk,XXXX,81,081_Data_010_theta_0785_bound_XXXX_x_best_010_opt_recovery.qpy,data/executed_circuits/WH16/0785_010/081_Data_010_theta_0785_bound_XXXX_x_best_010_opt_recovery.qpy,d483866ccb73190d74ec996f2c8fb2d8eb5eac748e4bea8e1f93ebe05d894788,holography-on-ionq/Testing flow/Circuits/Data_batch/WH16_2026-03-19/Data_0785_010/081_Data_010_theta_0785_bound_XXXX_x_best_010_opt_recovery.qpy,happy_ions/16-qubit-wormhole_cirq.ipynb,WH16-C-C039,53b1f35c6ba0ce91,10,,1000
WH16,wh16_2026_03_19,0785_010,bulk,XXXY,82,082_Data_010_theta_0785_bound_XXXY_x_best_010_opt_recovery.qpy,data/executed_circuits/WH16/0785_010/082_Data_010_theta_0785_bound_XXXY_x_best_010_opt_recovery.qpy,3732a45deba43a217f583b88f40cdc6fd523d28d17486c644bb766c58b63e87f,holography-on-ionq/Testing flow/Circuits/Data_batch/WH16_2026-03-19/Data_0785_010/082_Data_010_theta_0785_bound_XXXY_x_best_010_opt_recovery.qpy,happy_ions/16-qubit-wormhole_cirq.ipynb,WH16-C-C039,53b1f35c6ba0ce91,10,,1000
WH16,wh16_2026_03_19,0785_010,bulk,XXXZ,83,083_Data_010_theta_0785_bound_XXXZ_x_best_010_opt_recovery.qpy,data/executed_circuits/WH16/0785_010/083_Data_010_theta_0785_bound_XXXZ_x_best_010_opt_recovery.qpy,e9d98dc3b84778244761ffd222a72c7da5135d94d1f63e6814041ee9a8acc663,holography-on-ionq/Testing flow/Circuits/Data_batch/WH16_2026-03-19/Data_0785_010/083_Data_010_theta_0785_bound_XXXZ_x_best_010_opt_recovery.qpy,happy_ions/16-qubit-wormhole_cirq.ipynb,WH16-C-C039,53b1f35c6ba0ce91,10,,1000
WH16,wh16_2026_03_19,0785_010,bulk,XXYX,84,084_Data_010_theta_0785_bound_XXYX_x_best_010_opt_recovery.qpy,data/executed_circuits/WH16/0785_010/084_Data_010_theta_0785_bound_XXYX_x_best_010_opt_recovery.qpy,f75092f100a7416166eb8c0caf9a53fdf73aa6f363d6d900e1d29f3a62a262f0,holography-on-ionq/Testing flow/Circuits/Data_batch/WH16_2026-03-19/Data_0785_010/084_Data_010_theta_0785_bound_XXYX_x_best_010_opt_recovery.qpy,happy_ions/16-qubit-wormhole_cirq.ipynb,WH16-C-C039,53b1f35c6ba0ce91,10,,1000
WH16,wh16_2026_03_19,0785_010,bulk,XXYY,85,085_Data_010_theta_0785_bound_XXYY_x_best_010_opt_recovery.qpy,data/executed_circuits/WH16/0785_010/085_Data_010_theta_0785_bound_XXYY_x_best_010_opt_recovery.qpy,377254d7f17e4328fa8ff99ec4b263465f2e2b0e9a9865eb0d758cd98006cb6a,holography-on-ionq/Testing flow/Circuits/Data_batch/WH16_2026-03-19/Data_0785_010/085_Data_010_theta_0785_bound_XXYY_x_best_010_opt_recovery.qpy,happy_ions/16-qubit-wormhole_cirq.ipynb,WH16-C-C039,53b1f35c6ba0ce91,10,,1000
WH16,wh16_2026_03_19,0785_010,bulk,XXYZ,86,086_Data_010_theta_0785_bound_XXYZ_x_best_010_opt_recovery.qpy,data/executed_circuits/WH16/0785_010/086_Data_010_theta_0785_bound_XXYZ_x_best_010_opt_recovery.qpy,7c4d9d5d2e04bd2110d138b0e2c0338df1631515ca0f0b3a90ac2ced833cc38d,holography-on-ionq/Testing flow/Circuits/Data_batch/WH16_2026-03-19/Data_0785_010/086_Data_010_theta_0785_bound_XXYZ_x_best_010_opt_recovery.qpy,happy_ions/16-qubit-wormhole_cirq.ipynb,WH16-C-C039,53b1f35c6ba0ce91,10,,1000
WH16,wh16_2026_03_19,0785_010,bulk,XXZX,87,087_Data_010_theta_0785_bound_XXZX_x_best_010_opt_recovery.qpy,data/executed_circuits/WH16/0785_010/087_Data_010_theta_0785_bound_XXZX_x_best_010_opt_recovery.qpy,1d0b02f2ee2b52c39620b01516c5eef6d2abf4d380e515eea3a3af58c5936af5,holography-on-ionq/Testing flow/Circuits/Data_batch/WH16_2026-03-19/Data_0785_010/087_Data_010_theta_0785_bound_XXZX_x_best_010_opt_recovery.qpy,happy_ions/16-qubit-wormhole_cirq.ipynb,WH16-C-C039,53b1f35c6ba0ce91,10,,1000
WH16,wh16_2026_03_19,0785_010,bulk,XXZY,88,088_Data_010_theta_0785_bound_XXZY_x_best_010_opt_recovery.qpy,data/executed_circuits/WH16/0785_010/088_Data_010_theta_0785_bound_XXZY_x_best_010_opt_recovery.qpy,773c2c370307ed09075be2e540da6023391d0e6c8c2aeaba83668d13c12cb3ba,holography-on-ionq/Testing flow/Circuits/Data_batch/WH16_2026-03-19/Data_0785_010/088_Data_010_theta_0785_bound_XXZY_x_best_010_opt_recovery.qpy,happy_ions/16-qubit-wormhole_cirq.ipynb,WH16-C-C039,53b1f35c6ba0ce91,10,,1000
WH16,wh16_2026_03_19,0785_010,bulk,XXZZ,89,089_Data_010_theta_0785_bound_XXZZ_x_best_010_opt_recovery.qpy,data/executed_circuits/WH16/0785_010/089_Data_010_theta_0785_bound_XXZZ_x_best_010_opt_recovery.qpy,4175ea66864e210c591cb5aa90d6dbff9ca9f1a1453ada42e575a3d2165cf8b0,holography-on-ionq/Testing flow/Circuits/Data_batch/WH16_2026-03-19/Data_0785_010/089_Data_010_theta_0785_bound_XXZZ_x_best_010_opt_recovery.qpy,happy_ions/16-qubit-wormhole_cirq.ipynb,WH16-C-C039,53b1f35c6ba0ce91,10,,1000
WH16,wh16_2026_03_19,0785_010,bulk,XYXX,90,090_Data_010_theta_0785_bound_XYXX_x_best_010_opt_recovery.qpy,data/executed_circuits/WH16/0785_010/090_Data_010_theta_0785_bound_XYXX_x_best_010_opt_recovery.qpy,5eb2a9e7d241747e013bae8754eaebae8069f8596bcb5d1a824b74e6f9309e4c,holography-on-ionq/Testing flow/Circuits/Data_batch/WH16_2026-03-19/Data_0785_010/090_Data_010_theta_0785_bound_XYXX_x_best_010_opt_recovery.qpy,happy_ions/16-qubit-wormhole_cirq.ipynb,WH16-C-C039,53b1f35c6ba0ce91,10,,1000
WH16,wh16_2026_03_19,0785_010,bulk,XYXY,91,091_Data_010_theta_0785_bound_XYXY_x_best_010_opt_recovery.qpy,data/executed_circuits/WH16/0785_010/091_Data_010_theta_0785_bound_XYXY_x_best_010_opt_recovery.qpy,62d158e2e2040bb1b50742db11eb13ae0911d67babf3711a8f00ff5bba0bb516,holography-on-ionq/Testing flow/Circuits/Data_batch/WH16_2026-03-19/Data_0785_010/091_Data_010_theta_0785_bound_XYXY_x_best_010_opt_recovery.qpy,happy_ions/16-qubit-wormhole_cirq.ipynb,WH16-C-C039,53b1f35c6ba0ce91,10,,1000
WH16,wh16_2026_03_19,0785_010,bulk,XYXZ,92,092_Data_010_theta_0785_bound_XYXZ_x_best_010_opt_recovery.qpy,data/executed_circuits/WH16/0785_010/092_Data_010_theta_0785_bound_XYXZ_x_best_010_opt_recovery.qpy,dd1728a2e7f27c2350af43df9d82c934e412600948cf2e0930315e38c0d714e0,holography-on-ionq/Testing flow/Circuits/Data_batch/WH16_2026-03-19/Data_0785_010/092_Data_010_theta_0785_bound_XYXZ_x_best_010_opt_recovery.qpy,happy_ions/16-qubit-wormhole_cirq.ipynb,WH16-C-C039,53b1f35c6ba0ce91,10,,1000
WH16,wh16_2026_03_19,0785_010,bulk,XYYX,93,093_Data_010_theta_0785_bound_XYYX_x_best_010_opt_recovery.qpy,data/executed_circuits/WH16/0785_010/093_Data_010_theta_0785_bound_XYYX_x_best_010_opt_recovery.qpy,11a180a9d95241c3c276682d18a4eaaabf7c8f243f24df971dfa055ce53379d4,holography-on-ionq/Testing flow/Circuits/Data_batch/WH16_2026-03-19/Data_0785_010/093_Data_010_theta_0785_bound_XYYX_x_best_010_opt_recovery.qpy,happy_ions/16-qubit-wormhole_cirq.ipynb,WH16-C-C039,53b1f35c6ba0ce91,10,,1000
WH16,wh16_2026_03_19,0785_010,bulk,XYYY,94,094_Data_010_theta_0785_bound_XYYY_x_best_010_opt_recovery.qpy,data/executed_circuits/WH16/0785_010/094_Data_010_theta_0785_bound_XYYY_x_best_010_opt_recovery.qpy,e5a0bb965fae2d7c34b7f7af1a5ec5dd42348ddfc0a6536bcae4a1f7d6ef9539,holography-on-ionq/Testing flow/Circuits/Data_batch/WH16_2026-03-19/Data_0785_010/094_Data_010_theta_0785_bound_XYYY_x_best_010_opt_recovery.qpy,happy_ions/16-qubit-wormhole_cirq.ipynb,WH16-C-C039,53b1f35c6ba0ce91,10,,1000
WH16,wh16_2026_03_19,0785_010,bulk,XYYZ,95,095_Data_010_theta_0785_bound_XYYZ_x_best_010_opt_recovery.qpy,data/executed_circuits/WH16/0785_010/095_Data_010_theta_0785_bound_XYYZ_x_best_010_opt_recovery.qpy,521cfe34217d9162e0fa2fa97d1298866bbe61644a82a2d9672e75405f98492e,holography-on-ionq/Testing flow/Circuits/Data_batch/WH16_2026-03-19/Data_0785_010/095_Data_010_theta_0785_bound_XYYZ_x_best_010_opt_recovery.qpy,happy_ions/16-qubit-wormhole_cirq.ipynb,WH16-C-C039,53b1f35c6ba0ce91,10,,1000
WH16,wh16_2026_03_19,0785_010,bulk,XYZX,96,096_Data_010_theta_0785_bound_XYZX_x_best_010_opt_recovery.qpy,data/executed_circuits/WH16/0785_010/096_Data_010_theta_0785_bound_XYZX_x_best_010_opt_recovery.qpy,2ca0a9872f8a5c89afd450542398c4efa828a2e1c536230c7c794cf8dfb1c64a,holography-on-ionq/Testing flow/Circuits/Data_batch/WH16_2026-03-19/Data_0785_010/096_Data_010_theta_0785_bound_XYZX_x_best_010_opt_recovery.qpy,happy_ions/16-qubit-wormhole_cirq.ipynb,WH16-C-C039,53b1f35c6ba0ce91,10,,1000
WH16,wh16_2026_03_19,0785_010,bulk,XYZY,97,097_Data_010_theta_0785_bound_XYZY_x_best_010_opt_recovery.qpy,data/executed_circuits/WH16/0785_010/097_Data_010_theta_0785_bound_XYZY_x_best_010_opt_recovery.qpy,17c253c2313e0a8bf968a6019f0d5cb52894006acc25748b9b8f49e826c36057,holography-on-ionq/Testing flow/Circuits/Data_batch/WH16_2026-03-19/Data_0785_010/097_Data_010_theta_0785_bound_XYZY_x_best_010_opt_recovery.qpy,happy_ions/16-qubit-wormhole_cirq.ipynb,WH16-C-C039,53b1f35c6ba0ce91,10,,1000
WH16,wh16_2026_03_19,0785_010,bulk,XYZZ,98,098_Data_010_theta_0785_bound_XYZZ_x_best_010_opt_recovery.qpy,data/executed_circuits/WH16/0785_010/098_Data_010_theta_0785_bound_XYZZ_x_best_010_opt_recovery.qpy,eade54c6bc20f1c52921db622f5e3935695284709f76a43c8e49d9eedd453a2f,holography-on-ionq/Testing flow/Circuits/Data_batch/WH16_2026-03-19/Data_0785_010/098_Data_010_theta_0785_bound_XYZZ_x_best_010_opt_recovery.qpy,happy_ions/16-qubit-wormhole_cirq.ipynb,WH16-C-C039,53b1f35c6ba0ce91,10,,1000
WH16,wh16_2026_03_19,0785_010,bulk,XZXX,99,099_Data_010_theta_0785_bound_XZXX_x_best_010_opt_recovery.qpy,data/executed_circuits/WH16/0785_010/099_Data_010_theta_0785_bound_XZXX_x_best_010_opt_recovery.qpy,9c4e2de1f47ee13ce940586f43afd968fbf593944062c4da09cbbdd0a8a0360d,holography-on-ionq/Testing flow/Circuits/Data_batch/WH16_2026-03-19/Data_0785_010/099_Data_010_theta_0785_bound_XZXX_x_best_010_opt_recovery.qpy,happy_ions/16-qubit-wormhole_cirq.ipynb,WH16-C-C039,53b1f35c6ba0ce91,10,,1000
WH16,wh16_2026_03_19,0785_010,bulk,XZXY,100,100_Data_010_theta_0785_bound_XZXY_x_best_010_opt_recovery.qpy,data/executed_circuits/WH16/0785_010/100_Data_010_theta_0785_bound_XZXY_x_best_010_opt_recovery.qpy,fbe7061f090e54eadb099017a86ae591c59540234d4d8a7e78986830fe761a63,holography-on-ionq/Testing flow/Circuits/Data_batch/WH16_2026-03-19/Data_0785_010/100_Data_010_theta_0785_bound_XZXY_x_best_010_opt_recovery.qpy,happy_ions/16-qubit-wormhole_cirq.ipynb,WH16-C-C039,53b1f35c6ba0ce91,10,,1000
WH16,wh16_2026_03_19,0785_010,bulk,XZXZ,101,101_Data_010_theta_0785_bound_XZXZ_x_best_010_opt_recovery.qpy,data/executed_circuits/WH16/0785_010/101_Data_010_theta_0785_bound_XZXZ_x_best_010_opt_recovery.qpy,d2d4f3f497e0f0dbeede1aa7dcc59034600f08131b056535f9e554937a1f2ad9,holography-on-ionq/Testing flow/Circuits/Data_batch/WH16_2026-03-19/Data_0785_010/101_Data_010_theta_0785_bound_XZXZ_x_best_010_opt_recovery.qpy,happy_ions/16-qubit-wormhole_cirq.ipynb,WH16-C-C039,53b1f35c6ba0ce91,10,,1000
WH16,wh16_2026_03_19,0785_010,bulk,XZYX,102,102_Data_010_theta_0785_bound_XZYX_x_best_010_opt_recovery.qpy,data/executed_circuits/WH16/0785_010/102_Data_010_theta_0785_bound_XZYX_x_best_010_opt_recovery.qpy,9136b26480a98dc1e48b2ce41bc64d331997d0ed6e71b7b36921343057ec4c38,holography-on-ionq/Testing flow/Circuits/Data_batch/WH16_2026-03-19/Data_0785_010/102_Data_010_theta_0785_bound_XZYX_x_best_010_opt_recovery.qpy,happy_ions/16-qubit-wormhole_cirq.ipynb,WH16-C-C039,53b1f35c6ba0ce91,10,,1000
WH16,wh16_2026_03_19,0785_010,bulk,XZYY,103,103_Data_010_theta_0785_bound_XZYY_x_best_010_opt_recovery.qpy,data/executed_circuits/WH16/0785_010/103_Data_010_theta_0785_bound_XZYY_x_best_010_opt_recovery.qpy,d5e60c477aab09179ddd3fc6e27ea613b066e7821c125b19411fd2a2c4227217,holography-on-ionq/Testing flow/Circuits/Data_batch/WH16_2026-03-19/Data_0785_010/103_Data_010_theta_0785_bound_XZYY_x_best_010_opt_recovery.qpy,happy_ions/16-qubit-wormhole_cirq.ipynb,WH16-C-C039,53b1f35c6ba0ce91,10,,1000
WH16,wh16_2026_03_19,0785_010,bulk,XZYZ,104,104_Data_010_theta_0785_bound_XZYZ_x_best_010_opt_recovery.qpy,data/executed_circuits/WH16/0785_010/104_Data_010_theta_0785_bound_XZYZ_x_best_010_opt_recovery.qpy,a2188899bd13c6bf38483fb1b22adecffbcf0d3ffc05d3deda2c1fff6d0a00fa,holography-on-ionq/Testing flow/Circuits/Data_batch/WH16_2026-03-19/Data_0785_010/104_Data_010_theta_0785_bound_XZYZ_x_best_010_opt_recovery.qpy,happy_ions/16-qubit-wormhole_cirq.ipynb,WH16-C-C039,53b1f35c6ba0ce91,10,,1000
WH16,wh16_2026_03_19,0785_010,bulk,XZZX,105,105_Data_010_theta_0785_bound_XZZX_x_best_010_opt_recovery.qpy,data/executed_circuits/WH16/0785_010/105_Data_010_theta_0785_bound_XZZX_x_best_010_opt_recovery.qpy,9f9543e300f53cc83da43dc61016a953a8494a17f9b80e402f4a6778c0b03ee4,holography-on-ionq/Testing flow/Circuits/Data_batch/WH16_2026-03-19/Data_0785_010/105_Data_010_theta_0785_bound_XZZX_x_best_010_opt_recovery.qpy,happy_ions/16-qubit-wormhole_cirq.ipynb,WH16-C-C039,53b1f35c6ba0ce91,10,,1000
WH16,wh16_2026_03_19,0785_010,bulk,XZZY,106,106_Data_010_theta_0785_bound_XZZY_x_best_010_opt_recovery.qpy,data/executed_circuits/WH16/0785_010/106_Data_010_theta_0785_bound_XZZY_x_best_010_opt_recovery.qpy,fd4d706a52f8f1f34c8b7a2c3a96acc273653d5ab1b28f750cf0740bfd5dd280,holography-on-ionq/Testing flow/Circuits/Data_batch/WH16_2026-03-19/Data_0785_010/106_Data_010_theta_0785_bound_XZZY_x_best_010_opt_recovery.qpy,happy_ions/16-qubit-wormhole_cirq.ipynb,WH16-C-C039,53b1f35c6ba0ce91,10,,1000
WH16,wh16_2026_03_19,0785_010,bulk,XZZZ,107,107_Data_010_theta_0785_bound_XZZZ_x_best_010_opt_recovery.qpy,data/executed_circuits/WH16/0785_010/107_Data_010_theta_0785_bound_XZZZ_x_best_010_opt_recovery.qpy,d691fa5cb9a088d326e7cdea0b2b7342308f9a29d0561669416d79502b925e68,holography-on-ionq/Testing flow/Circuits/Data_batch/WH16_2026-03-19/Data_0785_010/107_Data_010_theta_0785_bound_XZZZ_x_best_010_opt_recovery.qpy,happy_ions/16-qubit-wormhole_cirq.ipynb,WH16-C-C039,53b1f35c6ba0ce91,10,,1000
WH16,wh16_2026_03_19,0785_010,bulk,YXXX,108,108_Data_010_theta_0785_bound_YXXX_x_best_010_opt_recovery.qpy,data/executed_circuits/WH16/0785_010/108_Data_010_theta_0785_bound_YXXX_x_best_010_opt_recovery.qpy,dd6d0f7e94a78abee3d79416f742873625ed09a99fe73010e45a57192ba69b20,holography-on-ionq/Testing flow/Circuits/Data_batch/WH16_2026-03-19/Data_0785_010/108_Data_010_theta_0785_bound_YXXX_x_best_010_opt_recovery.qpy,happy_ions/16-qubit-wormhole_cirq.ipynb,WH16-C-C039,53b1f35c6ba0ce91,10,,1000
WH16,wh16_2026_03_19,0785_010,bulk,YXXY,109,109_Data_010_theta_0785_bound_YXXY_x_best_010_opt_recovery.qpy,data/executed_circuits/WH16/0785_010/109_Data_010_theta_0785_bound_YXXY_x_best_010_opt_recovery.qpy,9f2f513dbf9fca437a373d03b529918d98d24f5b80a5e87b4560072b4b0e6d6a,holography-on-ionq/Testing flow/Circuits/Data_batch/WH16_2026-03-19/Data_0785_010/109_Data_010_theta_0785_bound_YXXY_x_best_010_opt_recovery.qpy,happy_ions/16-qubit-wormhole_cirq.ipynb,WH16-C-C039,53b1f35c6ba0ce91,10,,1000
WH16,wh16_2026_03_19,0785_010,bulk,YXXZ,110,110_Data_010_theta_0785_bound_YXXZ_x_best_010_opt_recovery.qpy,data/executed_circuits/WH16/0785_010/110_Data_010_theta_0785_bound_YXXZ_x_best_010_opt_recovery.qpy,83f5d2ee62c8c66fdb6a6d98432ba803f2a67754575a38e1fddd10ab1f060b88,holography-on-ionq/Testing flow/Circuits/Data_batch/WH16_2026-03-19/Data_0785_010/110_Data_010_theta_0785_bound_YXXZ_x_best_010_opt_recovery.qpy,happy_ions/16-qubit-wormhole_cirq.ipynb,WH16-C-C039,53b1f35c6ba0ce91,10,,1000
WH16,wh16_2026_03_19,0785_010,bulk,YXYX,111,111_Data_010_theta_0785_bound_YXYX_x_best_010_opt_recovery.qpy,data/executed_circuits/WH16/0785_010/111_Data_010_theta_0785_bound_YXYX_x_best_010_opt_recovery.qpy,2d36fac84cc0af653ec9b7f920e05173c03ec94f09a246dae3720624eea720a6,holography-on-ionq/Testing flow/Circuits/Data_batch/WH16_2026-03-19/Data_0785_010/111_Data_010_theta_0785_bound_YXYX_x_best_010_opt_recovery.qpy,happy_ions/16-qubit-wormhole_cirq.ipynb,WH16-C-C039,53b1f35c6ba0ce91,10,,1000
WH16,wh16_2026_03_19,0785_010,bulk,YXYY,112,112_Data_010_theta_0785_bound_YXYY_x_best_010_opt_recovery.qpy,data/executed_circuits/WH16/0785_010/112_Data_010_theta_0785_bound_YXYY_x_best_010_opt_recovery.qpy,f887ab9a8325bfedd2881be55e0a52355387f68ba92fe006bd0c58c271fa65d5,holography-on-ionq/Testing flow/Circuits/Data_batch/WH16_2026-03-19/Data_0785_010/112_Data_010_theta_0785_bound_YXYY_x_best_010_opt_recovery.qpy,happy_ions/16-qubit-wormhole_cirq.ipynb,WH16-C-C039,53b1f35c6ba0ce91,10,,1000
WH16,wh16_2026_03_19,0785_010,bulk,YXYZ,113,113_Data_010_theta_0785_bound_YXYZ_x_best_010_opt_recovery.qpy,data/executed_circuits/WH16/0785_010/113_Data_010_theta_0785_bound_YXYZ_x_best_010_opt_recovery.qpy,c59d96f1d8cb9dc8e202b700ec0646a3a17206034013e519407d02f79dac7422,holography-on-ionq/Testing flow/Circuits/Data_batch/WH16_2026-03-19/Data_0785_010/113_Data_010_theta_0785_bound_YXYZ_x_best_010_opt_recovery.qpy,happy_ions/16-qubit-wormhole_cirq.ipynb,WH16-C-C039,53b1f35c6ba0ce91,10,,1000
WH16,wh16_2026_03_19,0785_010,bulk,YXZX,114,114_Data_010_theta_0785_bound_YXZX_x_best_010_opt_recovery.qpy,data/executed_circuits/WH16/0785_010/114_Data_010_theta_0785_bound_YXZX_x_best_010_opt_recovery.qpy,e2fb73a7a118a10c250ea40cda6c026cd2f3be965f1e50264f3a5c45d5d0c7dd,holography-on-ionq/Testing flow/Circuits/Data_batch/WH16_2026-03-19/Data_0785_010/114_Data_010_theta_0785_bound_YXZX_x_best_010_opt_recovery.qpy,happy_ions/16-qubit-wormhole_cirq.ipynb,WH16-C-C039,53b1f35c6ba0ce91,10,,1000
WH16,wh16_2026_03_19,0785_010,bulk,YXZY,115,115_Data_010_theta_0785_bound_YXZY_x_best_010_opt_recovery.qpy,data/executed_circuits/WH16/0785_010/115_Data_010_theta_0785_bound_YXZY_x_best_010_opt_recovery.qpy,fef924fdd63f74a4055473380eb32db353ab0759344514db20fc250ab9352fe9,holography-on-ionq/Testing flow/Circuits/Data_batch/WH16_2026-03-19/Data_0785_010/115_Data_010_theta_0785_bound_YXZY_x_best_010_opt_recovery.qpy,happy_ions/16-qubit-wormhole_cirq.ipynb,WH16-C-C039,53b1f35c6ba0ce91,10,,1000
WH16,wh16_2026_03_19,0785_010,bulk,YXZZ,116,116_Data_010_theta_0785_bound_YXZZ_x_best_010_opt_recovery.qpy,data/executed_circuits/WH16/0785_010/116_Data_010_theta_0785_bound_YXZZ_x_best_010_opt_recovery.qpy,1d85da3c02d3b6994b5535ad18a83daefb76e0d5ce8cbbe64c14239cecf95e96,holography-on-ionq/Testing flow/Circuits/Data_batch/WH16_2026-03-19/Data_0785_010/116_Data_010_theta_0785_bound_YXZZ_x_best_010_opt_recovery.qpy,happy_ions/16-qubit-wormhole_cirq.ipynb,WH16-C-C039,53b1f35c6ba0ce91,10,,1000
WH16,wh16_2026_03_19,0785_010,bulk,YYXX,117,117_Data_010_theta_0785_bound_YYXX_x_best_010_opt_recovery.qpy,data/executed_circuits/WH16/0785_010/117_Data_010_theta_0785_bound_YYXX_x_best_010_opt_recovery.qpy,d5788c5e7a89d521e56bd6e33e4ba77963262250f7dabb20ce2005e61285820c,holography-on-ionq/Testing flow/Circuits/Data_batch/WH16_2026-03-19/Data_0785_010/117_Data_010_theta_0785_bound_YYXX_x_best_010_opt_recovery.qpy,happy_ions/16-qubit-wormhole_cirq.ipynb,WH16-C-C039,53b1f35c6ba0ce91,10,,1000
WH16,wh16_2026_03_19,0785_010,bulk,YYXY,118,118_Data_010_theta_0785_bound_YYXY_x_best_010_opt_recovery.qpy,data/executed_circuits/WH16/0785_010/118_Data_010_theta_0785_bound_YYXY_x_best_010_opt_recovery.qpy,d7a1bb31d3d44e3ef34cdb5523d277633cea7ce473bebaa2eaa4994101037c31,holography-on-ionq/Testing flow/Circuits/Data_batch/WH16_2026-03-19/Data_0785_010/118_Data_010_theta_0785_bound_YYXY_x_best_010_opt_recovery.qpy,happy_ions/16-qubit-wormhole_cirq.ipynb,WH16-C-C039,53b1f35c6ba0ce91,10,,1000
WH16,wh16_2026_03_19,0785_010,bulk,YYXZ,119,119_Data_010_theta_0785_bound_YYXZ_x_best_010_opt_recovery.qpy,data/executed_circuits/WH16/0785_010/119_Data_010_theta_0785_bound_YYXZ_x_best_010_opt_recovery.qpy,ed22b9b51918b83d1686284133a4d56e2d2107852835ba01051521075a43e129,holography-on-ionq/Testing flow/Circuits/Data_batch/WH16_2026-03-19/Data_0785_010/119_Data_010_theta_0785_bound_YYXZ_x_best_010_opt_recovery.qpy,happy_ions/16-qubit-wormhole_cirq.ipynb,WH16-C-C039,53b1f35c6ba0ce91,10,,1000
WH16,wh16_2026_03_19,0785_010,bulk,YYYX,120,120_Data_010_theta_0785_bound_YYYX_x_best_010_opt_recovery.qpy,data/executed_circuits/WH16/0785_010/120_Data_010_theta_0785_bound_YYYX_x_best_010_opt_recovery.qpy,0238e3095e039005c86579491c5b7b250419eddb2ad26c63b7b097aeac1bd05e,holography-on-ionq/Testing flow/Circuits/Data_batch/WH16_2026-03-19/Data_0785_010/120_Data_010_theta_0785_bound_YYYX_x_best_010_opt_recovery.qpy,happy_ions/16-qubit-wormhole_cirq.ipynb,WH16-C-C039,53b1f35c6ba0ce91,10,,1000
WH16,wh16_2026_03_19,0785_010,bulk,YYYY,121,121_Data_010_theta_0785_bound_YYYY_x_best_010_opt_recovery.qpy,data/executed_circuits/WH16/0785_010/121_Data_010_theta_0785_bound_YYYY_x_best_010_opt_recovery.qpy,ded733f1eb059e826b59c38a610011719f933d5715bf22f9ad858b410e26c30a,holography-on-ionq/Testing flow/Circuits/Data_batch/WH16_2026-03-19/Data_0785_010/121_Data_010_theta_0785_bound_YYYY_x_best_010_opt_recovery.qpy,happy_ions/16-qubit-wormhole_cirq.ipynb,WH16-C-C039,53b1f35c6ba0ce91,10,,1000
WH16,wh16_2026_03_19,0785_010,bulk,YYYZ,122,122_Data_010_theta_0785_bound_YYYZ_x_best_010_opt_recovery.qpy,data/executed_circuits/WH16/0785_010/122_Data_010_theta_0785_bound_YYYZ_x_best_010_opt_recovery.qpy,a5c0f076600a694bc9ef9971cbde53d66967c5ff3e1172fe8dc7c6d450272a6b,holography-on-ionq/Testing flow/Circuits/Data_batch/WH16_2026-03-19/Data_0785_010/122_Data_010_theta_0785_bound_YYYZ_x_best_010_opt_recovery.qpy,happy_ions/16-qubit-wormhole_cirq.ipynb,WH16-C-C039,53b1f35c6ba0ce91,10,,1000
WH16,wh16_2026_03_19,0785_010,bulk,YYZX,123,123_Data_010_theta_0785_bound_YYZX_x_best_010_opt_recovery.qpy,data/executed_circuits/WH16/0785_010/123_Data_010_theta_0785_bound_YYZX_x_best_010_opt_recovery.qpy,97e926dade8b74736d0a190c5853343633a488cb89ea1216d3c9d6fa3fe3e830,holography-on-ionq/Testing flow/Circuits/Data_batch/WH16_2026-03-19/Data_0785_010/123_Data_010_theta_0785_bound_YYZX_x_best_010_opt_recovery.qpy,happy_ions/16-qubit-wormhole_cirq.ipynb,WH16-C-C039,53b1f35c6ba0ce91,10,,1000
WH16,wh16_2026_03_19,0785_010,bulk,YYZY,124,124_Data_010_theta_0785_bound_YYZY_x_best_010_opt_recovery.qpy,data/executed_circuits/WH16/0785_010/124_Data_010_theta_0785_bound_YYZY_x_best_010_opt_recovery.qpy,22dc4cb56024c76cd22738f9a956a473006bc8ae3de3c0327aac19aaa6b94898,holography-on-ionq/Testing flow/Circuits/Data_batch/WH16_2026-03-19/Data_0785_010/124_Data_010_theta_0785_bound_YYZY_x_best_010_opt_recovery.qpy,happy_ions/16-qubit-wormhole_cirq.ipynb,WH16-C-C039,53b1f35c6ba0ce91,10,,1000
WH16,wh16_2026_03_19,0785_010,bulk,YYZZ,125,125_Data_010_theta_0785_bound_YYZZ_x_best_010_opt_recovery.qpy,data/executed_circuits/WH16/0785_010/125_Data_010_theta_0785_bound_YYZZ_x_best_010_opt_recovery.qpy,97b45ca5b8d65c8fe15dd02c0fc4311eabed5b4ce0da608275d8ca0960cedaab,holography-on-ionq/Testing flow/Circuits/Data_batch/WH16_2026-03-19/Data_0785_010/125_Data_010_theta_0785_bound_YYZZ_x_best_010_opt_recovery.qpy,happy_ions/16-qubit-wormhole_cirq.ipynb,WH16-C-C039,53b1f35c6ba0ce91,10,,1000
WH16,wh16_2026_03_19,0785_010,bulk,YZXX,126,126_Data_010_theta_0785_bound_YZXX_x_best_010_opt_recovery.qpy,data/executed_circuits/WH16/0785_010/126_Data_010_theta_0785_bound_YZXX_x_best_010_opt_recovery.qpy,e1150a8db8755f8b376d6ad79ec974dae4fb5e6adec43d5c0289a63e81127c7f,holography-on-ionq/Testing flow/Circuits/Data_batch/WH16_2026-03-19/Data_0785_010/126_Data_010_theta_0785_bound_YZXX_x_best_010_opt_recovery.qpy,happy_ions/16-qubit-wormhole_cirq.ipynb,WH16-C-C039,53b1f35c6ba0ce91,10,,1000
WH16,wh16_2026_03_19,0785_010,bulk,YZXY,127,127_Data_010_theta_0785_bound_YZXY_x_best_010_opt_recovery.qpy,data/executed_circuits/WH16/0785_010/127_Data_010_theta_0785_bound_YZXY_x_best_010_opt_recovery.qpy,40827b3c4857ba659ce7fb74a7b419fda76768f37b3b8587f4167e77393fe150,holography-on-ionq/Testing flow/Circuits/Data_batch/WH16_2026-03-19/Data_0785_010/127_Data_010_theta_0785_bound_YZXY_x_best_010_opt_recovery.qpy,happy_ions/16-qubit-wormhole_cirq.ipynb,WH16-C-C039,53b1f35c6ba0ce91,10,,1000
WH16,wh16_2026_03_19,0785_010,bulk,YZXZ,128,128_Data_010_theta_0785_bound_YZXZ_x_best_010_opt_recovery.qpy,data/executed_circuits/WH16/0785_010/128_Data_010_theta_0785_bound_YZXZ_x_best_010_opt_recovery.qpy,af6f9c70171cefbfdc8ac77f43d8ae4d05f388bdbbbfb570627424472ff3fa6a,holography-on-ionq/Testing flow/Circuits/Data_batch/WH16_2026-03-19/Data_0785_010/128_Data_010_theta_0785_bound_YZXZ_x_best_010_opt_recovery.qpy,happy_ions/16-qubit-wormhole_cirq.ipynb,WH16-C-C039,53b1f35c6ba0ce91,10,,1000
WH16,wh16_2026_03_19,0785_010,bulk,YZYX,129,129_Data_010_theta_0785_bound_YZYX_x_best_010_opt_recovery.qpy,data/executed_circuits/WH16/0785_010/129_Data_010_theta_0785_bound_YZYX_x_best_010_opt_recovery.qpy,cdf4f02065697616c9713e8378f38eb5c759d1de72ce2290e6130701cee221fb,holography-on-ionq/Testing flow/Circuits/Data_batch/WH16_2026-03-19/Data_0785_010/129_Data_010_theta_0785_bound_YZYX_x_best_010_opt_recovery.qpy,happy_ions/16-qubit-wormhole_cirq.ipynb,WH16-C-C039,53b1f35c6ba0ce91,10,,1000
WH16,wh16_2026_03_19,0785_010,bulk,YZYY,130,130_Data_010_theta_0785_bound_YZYY_x_best_010_opt_recovery.qpy,data/executed_circuits/WH16/0785_010/130_Data_010_theta_0785_bound_YZYY_x_best_010_opt_recovery.qpy,f2f03d51bd5def168dafe7cdb0d8032bfeb59d5841b2c6d28a7f6172ae41eb4e,holography-on-ionq/Testing flow/Circuits/Data_batch/WH16_2026-03-19/Data_0785_010/130_Data_010_theta_0785_bound_YZYY_x_best_010_opt_recovery.qpy,happy_ions/16-qubit-wormhole_cirq.ipynb,WH16-C-C039,53b1f35c6ba0ce91,10,,1000
WH16,wh16_2026_03_19,0785_010,bulk,YZYZ,131,131_Data_010_theta_0785_bound_YZYZ_x_best_010_opt_recovery.qpy,data/executed_circuits/WH16/0785_010/131_Data_010_theta_0785_bound_YZYZ_x_best_010_opt_recovery.qpy,62af2d0cb94cade6f3386b41388df763d3149980a17e6ef5b81eb76bb617cb03,holography-on-ionq/Testing flow/Circuits/Data_batch/WH16_2026-03-19/Data_0785_010/131_Data_010_theta_0785_bound_YZYZ_x_best_010_opt_recovery.qpy,happy_ions/16-qubit-wormhole_cirq.ipynb,WH16-C-C039,53b1f35c6ba0ce91,10,,1000
WH16,wh16_2026_03_19,0785_010,bulk,YZZX,132,132_Data_010_theta_0785_bound_YZZX_x_best_010_opt_recovery.qpy,data/executed_circuits/WH16/0785_010/132_Data_010_theta_0785_bound_YZZX_x_best_010_opt_recovery.qpy,10b6abf615dab19037b399adb2043c0a5f6dcf7149209c268769ef0e13fdaa7a,holography-on-ionq/Testing flow/Circuits/Data_batch/WH16_2026-03-19/Data_0785_010/132_Data_010_theta_0785_bound_YZZX_x_best_010_opt_recovery.qpy,happy_ions/16-qubit-wormhole_cirq.ipynb,WH16-C-C039,53b1f35c6ba0ce91,10,,1000
WH16,wh16_2026_03_19,0785_010,bulk,YZZY,133,133_Data_010_theta_0785_bound_YZZY_x_best_010_opt_recovery.qpy,data/executed_circuits/WH16/0785_010/133_Data_010_theta_0785_bound_YZZY_x_best_010_opt_recovery.qpy,8036c2bc349c43996c876507e3b9e02a32f770545c77a4b8c626f6ddd26c5b3b,holography-on-ionq/Testing flow/Circuits/Data_batch/WH16_2026-03-19/Data_0785_010/133_Data_010_theta_0785_bound_YZZY_x_best_010_opt_recovery.qpy,happy_ions/16-qubit-wormhole_cirq.ipynb,WH16-C-C039,53b1f35c6ba0ce91,10,,1000
WH16,wh16_2026_03_19,0785_010,bulk,YZZZ,134,134_Data_010_theta_0785_bound_YZZZ_x_best_010_opt_recovery.qpy,data/executed_circuits/WH16/0785_010/134_Data_010_theta_0785_bound_YZZZ_x_best_010_opt_recovery.qpy,de0ef2de320f037d0d31f2d712cb8b94e14c909937df55333a80e72c27bd2104,holography-on-ionq/Testing flow/Circuits/Data_batch/WH16_2026-03-19/Data_0785_010/134_Data_010_theta_0785_bound_YZZZ_x_best_010_opt_recovery.qpy,happy_ions/16-qubit-wormhole_cirq.ipynb,WH16-C-C039,53b1f35c6ba0ce91,10,,1000
WH16,wh16_2026_03_19,0785_010,bulk,ZXXX,135,135_Data_010_theta_0785_bound_ZXXX_x_best_010_opt_recovery.qpy,data/executed_circuits/WH16/0785_010/135_Data_010_theta_0785_bound_ZXXX_x_best_010_opt_recovery.qpy,0c539dcb18661d1095672004c8be21ebf6f2f31cb0d95a7b092e46fca81621dc,holography-on-ionq/Testing flow/Circuits/Data_batch/WH16_2026-03-19/Data_0785_010/135_Data_010_theta_0785_bound_ZXXX_x_best_010_opt_recovery.qpy,happy_ions/16-qubit-wormhole_cirq.ipynb,WH16-C-C039,53b1f35c6ba0ce91,10,,1000
WH16,wh16_2026_03_19,0785_010,bulk,ZXXY,136,136_Data_010_theta_0785_bound_ZXXY_x_best_010_opt_recovery.qpy,data/executed_circuits/WH16/0785_010/136_Data_010_theta_0785_bound_ZXXY_x_best_010_opt_recovery.qpy,234632eb354ef0568072c87757b6d0b5e4bed6cc623b5121565d376e06d523fb,holography-on-ionq/Testing flow/Circuits/Data_batch/WH16_2026-03-19/Data_0785_010/136_Data_010_theta_0785_bound_ZXXY_x_best_010_opt_recovery.qpy,happy_ions/16-qubit-wormhole_cirq.ipynb,WH16-C-C039,53b1f35c6ba0ce91,10,,1000
WH16,wh16_2026_03_19,0785_010,bulk,ZXXZ,137,137_Data_010_theta_0785_bound_ZXXZ_x_best_010_opt_recovery.qpy,data/executed_circuits/WH16/0785_010/137_Data_010_theta_0785_bound_ZXXZ_x_best_010_opt_recovery.qpy,00484afc2af6bf0ce2d73c66d31c5f6490edfc730284287012918ac74fc41b98,holography-on-ionq/Testing flow/Circuits/Data_batch/WH16_2026-03-19/Data_0785_010/137_Data_010_theta_0785_bound_ZXXZ_x_best_010_opt_recovery.qpy,happy_ions/16-qubit-wormhole_cirq.ipynb,WH16-C-C039,53b1f35c6ba0ce91,10,,1000
WH16,wh16_2026_03_19,0785_010,bulk,ZXYX,138,138_Data_010_theta_0785_bound_ZXYX_x_best_010_opt_recovery.qpy,data/executed_circuits/WH16/0785_010/138_Data_010_theta_0785_bound_ZXYX_x_best_010_opt_recovery.qpy,62642d219d46c8b53feecbad7348a5c1f3eaa0bfe68664bd0ca124c9bb492640,holography-on-ionq/Testing flow/Circuits/Data_batch/WH16_2026-03-19/Data_0785_010/138_Data_010_theta_0785_bound_ZXYX_x_best_010_opt_recovery.qpy,happy_ions/16-qubit-wormhole_cirq.ipynb,WH16-C-C039,53b1f35c6ba0ce91,10,,1000
WH16,wh16_2026_03_19,0785_010,bulk,ZXYY,139,139_Data_010_theta_0785_bound_ZXYY_x_best_010_opt_recovery.qpy,data/executed_circuits/WH16/0785_010/139_Data_010_theta_0785_bound_ZXYY_x_best_010_opt_recovery.qpy,e6fbb2d3529d0e282526ac50875351e684e972eba8a2ae7dd261adea779347a2,holography-on-ionq/Testing flow/Circuits/Data_batch/WH16_2026-03-19/Data_0785_010/139_Data_010_theta_0785_bound_ZXYY_x_best_010_opt_recovery.qpy,happy_ions/16-qubit-wormhole_cirq.ipynb,WH16-C-C039,53b1f35c6ba0ce91,10,,1000
WH16,wh16_2026_03_19,0785_010,bulk,ZXYZ,140,140_Data_010_theta_0785_bound_ZXYZ_x_best_010_opt_recovery.qpy,data/executed_circuits/WH16/0785_010/140_Data_010_theta_0785_bound_ZXYZ_x_best_010_opt_recovery.qpy,8a72d23f5fecfa2aa3813dbadfb004b8a9664c7ad7e92c7c078178956d15bf32,holography-on-ionq/Testing flow/Circuits/Data_batch/WH16_2026-03-19/Data_0785_010/140_Data_010_theta_0785_bound_ZXYZ_x_best_010_opt_recovery.qpy,happy_ions/16-qubit-wormhole_cirq.ipynb,WH16-C-C039,53b1f35c6ba0ce91,10,,1000
WH16,wh16_2026_03_19,0785_010,bulk,ZXZX,141,141_Data_010_theta_0785_bound_ZXZX_x_best_010_opt_recovery.qpy,data/executed_circuits/WH16/0785_010/141_Data_010_theta_0785_bound_ZXZX_x_best_010_opt_recovery.qpy,d2863cb37938506a73af8facef1ee62c4176c3a5d1c9228cc8a93369824a58e4,holography-on-ionq/Testing flow/Circuits/Data_batch/WH16_2026-03-19/Data_0785_010/141_Data_010_theta_0785_bound_ZXZX_x_best_010_opt_recovery.qpy,happy_ions/16-qubit-wormhole_cirq.ipynb,WH16-C-C039,53b1f35c6ba0ce91,10,,1000
WH16,wh16_2026_03_19,0785_010,bulk,ZXZY,142,142_Data_010_theta_0785_bound_ZXZY_x_best_010_opt_recovery.qpy,data/executed_circuits/WH16/0785_010/142_Data_010_theta_0785_bound_ZXZY_x_best_010_opt_recovery.qpy,47ce1b00c839b5ee843181146fc44c1be7bebd168259e835e7b59b41717a3fa5,holography-on-ionq/Testing flow/Circuits/Data_batch/WH16_2026-03-19/Data_0785_010/142_Data_010_theta_0785_bound_ZXZY_x_best_010_opt_recovery.qpy,happy_ions/16-qubit-wormhole_cirq.ipynb,WH16-C-C039,53b1f35c6ba0ce91,10,,1000
WH16,wh16_2026_03_19,0785_010,bulk,ZXZZ,143,143_Data_010_theta_0785_bound_ZXZZ_x_best_010_opt_recovery.qpy,data/executed_circuits/WH16/0785_010/143_Data_010_theta_0785_bound_ZXZZ_x_best_010_opt_recovery.qpy,2e02b276c90ddc42b73db93b36c1caf5fdfb3d1fe066a9afd2f5c9cacb507509,holography-on-ionq/Testing flow/Circuits/Data_batch/WH16_2026-03-19/Data_0785_010/143_Data_010_theta_0785_bound_ZXZZ_x_best_010_opt_recovery.qpy,happy_ions/16-qubit-wormhole_cirq.ipynb,WH16-C-C039,53b1f35c6ba0ce91,10,,1000
WH16,wh16_2026_03_19,0785_010,bulk,ZYXX,144,144_Data_010_theta_0785_bound_ZYXX_x_best_010_opt_recovery.qpy,data/executed_circuits/WH16/0785_010/144_Data_010_theta_0785_bound_ZYXX_x_best_010_opt_recovery.qpy,aad93a53f07ff5e2e21b490f60c679740865e1f1a830ef5ad1ddd9938402959d,holography-on-ionq/Testing flow/Circuits/Data_batch/WH16_2026-03-19/Data_0785_010/144_Data_010_theta_0785_bound_ZYXX_x_best_010_opt_recovery.qpy,happy_ions/16-qubit-wormhole_cirq.ipynb,WH16-C-C039,53b1f35c6ba0ce91,10,,1000
WH16,wh16_2026_03_19,0785_010,bulk,ZYXY,145,145_Data_010_theta_0785_bound_ZYXY_x_best_010_opt_recovery.qpy,data/executed_circuits/WH16/0785_010/145_Data_010_theta_0785_bound_ZYXY_x_best_010_opt_recovery.qpy,2a9f2260e5edef27a6bde8b70cff41755a75ff3f0c57c2f04a7c149040ebfb4c,holography-on-ionq/Testing flow/Circuits/Data_batch/WH16_2026-03-19/Data_0785_010/145_Data_010_theta_0785_bound_ZYXY_x_best_010_opt_recovery.qpy,happy_ions/16-qubit-wormhole_cirq.ipynb,WH16-C-C039,53b1f35c6ba0ce91,10,,1000
WH16,wh16_2026_03_19,0785_010,bulk,ZYXZ,146,146_Data_010_theta_0785_bound_ZYXZ_x_best_010_opt_recovery.qpy,data/executed_circuits/WH16/0785_010/146_Data_010_theta_0785_bound_ZYXZ_x_best_010_opt_recovery.qpy,b1cead4e05b5146674b39c6685c3ad3dcefcbb03d1c7921631f4903244a5c1c5,holography-on-ionq/Testing flow/Circuits/Data_batch/WH16_2026-03-19/Data_0785_010/146_Data_010_theta_0785_bound_ZYXZ_x_best_010_opt_recovery.qpy,happy_ions/16-qubit-wormhole_cirq.ipynb,WH16-C-C039,53b1f35c6ba0ce91,10,,1000
WH16,wh16_2026_03_19,0785_010,bulk,ZYYX,147,147_Data_010_theta_0785_bound_ZYYX_x_best_010_opt_recovery.qpy,data/executed_circuits/WH16/0785_010/147_Data_010_theta_0785_bound_ZYYX_x_best_010_opt_recovery.qpy,d1261033853d676a259b1c3d0b3a797c1ec34af43588857fd41c2bcbc6fd6348,holography-on-ionq/Testing flow/Circuits/Data_batch/WH16_2026-03-19/Data_0785_010/147_Data_010_theta_0785_bound_ZYYX_x_best_010_opt_recovery.qpy,happy_ions/16-qubit-wormhole_cirq.ipynb,WH16-C-C039,53b1f35c6ba0ce91,10,,1000
WH16,wh16_2026_03_19,0785_010,bulk,ZYYY,148,148_Data_010_theta_0785_bound_ZYYY_x_best_010_opt_recovery.qpy,data/executed_circuits/WH16/0785_010/148_Data_010_theta_0785_bound_ZYYY_x_best_010_opt_recovery.qpy,e4dbb1b4c985e07a465cca09b7e6647205fa3b0d43a084e6dd71507f63ca8c5b,holography-on-ionq/Testing flow/Circuits/Data_batch/WH16_2026-03-19/Data_0785_010/148_Data_010_theta_0785_bound_ZYYY_x_best_010_opt_recovery.qpy,happy_ions/16-qubit-wormhole_cirq.ipynb,WH16-C-C039,53b1f35c6ba0ce91,10,,1000
WH16,wh16_2026_03_19,0785_010,bulk,ZYYZ,149,149_Data_010_theta_0785_bound_ZYYZ_x_best_010_opt_recovery.qpy,data/executed_circuits/WH16/0785_010/149_Data_010_theta_0785_bound_ZYYZ_x_best_010_opt_recovery.qpy,848853d230ab30f2f0431c0e9cdc9855b2624656eaa4fb634d0712d8be287c31,holography-on-ionq/Testing flow/Circuits/Data_batch/WH16_2026-03-19/Data_0785_010/149_Data_010_theta_0785_bound_ZYYZ_x_best_010_opt_recovery.qpy,happy_ions/16-qubit-wormhole_cirq.ipynb,WH16-C-C039,53b1f35c6ba0ce91,10,,1000
WH16,wh16_2026_03_19,0785_010,bulk,ZYZX,150,150_Data_010_theta_0785_bound_ZYZX_x_best_010_opt_recovery.qpy,data/executed_circuits/WH16/0785_010/150_Data_010_theta_0785_bound_ZYZX_x_best_010_opt_recovery.qpy,b6ff07df05931a8e06049d5ef49486f9d8767569629aaee7d510ad974567a44a,holography-on-ionq/Testing flow/Circuits/Data_batch/WH16_2026-03-19/Data_0785_010/150_Data_010_theta_0785_bound_ZYZX_x_best_010_opt_recovery.qpy,happy_ions/16-qubit-wormhole_cirq.ipynb,WH16-C-C039,53b1f35c6ba0ce91,10,,1000
WH16,wh16_2026_03_19,0785_010,bulk,ZYZY,151,151_Data_010_theta_0785_bound_ZYZY_x_best_010_opt_recovery.qpy,data/executed_circuits/WH16/0785_010/151_Data_010_theta_0785_bound_ZYZY_x_best_010_opt_recovery.qpy,f12c440525d3a74ad6de70bcb3e56cc1838312bd2e76303838b8cd90a582cd30,holography-on-ionq/Testing flow/Circuits/Data_batch/WH16_2026-03-19/Data_0785_010/151_Data_010_theta_0785_bound_ZYZY_x_best_010_opt_recovery.qpy,happy_ions/16-qubit-wormhole_cirq.ipynb,WH16-C-C039,53b1f35c6ba0ce91,10,,1000
WH16,wh16_2026_03_19,0785_010,bulk,ZYZZ,152,152_Data_010_theta_0785_bound_ZYZZ_x_best_010_opt_recovery.qpy,data/executed_circuits/WH16/0785_010/152_Data_010_theta_0785_bound_ZYZZ_x_best_010_opt_recovery.qpy,b57c6b657ca1dc9ee7f1e656e20b879b38e2cc8a0d57c2c4fb91d7bbed727128,holography-on-ionq/Testing flow/Circuits/Data_batch/WH16_2026-03-19/Data_0785_010/152_Data_010_theta_0785_bound_ZYZZ_x_best_010_opt_recovery.qpy,happy_ions/16-qubit-wormhole_cirq.ipynb,WH16-C-C039,53b1f35c6ba0ce91,10,,1000
WH16,wh16_2026_03_19,0785_010,bulk,ZZXX,153,153_Data_010_theta_0785_bound_ZZXX_x_best_010_opt_recovery.qpy,data/executed_circuits/WH16/0785_010/153_Data_010_theta_0785_bound_ZZXX_x_best_010_opt_recovery.qpy,4d10ba493fedf9e861c4e078a8cbc9240e2f0d5b10a458f5401ee8b9a1104999,holography-on-ionq/Testing flow/Circuits/Data_batch/WH16_2026-03-19/Data_0785_010/153_Data_010_theta_0785_bound_ZZXX_x_best_010_opt_recovery.qpy,happy_ions/16-qubit-wormhole_cirq.ipynb,WH16-C-C039,53b1f35c6ba0ce91,10,,1000
WH16,wh16_2026_03_19,0785_010,bulk,ZZXY,154,154_Data_010_theta_0785_bound_ZZXY_x_best_010_opt_recovery.qpy,data/executed_circuits/WH16/0785_010/154_Data_010_theta_0785_bound_ZZXY_x_best_010_opt_recovery.qpy,a79816b9f508e88ea61b68d2b1dfe4753df69926cf887cd0a2900f3b8661815b,holography-on-ionq/Testing flow/Circuits/Data_batch/WH16_2026-03-19/Data_0785_010/154_Data_010_theta_0785_bound_ZZXY_x_best_010_opt_recovery.qpy,happy_ions/16-qubit-wormhole_cirq.ipynb,WH16-C-C039,53b1f35c6ba0ce91,10,,1000
WH16,wh16_2026_03_19,0785_010,bulk,ZZXZ,155,155_Data_010_theta_0785_bound_ZZXZ_x_best_010_opt_recovery.qpy,data/executed_circuits/WH16/0785_010/155_Data_010_theta_0785_bound_ZZXZ_x_best_010_opt_recovery.qpy,a1643c8b862c0cc63a9e2f8788fbf38f761e067e0454f0aad6add910aed46b5a,holography-on-ionq/Testing flow/Circuits/Data_batch/WH16_2026-03-19/Data_0785_010/155_Data_010_theta_0785_bound_ZZXZ_x_best_010_opt_recovery.qpy,happy_ions/16-qubit-wormhole_cirq.ipynb,WH16-C-C039,53b1f35c6ba0ce91,10,,1000
WH16,wh16_2026_03_19,0785_010,bulk,ZZYX,156,156_Data_010_theta_0785_bound_ZZYX_x_best_010_opt_recovery.qpy,data/executed_circuits/WH16/0785_010/156_Data_010_theta_0785_bound_ZZYX_x_best_010_opt_recovery.qpy,400f6cad6ce089cbca7442d50f9b5d1aced3f5adeaf229f2352c967dc325541d,holography-on-ionq/Testing flow/Circuits/Data_batch/WH16_2026-03-19/Data_0785_010/156_Data_010_theta_0785_bound_ZZYX_x_best_010_opt_recovery.qpy,happy_ions/16-qubit-wormhole_cirq.ipynb,WH16-C-C039,53b1f35c6ba0ce91,10,,1000
WH16,wh16_2026_03_19,0785_010,bulk,ZZYY,157,157_Data_010_theta_0785_bound_ZZYY_x_best_010_opt_recovery.qpy,data/executed_circuits/WH16/0785_010/157_Data_010_theta_0785_bound_ZZYY_x_best_010_opt_recovery.qpy,52525fdc66a7a18bd9649dbe7b259ae1c2161ce900c8a44d14550ebd216c3272,holography-on-ionq/Testing flow/Circuits/Data_batch/WH16_2026-03-19/Data_0785_010/157_Data_010_theta_0785_bound_ZZYY_x_best_010_opt_recovery.qpy,happy_ions/16-qubit-wormhole_cirq.ipynb,WH16-C-C039,53b1f35c6ba0ce91,10,,1000
WH16,wh16_2026_03_19,0785_010,bulk,ZZYZ,158,158_Data_010_theta_0785_bound_ZZYZ_x_best_010_opt_recovery.qpy,data/executed_circuits/WH16/0785_010/158_Data_010_theta_0785_bound_ZZYZ_x_best_010_opt_recovery.qpy,99b841e29b42d91d825b72c33b99594dab484ab6567f46dfe1ca2ad40560b28b,holography-on-ionq/Testing flow/Circuits/Data_batch/WH16_2026-03-19/Data_0785_010/158_Data_010_theta_0785_bound_ZZYZ_x_best_010_opt_recovery.qpy,happy_ions/16-qubit-wormhole_cirq.ipynb,WH16-C-C039,53b1f35c6ba0ce91,10,,1000
WH16,wh16_2026_03_19,0785_010,bulk,ZZZX,159,159_Data_010_theta_0785_bound_ZZZX_x_best_010_opt_recovery.qpy,data/executed_circuits/WH16/0785_010/159_Data_010_theta_0785_bound_ZZZX_x_best_010_opt_recovery.qpy,270ebce02560273b76f8ee7bb5755d3d98e338b1f7c775b688265c7f873e41b2,holography-on-ionq/Testing flow/Circuits/Data_batch/WH16_2026-03-19/Data_0785_010/159_Data_010_theta_0785_bound_ZZZX_x_best_010_opt_recovery.qpy,happy_ions/16-qubit-wormhole_cirq.ipynb,WH16-C-C039,53b1f35c6ba0ce91,10,,1000
WH16,wh16_2026_03_19,0785_010,bulk,ZZZY,160,160_Data_010_theta_0785_bound_ZZZY_x_best_010_opt_recovery.qpy,data/executed_circuits/WH16/0785_010/160_Data_010_theta_0785_bound_ZZZY_x_best_010_opt_recovery.qpy,3623cb5487316452986b1f144bde7fd888d8eca1619c36868ba5103eb44f3481,holography-on-ionq/Testing flow/Circuits/Data_batch/WH16_2026-03-19/Data_0785_010/160_Data_010_theta_0785_bound_ZZZY_x_best_010_opt_recovery.qpy,happy_ions/16-qubit-wormhole_cirq.ipynb,WH16-C-C039,53b1f35c6ba0ce91,10,,1000
WH16,wh16_2026_03_19,0785_010,bulk,ZZZZ,161,161_Data_010_theta_0785_bound_ZZZZ_x_best_010_opt_recovery.qpy,data/executed_circuits/WH16/0785_010/161_Data_010_theta_0785_bound_ZZZZ_x_best_010_opt_recovery.qpy,5a2bf21a56c8e6db3d9d3d2cc772815c760e4dc040646ab8c2e320023f2562b9,holography-on-ionq/Testing flow/Circuits/Data_batch/WH16_2026-03-19/Data_0785_010/161_Data_010_theta_0785_bound_ZZZZ_x_best_010_opt_recovery.qpy,happy_ions/16-qubit-wormhole_cirq.ipynb,WH16-C-C039,53b1f35c6ba0ce91,10,,1000
